Lights1 monteman_Pants_lights = gdSPDefLights1(
	0x6A, 0x32, 0x5D,
	0xD6, 0x6B, 0xBD, 0x28, 0x28, 0x28);

Lights1 monteman_Skin_lights = gdSPDefLights1(
	0x43, 0x2D, 0xF,
	0x8C, 0x63, 0x29, 0x28, 0x28, 0x28);

Lights1 monteman_Shirt_lights = gdSPDefLights1(
	0x7F, 0x7F, 0x7F,
	0xFF, 0xFF, 0xFF, 0x28, 0x28, 0x28);

Lights1 monteman_Hairtest_layer1_lights = gdSPDefLights1(
	0x1C, 0x6, 0x2,
	0x42, 0x18, 0x8, 0x28, 0x28, 0x28);

Lights1 monteman_Leafs_lights = gdSPDefLights1(
	0xE, 0x5F, 0xE,
	0x28, 0xC2, 0x28, 0x28, 0x28, 0x28);

Lights1 monteman_Trunk_lights = gdSPDefLights1(
	0x7F, 0x71, 0x3E,
	0xFF, 0xE3, 0x82, 0x28, 0x28, 0x28);

Lights1 monteman_Mask_lights = gdSPDefLights1(
	0x6A, 0x32, 0x5D,
	0xD6, 0x6B, 0xBD, 0x28, 0x28, 0x28);

Lights1 monteman_Eyes_layer2_lights = gdSPDefLights1(
	0x0, 0x0, 0x0,
	0x0, 0x0, 0x0, 0x28, 0x28, 0x28);

Lights1 monteman_Mouth_layer2_lights = gdSPDefLights1(
	0x0, 0x0, 0x0,
	0x0, 0x0, 0x0, 0x28, 0x28, 0x28);

Lights1 monteman_Hair_Tuff_layer2_lights = gdSPDefLights1(
	0x1C, 0x6, 0x2,
	0x42, 0x18, 0x8, 0x28, 0x28, 0x28);

Lights1 monteman_Eyebrow_layer2_lights = gdSPDefLights1(
	0x1C, 0x6, 0x2,
	0x42, 0x18, 0x8, 0x28, 0x28, 0x28);

Lights1 monteman_Mask_Eye_Mask_lights = gdSPDefLights1(
	0x6A, 0x32, 0x5D,
	0xD6, 0x6B, 0xBD, 0x28, 0x28, 0x28);

Lights1 monteman_BunnyHood_lights = gdSPDefLights1(
	0x7F, 0x7F, 0x7F,
	0xFF, 0xFF, 0xFF, 0x28, 0x28, 0x28);

Lights1 monteman_Gloves_lights = gdSPDefLights1(
	0x6A, 0x32, 0x5D,
	0xD6, 0x6B, 0xBD, 0x28, 0x28, 0x28);

Lights1 monteman_Shadow_lights = gdSPDefLights1(
	0x6C, 0x31, 0x5E,
	0xD9, 0x69, 0xBF, 0x28, 0x28, 0x28);

Lights1 monteman_Shoes_lights = gdSPDefLights1(
	0x6A, 0x32, 0x5D,
	0xD6, 0x6B, 0xBD, 0x28, 0x28, 0x28);

Lights1 monteman_Monte_Metal_lights = gdSPDefLights1(
	0x7F, 0x7F, 0x7F,
	0xFF, 0xFF, 0xFF, 0x28, 0x28, 0x28);

Lights1 monteman_Metal_Wing_Base__METAL__lights = gdSPDefLights1(
	0x7F, 0x7F, 0x7F,
	0x0, 0x0, 0x0, 0x28, 0x28, 0x28);

Lights1 monteman_Metal_Wing_Tip__METAL__lights = gdSPDefLights1(
	0x7F, 0x7F, 0x7F,
	0x0, 0x0, 0x0, 0x28, 0x28, 0x28);

Lights1 monteman_Mouth_Open_layer1_lights = gdSPDefLights1(
	0x7F, 0x7F, 0x7F,
	0xFF, 0xFF, 0xFF, 0x28, 0x28, 0x28);

Lights1 monteman_Mouth_Open_layer2_lights = gdSPDefLights1(
	0x7F, 0x7F, 0x7F,
	0xFF, 0xFF, 0xFF, 0x28, 0x28, 0x28);

Lights1 monteman_Mouth_Open_layer4_lights = gdSPDefLights1(
	0x7F, 0x7F, 0x7F,
	0xFF, 0xFF, 0xFF, 0x28, 0x28, 0x28);

Lights1 monteman_Left_Eyes__SKIN__lights = gdSPDefLights1(
	0x7F, 0x5F, 0x39,
	0xFE, 0xC1, 0x79, 0x28, 0x28, 0x28);

Lights1 monteman_Right_Eyes__SKIN__lights = gdSPDefLights1(
	0x7F, 0x5F, 0x39,
	0xFE, 0xC1, 0x79, 0x28, 0x28, 0x28);

Lights1 monteman_Up_Eyes__SKIN__lights = gdSPDefLights1(
	0x7F, 0x5F, 0x39,
	0xFE, 0xC1, 0x79, 0x28, 0x28, 0x28);

Lights1 monteman_Down_Eyes__SKIN__lights = gdSPDefLights1(
	0x7F, 0x5F, 0x39,
	0xFE, 0xC1, 0x79, 0x28, 0x28, 0x28);

Lights1 monteman_f3dlite_material_003_layer1_lights = gdSPDefLights1(
	0x0, 0x0, 0x0,
	0x0, 0x0, 0x0, 0x28, 0x28, 0x28);

Lights1 monteman_f3dlite_material_003_layer2_lights = gdSPDefLights1(
	0x0, 0x0, 0x0,
	0x0, 0x0, 0x0, 0x28, 0x28, 0x28);

Lights1 monteman_f3dlite_material_003_layer4_lights = gdSPDefLights1(
	0x0, 0x0, 0x0,
	0x0, 0x0, 0x0, 0x28, 0x28, 0x28);

Lights1 monteman_Half_Closed_Eyes__SKIN__lights = gdSPDefLights1(
	0x7F, 0x5F, 0x39,
	0xFE, 0xC1, 0x79, 0x28, 0x28, 0x28);

Lights1 monteman_Closed_Eyes__SKIN__lights = gdSPDefLights1(
	0x7F, 0x5F, 0x39,
	0xFE, 0xC1, 0x79, 0x28, 0x28, 0x28);

Lights1 monteman_Dead_Eyes__SKIN__lights = gdSPDefLights1(
	0x7F, 0x5F, 0x39,
	0xFE, 0xC1, 0x79, 0x28, 0x28, 0x28);

Lights1 monteman_Hairtest_layer5_lights = gdSPDefLights1(
	0x1C, 0x6, 0x2,
	0x42, 0x18, 0x8, 0x28, 0x28, 0x28);

Lights1 monteman_Eyes_layer5_lights = gdSPDefLights1(
	0x0, 0x0, 0x0,
	0x0, 0x0, 0x0, 0x28, 0x28, 0x28);

Lights1 monteman_Mouth_layer5_lights = gdSPDefLights1(
	0x0, 0x0, 0x0,
	0x0, 0x0, 0x0, 0x28, 0x28, 0x28);

Lights1 monteman_Hair_Tuff_layer5_lights = gdSPDefLights1(
	0x1C, 0x6, 0x2,
	0x42, 0x18, 0x8, 0x28, 0x28, 0x28);

Lights1 monteman_Eyebrow_layer5_lights = gdSPDefLights1(
	0x1C, 0x6, 0x2,
	0x42, 0x18, 0x8, 0x28, 0x28, 0x28);

Lights1 monteman_Mouth_Open_layer5_lights = gdSPDefLights1(
	0x7F, 0x7F, 0x7F,
	0xFF, 0xFF, 0xFF, 0x28, 0x28, 0x28);

Lights1 monteman_f3dlite_material_003_layer5_lights = gdSPDefLights1(
	0x0, 0x0, 0x0,
	0x0, 0x0, 0x0, 0x28, 0x28, 0x28);

Texture monteman_object_mm_000970_Tex_ci8_tlut_gRunningManTLUT_ci4[] = {
	0x00, 0x00, 0x00, 0x00, 0x00, 0x10, 0x01, 0x00, 
	0x00, 0x20, 0x02, 0x00, 0x02, 0x22, 0x22, 0x20, 
	0x02, 0x22, 0x22, 0x20, 0x00, 0x20, 0x02, 0x20, 
	0x00, 0x00, 0x02, 0x00, 0x00, 0x00, 0x00, 0x00, 
	
};

Texture monteman_object_mm_000970_Tex_ci8_tlut_gRunningManTLUT_pal_rgba16[] = {
	0xe6, 0xb5, 0xdf, 0xbd, 0xff, 0xff, 
};

Texture monteman_palm_ci4[] = {
	0x00, 0x00, 0x11, 0x11, 0x00, 0x00, 0x11, 0x11, 
	
};

Texture monteman_palm_pal_rgba16[] = {
	0xff, 0xff, 0xc4, 0xef, 
};

Texture monteman_object_mm_0009B0_Tex_ci8_tlut_gRunningManTLUT_ia8[] = {
	0xd0, 0xd0, 0xd0, 0xd0, 0xd0, 0xd0, 0xd0, 0xd0, 
	0xd0, 0xd0, 0x09, 0x07, 0x05, 0x02, 0x01, 0xd0, 
	0xd0, 0x0d, 0x08, 0x03, 0xd0, 0xe0, 0xd0, 0xd0, 
	0xd0, 0x0c, 0x0b, 0x0a, 0x03, 0xd0, 0xd0, 0xd0, 
	0xd0, 0x0b, 0x0b, 0x06, 0x05, 0x02, 0xd0, 0xd0, 
	0xd0, 0x08, 0x0b, 0x00, 0x00, 0x02, 0x00, 0xd0, 
	0xd0, 0x03, 0x08, 0x02, 0xe0, 0xd0, 0xd0, 0xd0, 
	0xd0, 0xd0, 0xd0, 0xd0, 0xd0, 0xd0, 0xd0, 0xd0, 
	
};

Texture monteman_object_mm_000A30_Tex_ci8_tlut_gRunningManTLUT_ia8[] = {
	0xf0, 0xf0, 0xf0, 0xf0, 0xf0, 0xf0, 0xf0, 0xf0, 
	0xf0, 0xf0, 0xf0, 0xf0, 0xf0, 0xf0, 0xf0, 0xf0, 
	0xf0, 0xf0, 0xf0, 0xf0, 0xf0, 0xf0, 0xf0, 0xf0, 
	0xf0, 0xf0, 0xf0, 0xf0, 0xf0, 0xf0, 0xf0, 0xf0, 
	0xf0, 0x00, 0x00, 0x00, 0xf0, 0xf0, 0xf0, 0xf0, 
	0xf0, 0xf0, 0xf0, 0xf0, 0xf0, 0xf0, 0x00, 0xf0, 
	0xf0, 0x01, 0x01, 0x01, 0x02, 0x03, 0x03, 0x04, 
	0x04, 0x04, 0x03, 0x03, 0x02, 0x01, 0xf0, 0xf0, 
	0xf0, 0x01, 0x02, 0x03, 0x04, 0x04, 0x04, 0x05, 
	0x05, 0x04, 0x05, 0x04, 0x03, 0x02, 0x01, 0xf0, 
	0xf0, 0x01, 0x04, 0x06, 0x09, 0x0c, 0x0d, 0x0f, 
	0x0f, 0x0f, 0x0e, 0x0c, 0x0a, 0x06, 0x03, 0xf0, 
	0xf0, 0x02, 0x08, 0x0c, 0x0f, 0x0f, 0x0f, 0x0f, 
	0x0f, 0x0f, 0x0e, 0x0e, 0x0e, 0x0c, 0x05, 0xf0, 
	0xf0, 0x02, 0x0c, 0x0f, 0x0f, 0x0f, 0x0e, 0x0e, 
	0x0e, 0x0e, 0x0f, 0x0f, 0x0f, 0x0f, 0x07, 0xf0, 
	0xf0, 0x02, 0x08, 0x0d, 0x0f, 0x0f, 0x0f, 0x0f, 
	0x0f, 0x0f, 0x0f, 0x0f, 0x0e, 0x0c, 0x05, 0xf0, 
	0xf0, 0x02, 0x03, 0x08, 0x0a, 0x0c, 0x0e, 0x0e, 
	0x0e, 0x0e, 0x0e, 0x0d, 0x0a, 0x07, 0xf0, 0xf0, 
	0xf0, 0x01, 0x02, 0x02, 0x03, 0x03, 0x03, 0x03, 
	0x03, 0x03, 0x03, 0x03, 0x03, 0x01, 0xf0, 0xf0, 
	0xf0, 0xf0, 0xf0, 0x00, 0x00, 0x01, 0x01, 0x01, 
	0x01, 0x01, 0x01, 0x01, 0x01, 0x00, 0xf0, 0xf0, 
	0xf0, 0xf0, 0xf0, 0xf0, 0xf0, 0xf0, 0xf0, 0xf0, 
	0xf0, 0xf0, 0xf0, 0xf0, 0xf0, 0xf0, 0xf0, 0xf0, 
	0xf0, 0xf0, 0xf0, 0xf0, 0xf0, 0xf0, 0xf0, 0xf0, 
	0xf0, 0xf0, 0xf0, 0xf0, 0xf0, 0xf0, 0xf0, 0xf0, 
	0xf0, 0xf0, 0xf0, 0xf0, 0xf0, 0xf0, 0xf0, 0xf0, 
	0xf0, 0xf0, 0xf0, 0xf0, 0xf0, 0xf0, 0xf0, 0xf0, 
	0xf0, 0xf0, 0xf0, 0xf0, 0xf0, 0xf0, 0xf0, 0xf0, 
	0xf0, 0xf0, 0xf0, 0xf0, 0xf0, 0xf0, 0xf0, 0xf0, 
	
};

Texture monteman_gRunningManMouthClosedTex_ci8_tlut_gRunningManTLUT_rgba32[] = {
	0xff, 0xff, 0xff, 0x02, 0xff, 0xff, 0xff, 0x02, 
	0xff, 0xff, 0xff, 0x02, 0xff, 0xff, 0xff, 0x02, 
	0xff, 0xff, 0xff, 0x02, 0xff, 0xff, 0xff, 0x02, 
	0xff, 0xff, 0xff, 0x02, 0xff, 0xff, 0xff, 0x02, 
	0xff, 0xff, 0xff, 0x02, 0xff, 0xff, 0xff, 0x02, 
	0xff, 0xff, 0xff, 0x02, 0xff, 0xff, 0xff, 0x02, 
	0xff, 0xff, 0xff, 0x02, 0xff, 0xff, 0xff, 0x02, 
	0xff, 0xff, 0xff, 0x02, 0xff, 0xff, 0xff, 0x02, 
	0xff, 0xff, 0xff, 0x02, 0xff, 0xff, 0xff, 0x02, 
	0xff, 0xff, 0xff, 0x02, 0xff, 0xff, 0xff, 0x02, 
	0xff, 0xff, 0xff, 0x02, 0xff, 0xff, 0xff, 0x02, 
	0xff, 0xff, 0xff, 0x02, 0xff, 0xff, 0xff, 0x02, 
	0xff, 0xff, 0xff, 0x02, 0xff, 0xff, 0xff, 0x02, 
	0xff, 0xff, 0xff, 0x02, 0xff, 0xff, 0xff, 0x02, 
	0xff, 0xff, 0xff, 0x02, 0xff, 0xff, 0xff, 0x02, 
	0xff, 0xff, 0xff, 0x02, 0xff, 0xff, 0xff, 0x02, 
	0xff, 0xff, 0xff, 0x02, 0xff, 0xff, 0xff, 0x02, 
	0xff, 0xff, 0xff, 0x02, 0xff, 0xff, 0xff, 0x02, 
	0xff, 0xff, 0xff, 0x02, 0xff, 0xff, 0xff, 0x02, 
	0xff, 0xff, 0xff, 0x02, 0xff, 0xff, 0xff, 0x02, 
	0x00, 0x00, 0x00, 0x09, 0x00, 0x00, 0x00, 0x12, 
	0x00, 0x00, 0x00, 0x12, 0x00, 0x00, 0x00, 0x12, 
	0x00, 0x00, 0x00, 0x0c, 0x00, 0x00, 0x00, 0x09, 
	0xff, 0xff, 0xff, 0x2d, 0xff, 0xff, 0xff, 0xb2, 
	0xff, 0xff, 0xff, 0xb2, 0xff, 0xff, 0xff, 0x2d, 
	0x00, 0x00, 0x00, 0x09, 0x00, 0x00, 0x00, 0x0c, 
	0x00, 0x00, 0x00, 0x12, 0x00, 0x00, 0x00, 0x12, 
	0x00, 0x00, 0x00, 0x12, 0x00, 0x00, 0x00, 0x09, 
	0xff, 0xff, 0xff, 0x02, 0xff, 0xff, 0xff, 0x02, 
	0xff, 0xff, 0xff, 0x02, 0xff, 0xff, 0xff, 0x02, 
	0xff, 0xff, 0xff, 0x02, 0xff, 0xff, 0xff, 0x02, 
	0xff, 0xff, 0xff, 0x02, 0xff, 0xff, 0xff, 0x02, 
	0xff, 0xff, 0xff, 0x02, 0xff, 0xff, 0xff, 0x02, 
	0xff, 0xff, 0xff, 0x02, 0xff, 0xff, 0xff, 0x02, 
	0xff, 0xff, 0xff, 0x02, 0xff, 0xff, 0xff, 0x02, 
	0xff, 0xff, 0xff, 0x02, 0x00, 0x00, 0x00, 0x12, 
	0x00, 0x00, 0x00, 0x25, 0x00, 0x00, 0x00, 0x25, 
	0x00, 0x00, 0x00, 0x25, 0x00, 0x00, 0x00, 0x25, 
	0x00, 0x00, 0x00, 0x25, 0x00, 0x00, 0x00, 0x25, 
	0x00, 0x00, 0x00, 0x1b, 0x00, 0x00, 0x00, 0x12, 
	0x00, 0x00, 0x00, 0x12, 0x00, 0x00, 0x00, 0x1b, 
	0x00, 0x00, 0x00, 0x25, 0x00, 0x00, 0x00, 0x25, 
	0x00, 0x00, 0x00, 0x25, 0x00, 0x00, 0x00, 0x25, 
	0x00, 0x00, 0x00, 0x25, 0x00, 0x00, 0x00, 0x25, 
	0x00, 0x00, 0x00, 0x12, 0xff, 0xff, 0xff, 0x02, 
	0xff, 0xff, 0xff, 0x02, 0xff, 0xff, 0xff, 0x02, 
	0xff, 0xff, 0xff, 0x02, 0xff, 0xff, 0xff, 0x02, 
	0xff, 0xff, 0xff, 0x02, 0xff, 0xff, 0xff, 0x02, 
	0xff, 0xff, 0xff, 0x02, 0xff, 0xff, 0xff, 0x02, 
	0xff, 0xff, 0xff, 0x02, 0xff, 0xff, 0xff, 0x02, 
	0xff, 0xff, 0xff, 0x02, 0xff, 0xff, 0xff, 0x02, 
	0x00, 0x00, 0x00, 0x09, 0x00, 0x00, 0x00, 0x25, 
	0x00, 0x00, 0x00, 0x47, 0x00, 0x00, 0x00, 0x52, 
	0x00, 0x00, 0x00, 0x5b, 0x00, 0x00, 0x00, 0x64, 
	0x00, 0x00, 0x00, 0x6e, 0x00, 0x00, 0x00, 0x5b, 
	0x00, 0x00, 0x00, 0x52, 0x00, 0x00, 0x00, 0x47, 
	0x00, 0x00, 0x00, 0x47, 0x00, 0x00, 0x00, 0x52, 
	0x00, 0x00, 0x00, 0x5b, 0x00, 0x00, 0x00, 0x6e, 
	0x00, 0x00, 0x00, 0x64, 0x00, 0x00, 0x00, 0x5b, 
	0x00, 0x00, 0x00, 0x52, 0x00, 0x00, 0x00, 0x47, 
	0x00, 0x00, 0x00, 0x25, 0x00, 0x00, 0x00, 0x09, 
	0xff, 0xff, 0xff, 0x02, 0xff, 0xff, 0xff, 0x02, 
	0xff, 0xff, 0xff, 0x02, 0xff, 0xff, 0xff, 0x02, 
	0xff, 0xff, 0xff, 0x02, 0xff, 0xff, 0xff, 0x02, 
	0xff, 0xff, 0xff, 0x02, 0xff, 0xff, 0xff, 0x02, 
	0xff, 0xff, 0xff, 0x02, 0x00, 0x00, 0x00, 0x12, 
	0xff, 0xff, 0xff, 0x02, 0x00, 0x00, 0x00, 0x09, 
	0x00, 0x00, 0x00, 0x12, 0x00, 0x00, 0x00, 0x47, 
	0x00, 0x00, 0x00, 0x77, 0x00, 0x00, 0x00, 0xac, 
	0x00, 0x00, 0x00, 0xdd, 0x00, 0x00, 0x00, 0xdd, 
	0x00, 0x00, 0x00, 0xdd, 0x00, 0x00, 0x00, 0xdd, 
	0x00, 0x00, 0x00, 0xdd, 0x00, 0x00, 0x00, 0xdd, 
	0x00, 0x00, 0x00, 0xdd, 0x00, 0x00, 0x00, 0xdd, 
	0x00, 0x00, 0x00, 0xdd, 0x00, 0x00, 0x00, 0xdd, 
	0x00, 0x00, 0x00, 0xdd, 0x00, 0x00, 0x00, 0xdd, 
	0x00, 0x00, 0x00, 0xac, 0x00, 0x00, 0x00, 0x77, 
	0x00, 0x00, 0x00, 0x47, 0x00, 0x00, 0x00, 0x12, 
	0x00, 0x00, 0x00, 0x09, 0xff, 0xff, 0xff, 0x02, 
	0x00, 0x00, 0x00, 0x12, 0xff, 0xff, 0xff, 0x02, 
	0xff, 0xff, 0xff, 0x02, 0xff, 0xff, 0xff, 0x02, 
	0xff, 0xff, 0xff, 0x02, 0xff, 0xff, 0xff, 0x02, 
	0x00, 0x00, 0x00, 0x12, 0x00, 0x00, 0x00, 0x24, 
	0x00, 0x00, 0x00, 0x00, 0x00, 0x00, 0x00, 0x12, 
	0x00, 0x00, 0x00, 0x4a, 0x00, 0x00, 0x00, 0x74, 
	0x00, 0x00, 0x00, 0xc4, 0x00, 0x00, 0x00, 0xc7, 
	0x00, 0x00, 0x00, 0xa6, 0x00, 0x00, 0x00, 0x70, 
	0x00, 0x00, 0x00, 0x49, 0x00, 0x00, 0x00, 0x14, 
	0x00, 0x00, 0x00, 0x02, 0x00, 0x00, 0x00, 0x02, 
	0x00, 0x00, 0x00, 0x02, 0x00, 0x00, 0x00, 0x02, 
	0x00, 0x00, 0x00, 0x14, 0x00, 0x00, 0x00, 0x49, 
	0x00, 0x00, 0x00, 0x70, 0x00, 0x00, 0x00, 0xa6, 
	0x00, 0x00, 0x00, 0xc7, 0x00, 0x00, 0x00, 0xc4, 
	0x00, 0x00, 0x00, 0x74, 0x00, 0x00, 0x00, 0x4a, 
	0x00, 0x00, 0x00, 0x12, 0x00, 0x00, 0x00, 0x00, 
	0x00, 0x00, 0x00, 0x24, 0x00, 0x00, 0x00, 0x12, 
	0xff, 0xff, 0xff, 0x02, 0xff, 0xff, 0xff, 0x02, 
	0xff, 0xff, 0xff, 0x02, 0xff, 0xff, 0xff, 0x02, 
	0x00, 0x00, 0x00, 0x24, 0x00, 0x00, 0x00, 0x64, 
	0x00, 0x00, 0x00, 0x25, 0x00, 0x00, 0x00, 0x37, 
	0x00, 0x00, 0x00, 0x85, 0x00, 0x00, 0x00, 0xb6, 
	0x00, 0x00, 0x00, 0x79, 0x00, 0x00, 0x00, 0x49, 
	0x00, 0x00, 0x00, 0x02, 0x00, 0x00, 0x00, 0x02, 
	0x00, 0x00, 0x00, 0x02, 0xff, 0xff, 0xff, 0x3c, 
	0xff, 0xff, 0xff, 0x41, 0xff, 0xff, 0xff, 0x76, 
	0xff, 0xff, 0xff, 0x76, 0xff, 0xff, 0xff, 0x41, 
	0xff, 0xff, 0xff, 0x3c, 0x00, 0x00, 0x00, 0x02, 
	0x00, 0x00, 0x00, 0x02, 0x00, 0x00, 0x00, 0x02, 
	0x00, 0x00, 0x00, 0x49, 0x00, 0x00, 0x00, 0x79, 
	0x00, 0x00, 0x00, 0xb6, 0x00, 0x00, 0x00, 0x85, 
	0x00, 0x00, 0x00, 0x37, 0x00, 0x00, 0x00, 0x25, 
	0x00, 0x00, 0x00, 0x64, 0x00, 0x00, 0x00, 0x24, 
	0xff, 0xff, 0xff, 0x02, 0xff, 0xff, 0xff, 0x02, 
	0xff, 0xff, 0xff, 0x02, 0xff, 0xff, 0xff, 0x02, 
	0x00, 0x00, 0x00, 0x36, 0x00, 0x00, 0x00, 0x85, 
	0x00, 0x00, 0x00, 0xb2, 0x00, 0x00, 0x00, 0xa9, 
	0x00, 0x00, 0x00, 0x9b, 0x00, 0x00, 0x00, 0x30, 
	0x00, 0x00, 0x00, 0x1a, 0x00, 0x00, 0x00, 0x09, 
	0x00, 0x00, 0x00, 0x00, 0xff, 0xff, 0xff, 0x02, 
	0xff, 0xff, 0xff, 0x02, 0xff, 0xff, 0xff, 0x2d, 
	0xff, 0xff, 0xff, 0x73, 0xff, 0xff, 0xff, 0x79, 
	0xff, 0xff, 0xff, 0x79, 0xff, 0xff, 0xff, 0x73, 
	0xff, 0xff, 0xff, 0x2d, 0xff, 0xff, 0xff, 0x02, 
	0xff, 0xff, 0xff, 0x02, 0x00, 0x00, 0x00, 0x00, 
	0x00, 0x00, 0x00, 0x09, 0x00, 0x00, 0x00, 0x1a, 
	0x00, 0x00, 0x00, 0x30, 0x00, 0x00, 0x00, 0x9b, 
	0x00, 0x00, 0x00, 0xa9, 0x00, 0x00, 0x00, 0xb2, 
	0x00, 0x00, 0x00, 0x85, 0x00, 0x00, 0x00, 0x36, 
	0xff, 0xff, 0xff, 0x02, 0xff, 0xff, 0xff, 0x02, 
	0xff, 0xff, 0xff, 0x02, 0xff, 0xff, 0xff, 0x02, 
	0x00, 0x00, 0x00, 0x27, 0x00, 0x00, 0x00, 0x76, 
	0x00, 0x00, 0x00, 0xd5, 0x00, 0x00, 0x00, 0x92, 
	0x00, 0x00, 0x00, 0x27, 0x00, 0x00, 0x00, 0x14, 
	0x00, 0x00, 0x00, 0x09, 0x00, 0x00, 0x00, 0x10, 
	0x00, 0x00, 0x00, 0x10, 0x00, 0x00, 0x00, 0x09, 
	0x00, 0x00, 0x00, 0x09, 0xff, 0xff, 0xff, 0x02, 
	0x00, 0x00, 0x00, 0x06, 0xff, 0xff, 0xff, 0x02, 
	0xff, 0xff, 0xff, 0x02, 0x00, 0x00, 0x00, 0x06, 
	0xff, 0xff, 0xff, 0x02, 0x00, 0x00, 0x00, 0x09, 
	0x00, 0x00, 0x00, 0x09, 0x00, 0x00, 0x00, 0x10, 
	0x00, 0x00, 0x00, 0x10, 0x00, 0x00, 0x00, 0x09, 
	0x00, 0x00, 0x00, 0x14, 0x00, 0x00, 0x00, 0x27, 
	0x00, 0x00, 0x00, 0x92, 0x00, 0x00, 0x00, 0xd5, 
	0x00, 0x00, 0x00, 0x76, 0x00, 0x00, 0x00, 0x27, 
	0xff, 0xff, 0xff, 0x02, 0xff, 0xff, 0xff, 0x02, 
	0xff, 0xff, 0xff, 0x02, 0x00, 0x00, 0x00, 0x02, 
	0x00, 0x00, 0x00, 0x14, 0x00, 0x00, 0x00, 0x3f, 
	0x00, 0x00, 0x00, 0x5b, 0x00, 0x00, 0x00, 0x24, 
	0xff, 0xff, 0xff, 0x02, 0xff, 0xff, 0xff, 0x02, 
	0xff, 0xff, 0xff, 0x02, 0x00, 0x00, 0x00, 0x02, 
	0x00, 0x00, 0x00, 0x1b, 0x00, 0x00, 0x00, 0x25, 
	0x00, 0x00, 0x00, 0x2e, 0x00, 0x00, 0x00, 0x40, 
	0x00, 0x00, 0x00, 0x40, 0x00, 0x00, 0x00, 0x4a, 
	0x00, 0x00, 0x00, 0x4a, 0x00, 0x00, 0x00, 0x40, 
	0x00, 0x00, 0x00, 0x40, 0x00, 0x00, 0x00, 0x2e, 
	0x00, 0x00, 0x00, 0x25, 0x00, 0x00, 0x00, 0x1b, 
	0x00, 0x00, 0x00, 0x02, 0xff, 0xff, 0xff, 0x02, 
	0xff, 0xff, 0xff, 0x02, 0xff, 0xff, 0xff, 0x02, 
	0x00, 0x00, 0x00, 0x24, 0x00, 0x00, 0x00, 0x5b, 
	0x00, 0x00, 0x00, 0x3f, 0x00, 0x00, 0x00, 0x14, 
	0x00, 0x00, 0x00, 0x02, 0xff, 0xff, 0xff, 0x02, 
	0xff, 0xff, 0xff, 0x02, 0x00, 0x00, 0x00, 0x02, 
	0xff, 0xff, 0xff, 0x02, 0xff, 0xff, 0xff, 0x02, 
	0xff, 0xff, 0xff, 0x02, 0xff, 0xff, 0xff, 0x02, 
	0xff, 0xff, 0xff, 0x02, 0xff, 0xff, 0xff, 0x02, 
	0xff, 0xff, 0xff, 0x02, 0xff, 0xff, 0xff, 0x02, 
	0x00, 0x00, 0x00, 0x12, 0x00, 0x00, 0x00, 0x25, 
	0x00, 0x00, 0x00, 0x37, 0x00, 0x00, 0x00, 0x52, 
	0x00, 0x00, 0x00, 0x5b, 0x00, 0x00, 0x00, 0x67, 
	0x00, 0x00, 0x00, 0x67, 0x00, 0x00, 0x00, 0x5b, 
	0x00, 0x00, 0x00, 0x52, 0x00, 0x00, 0x00, 0x37, 
	0x00, 0x00, 0x00, 0x25, 0x00, 0x00, 0x00, 0x12, 
	0xff, 0xff, 0xff, 0x02, 0xff, 0xff, 0xff, 0x02, 
	0xff, 0xff, 0xff, 0x02, 0xff, 0xff, 0xff, 0x02, 
	0xff, 0xff, 0xff, 0x02, 0xff, 0xff, 0xff, 0x02, 
	0xff, 0xff, 0xff, 0x02, 0xff, 0xff, 0xff, 0x02, 
	0x00, 0x00, 0x00, 0x02, 0xff, 0xff, 0xff, 0x02, 
	0xff, 0xff, 0xff, 0x02, 0xff, 0xff, 0xff, 0x02, 
	0xff, 0xff, 0xff, 0x02, 0xff, 0xff, 0xff, 0x02, 
	0xff, 0xff, 0xff, 0x02, 0xff, 0xff, 0xff, 0x02, 
	0xff, 0xff, 0xff, 0x02, 0xff, 0xff, 0xff, 0x02, 
	0xff, 0xff, 0xff, 0x02, 0xff, 0xff, 0xff, 0x02, 
	0xff, 0xff, 0xff, 0x02, 0x00, 0x00, 0x00, 0x00, 
	0x00, 0x00, 0x00, 0x12, 0x00, 0x00, 0x00, 0x1b, 
	0x00, 0x00, 0x00, 0x2e, 0x00, 0x00, 0x00, 0x37, 
	0x00, 0x00, 0x00, 0x37, 0x00, 0x00, 0x00, 0x2e, 
	0x00, 0x00, 0x00, 0x1b, 0x00, 0x00, 0x00, 0x12, 
	0x00, 0x00, 0x00, 0x00, 0xff, 0xff, 0xff, 0x02, 
	0xff, 0xff, 0xff, 0x02, 0xff, 0xff, 0xff, 0x02, 
	0xff, 0xff, 0xff, 0x02, 0xff, 0xff, 0xff, 0x02, 
	0xff, 0xff, 0xff, 0x02, 0xff, 0xff, 0xff, 0x02, 
	0xff, 0xff, 0xff, 0x02, 0xff, 0xff, 0xff, 0x02, 
	0xff, 0xff, 0xff, 0x02, 0xff, 0xff, 0xff, 0x02, 
	0xff, 0xff, 0xff, 0x02, 0xff, 0xff, 0xff, 0x02, 
	0xff, 0xff, 0xff, 0x02, 0xff, 0xff, 0xff, 0x02, 
	0xff, 0xff, 0xff, 0x02, 0xff, 0xff, 0xff, 0x02, 
	0xff, 0xff, 0xff, 0x02, 0xff, 0xff, 0xff, 0x02, 
	0xff, 0xff, 0xff, 0x02, 0xff, 0xff, 0xff, 0x02, 
	0xff, 0xff, 0xff, 0x02, 0xff, 0xff, 0xff, 0x02, 
	0xff, 0xff, 0xff, 0x02, 0x00, 0x00, 0x00, 0x09, 
	0x00, 0x00, 0x00, 0x09, 0x00, 0x00, 0x00, 0x09, 
	0x00, 0x00, 0x00, 0x09, 0x00, 0x00, 0x00, 0x09, 
	0x00, 0x00, 0x00, 0x09, 0xff, 0xff, 0xff, 0x02, 
	0xff, 0xff, 0xff, 0x02, 0xff, 0xff, 0xff, 0x02, 
	0xff, 0xff, 0xff, 0x02, 0xff, 0xff, 0xff, 0x02, 
	0xff, 0xff, 0xff, 0x02, 0xff, 0xff, 0xff, 0x02, 
	0xff, 0xff, 0xff, 0x02, 0xff, 0xff, 0xff, 0x02, 
	0xff, 0xff, 0xff, 0x02, 0xff, 0xff, 0xff, 0x02, 
	0xff, 0xff, 0xff, 0x02, 0xff, 0xff, 0xff, 0x02, 
	0xff, 0xff, 0xff, 0x02, 0xff, 0xff, 0xff, 0x02, 
	0xff, 0xff, 0xff, 0x02, 0xff, 0xff, 0xff, 0x02, 
	0xff, 0xff, 0xff, 0x02, 0xff, 0xff, 0xff, 0x02, 
	0xff, 0xff, 0xff, 0x02, 0xff, 0xff, 0xff, 0x02, 
	0xff, 0xff, 0xff, 0x02, 0xff, 0xff, 0xff, 0x02, 
	0xff, 0xff, 0xff, 0x02, 0xff, 0xff, 0xff, 0x02, 
	0xff, 0xff, 0xff, 0x02, 0xff, 0xff, 0xff, 0x02, 
	0xff, 0xff, 0xff, 0x02, 0xff, 0xff, 0xff, 0x02, 
	0xff, 0xff, 0xff, 0x02, 0xff, 0xff, 0xff, 0x02, 
	0xff, 0xff, 0xff, 0x02, 0xff, 0xff, 0xff, 0x02, 
	0xff, 0xff, 0xff, 0x02, 0xff, 0xff, 0xff, 0x02, 
	0xff, 0xff, 0xff, 0x02, 0xff, 0xff, 0xff, 0x02, 
	0xff, 0xff, 0xff, 0x02, 0xff, 0xff, 0xff, 0x02, 
	0xff, 0xff, 0xff, 0x02, 0xff, 0xff, 0xff, 0x02, 
	0xff, 0xff, 0xff, 0x02, 0xff, 0xff, 0xff, 0x02, 
	0xff, 0xff, 0xff, 0x02, 0xff, 0xff, 0xff, 0x02, 
	0xff, 0xff, 0xff, 0x02, 0xff, 0xff, 0xff, 0x02, 
	0xff, 0xff, 0xff, 0x02, 0xff, 0xff, 0xff, 0x02, 
	0xff, 0xff, 0xff, 0x02, 0xff, 0xff, 0xff, 0x02, 
	0xff, 0xff, 0xff, 0x02, 0xff, 0xff, 0xff, 0x02, 
	0xff, 0xff, 0xff, 0x02, 0xff, 0xff, 0xff, 0x02, 
	0xff, 0xff, 0xff, 0x02, 0xff, 0xff, 0xff, 0x02, 
	0xff, 0xff, 0xff, 0x02, 0xff, 0xff, 0xff, 0x02, 
	0xff, 0xff, 0xff, 0x02, 0xff, 0xff, 0xff, 0x02, 
	0xff, 0xff, 0xff, 0x02, 0xff, 0xff, 0xff, 0x02, 
	0xff, 0xff, 0xff, 0x02, 0xff, 0xff, 0xff, 0x02, 
	0xff, 0xff, 0xff, 0x02, 0xff, 0xff, 0xff, 0x02, 
	0xff, 0xff, 0xff, 0x02, 0xff, 0xff, 0xff, 0x02, 
	0xff, 0xff, 0xff, 0x02, 0xff, 0xff, 0xff, 0x02, 
	0xff, 0xff, 0xff, 0x02, 0xff, 0xff, 0xff, 0x02, 
	0xff, 0xff, 0xff, 0x02, 0xff, 0xff, 0xff, 0x02, 
	0xff, 0xff, 0xff, 0x02, 0xff, 0xff, 0xff, 0x02, 
	0xff, 0xff, 0xff, 0x02, 0xff, 0xff, 0xff, 0x02, 
	0xff, 0xff, 0xff, 0x02, 0xff, 0xff, 0xff, 0x02, 
	0xff, 0xff, 0xff, 0x02, 0xff, 0xff, 0xff, 0x02, 
	0xff, 0xff, 0xff, 0x02, 0xff, 0xff, 0xff, 0x02, 
	0xff, 0xff, 0xff, 0x02, 0xff, 0xff, 0xff, 0x02, 
	0xff, 0xff, 0xff, 0x02, 0xff, 0xff, 0xff, 0x02, 
	0xff, 0xff, 0xff, 0x02, 0xff, 0xff, 0xff, 0x02, 
	0xff, 0xff, 0xff, 0x02, 0xff, 0xff, 0xff, 0x02, 
	0xff, 0xff, 0xff, 0x02, 0xff, 0xff, 0xff, 0x02, 
	0xff, 0xff, 0xff, 0x02, 0xff, 0xff, 0xff, 0x02, 
	0xff, 0xff, 0xff, 0x02, 0xff, 0xff, 0xff, 0x02, 
	0xff, 0xff, 0xff, 0x02, 0xff, 0xff, 0xff, 0x02, 
	0xff, 0xff, 0xff, 0x02, 0xff, 0xff, 0xff, 0x02, 
	0xff, 0xff, 0xff, 0x02, 0xff, 0xff, 0xff, 0x02, 
	0xff, 0xff, 0xff, 0x02, 0xff, 0xff, 0xff, 0x02, 
	0xff, 0xff, 0xff, 0x02, 0xff, 0xff, 0xff, 0x02, 
	
};

Texture monteman_object_mm_0009F0_Tex_ci8_tlut_gRunningManTLUT_ia8[] = {
	0xef, 0xff, 0xef, 0xff, 0xff, 0xef, 0xff, 0xff, 
	0xef, 0xff, 0xef, 0xef, 0xff, 0xff, 0xff, 0xef, 
	0xdb, 0xcf, 0xdf, 0xef, 0xef, 0xef, 0xfe, 0xea, 
	0xe7, 0xde, 0xcf, 0xcf, 0xef, 0xdf, 0xfd, 0xe5, 
	0xf3, 0xea, 0xbf, 0xdf, 0xdf, 0xdf, 0xeb, 0xf3, 
	0xf1, 0xd4, 0xe9, 0xcf, 0xcf, 0xef, 0xf5, 0xf0, 
	0xf0, 0xf0, 0xe2, 0xe6, 0xeb, 0xe7, 0xf0, 0xf0, 
	0xf0, 0xf0, 0xf0, 0xf0, 0xf0, 0xf0, 0xf0, 0xf0, 
	
};

Texture monteman_object_mm_000B30_Tex_ci8_tlut_gRunningManTLUT_ia4[] = {
	0xee, 0xee, 0xee, 0xee, 0xee, 0xee, 0xee, 0xee, 
	0xee, 0xee, 0xee, 0xee, 0xee, 0xee, 0xee, 0xee, 
	0xee, 0xee, 0xee, 0xee, 0xee, 0xee, 0xee, 0xee, 
	0xee, 0xee, 0xe6, 0x8e, 0xee, 0x88, 0xee, 0xee, 
	0xee, 0x8c, 0xa8, 0xaa, 0xbb, 0xac, 0xa6, 0x8e, 
	0xee, 0xea, 0x77, 0x79, 0x99, 0xb9, 0x9a, 0xae, 
	0xec, 0xcb, 0x77, 0x77, 0x99, 0xbb, 0xbb, 0xee, 
	0xea, 0xa7, 0x9b, 0x9b, 0xdd, 0xdd, 0x9b, 0xee, 
	0xec, 0xc9, 0xbd, 0xdf, 0xff, 0xfd, 0x99, 0xee, 
	0xee, 0xb9, 0xbd, 0xff, 0xff, 0xdb, 0xb9, 0xee, 
	0xee, 0x99, 0xbb, 0xdd, 0xdd, 0xdb, 0x99, 0xee, 
	0xee, 0x99, 0xbb, 0xdd, 0xdd, 0xbb, 0x9b, 0xee, 
	0xee, 0x99, 0xbb, 0xdd, 0xdd, 0xdb, 0x99, 0xee, 
	0xee, 0x97, 0x9b, 0xdd, 0xdd, 0xdb, 0x9b, 0xee, 
	0xee, 0x97, 0x99, 0xbb, 0xbb, 0xb9, 0x99, 0xee, 
	0xee, 0x99, 0x99, 0xbb, 0xdd, 0xdb, 0x9b, 0xee, 
	
};

Texture monteman_eye_rgba16[] = {
	0xff, 0xff, 0xff, 0xff, 0xff, 0xff, 0xff, 0xff, 
	0xff, 0xff, 0xff, 0xff, 0xff, 0xff, 0xff, 0xff, 
	0xff, 0xff, 0xff, 0xff, 0xff, 0xff, 0xff, 0xff, 
	0xff, 0xff, 0xff, 0xff, 0xff, 0xff, 0xff, 0xff, 
	0xff, 0xff, 0xff, 0xff, 0xff, 0xff, 0xff, 0xff, 
	0xff, 0xff, 0xff, 0xff, 0xff, 0xff, 0xff, 0xff, 
	0xff, 0xff, 0xff, 0xff, 0xff, 0xff, 0xff, 0xff, 
	0xff, 0xff, 0xff, 0xff, 0xff, 0xff, 0xff, 0xff, 
	0xff, 0xff, 0xff, 0xff, 0xff, 0xff, 0xff, 0xff, 
	0xff, 0xff, 0xff, 0xff, 0xff, 0xff, 0xff, 0xff, 
	0xff, 0xff, 0xff, 0xff, 0xff, 0xff, 0xff, 0xff, 
	0xff, 0xff, 0xff, 0xff, 0xff, 0xff, 0xff, 0xff, 
	0xff, 0xff, 0xff, 0xff, 0xff, 0xff, 0xff, 0xff, 
	0xff, 0xff, 0x00, 0x00, 0x00, 0x00, 0x00, 0x00, 
	0x00, 0x00, 0x00, 0x00, 0x00, 0x00, 0xff, 0xff, 
	0xff, 0xff, 0xff, 0xff, 0xff, 0xff, 0xff, 0xff, 
	0xff, 0xff, 0xff, 0xff, 0xff, 0xff, 0xff, 0xff, 
	0x00, 0x00, 0x00, 0x00, 0x00, 0x00, 0x00, 0x00, 
	0x00, 0x00, 0x00, 0x00, 0x00, 0x00, 0x00, 0x00, 
	0xff, 0xff, 0xff, 0xff, 0xff, 0xff, 0xff, 0xff, 
	0xff, 0xff, 0xff, 0xff, 0xff, 0xff, 0x00, 0x00, 
	0x00, 0x00, 0x00, 0x00, 0x00, 0x00, 0x00, 0x00, 
	0x00, 0x00, 0x00, 0x00, 0x00, 0x00, 0x00, 0x00, 
	0x00, 0x00, 0xff, 0xff, 0xff, 0xff, 0xff, 0xff, 
	0xff, 0xff, 0xff, 0xff, 0xff, 0xff, 0x00, 0x00, 
	0x00, 0x00, 0x00, 0x00, 0x00, 0x00, 0x00, 0x00, 
	0x00, 0x00, 0x00, 0x00, 0x00, 0x00, 0x00, 0x00, 
	0x00, 0x00, 0xff, 0xff, 0xff, 0xff, 0xff, 0xff, 
	0xff, 0xff, 0xff, 0xff, 0xff, 0xff, 0x00, 0x00, 
	0x00, 0x00, 0x00, 0x00, 0x00, 0x00, 0x00, 0x00, 
	0x00, 0x00, 0x00, 0x00, 0x00, 0x00, 0x00, 0x00, 
	0x00, 0x00, 0xff, 0xff, 0xff, 0xff, 0xff, 0xff, 
	0xff, 0xff, 0xff, 0xff, 0xff, 0xff, 0x00, 0x00, 
	0x00, 0x00, 0x00, 0x00, 0x00, 0x00, 0x00, 0x00, 
	0x00, 0x00, 0x00, 0x00, 0x00, 0x00, 0x00, 0x00, 
	0x00, 0x00, 0xff, 0xff, 0xff, 0xff, 0xff, 0xff, 
	0xff, 0xff, 0xff, 0xff, 0xff, 0xff, 0x00, 0x00, 
	0x00, 0x00, 0x00, 0x00, 0x00, 0x00, 0x00, 0x00, 
	0x00, 0x00, 0x00, 0x00, 0x00, 0x00, 0x00, 0x00, 
	0x00, 0x00, 0xff, 0xff, 0xff, 0xff, 0xff, 0xff, 
	0xff, 0xff, 0xff, 0xff, 0xff, 0xff, 0x00, 0x00, 
	0x00, 0x00, 0x00, 0x00, 0x00, 0x00, 0x00, 0x00, 
	0x00, 0x00, 0x00, 0x00, 0x00, 0x00, 0x00, 0x00, 
	0x00, 0x00, 0xff, 0xff, 0xff, 0xff, 0xff, 0xff, 
	0xff, 0xff, 0xff, 0xff, 0xff, 0xff, 0xff, 0xff, 
	0x00, 0x00, 0x00, 0x00, 0x00, 0x00, 0x00, 0x00, 
	0x00, 0x00, 0x00, 0x00, 0x00, 0x00, 0x00, 0x00, 
	0xff, 0xff, 0xff, 0xff, 0xff, 0xff, 0xff, 0xff, 
	0xff, 0xff, 0xff, 0xff, 0xff, 0xff, 0xff, 0xff, 
	0xff, 0xff, 0x00, 0x00, 0x00, 0x00, 0x00, 0x00, 
	0x00, 0x00, 0x00, 0x00, 0x00, 0x00, 0xff, 0xff, 
	0xff, 0xff, 0xff, 0xff, 0xff, 0xff, 0xff, 0xff, 
	0xff, 0xff, 0xff, 0xff, 0xff, 0xff, 0xff, 0xff, 
	0xff, 0xff, 0xff, 0xff, 0xff, 0xff, 0xff, 0xff, 
	0xff, 0xff, 0xff, 0xff, 0xff, 0xff, 0xff, 0xff, 
	0xff, 0xff, 0xff, 0xff, 0xff, 0xff, 0xff, 0xff, 
	0xff, 0xff, 0xff, 0xff, 0xff, 0xff, 0xff, 0xff, 
	0xff, 0xff, 0xff, 0xff, 0xff, 0xff, 0xff, 0xff, 
	0xff, 0xff, 0xff, 0xff, 0xff, 0xff, 0xff, 0xff, 
	0xff, 0xff, 0xff, 0xff, 0xff, 0xff, 0xff, 0xff, 
	0xff, 0xff, 0xff, 0xff, 0xff, 0xff, 0xff, 0xff, 
	0xff, 0xff, 0xff, 0xff, 0xff, 0xff, 0xff, 0xff, 
	0xff, 0xff, 0xff, 0xff, 0xff, 0xff, 0xff, 0xff, 
	0xff, 0xff, 0xff, 0xff, 0xff, 0xff, 0xff, 0xff, 
	
};

Texture monteman_rb_cap_00_0_rgba16[] = {
	0xfe, 0x8f, 0xfe, 0x8f, 0xfe, 0x8f, 0xfe, 0x8f, 
	0xfe, 0x8f, 0xfe, 0x8f, 0xfe, 0x8f, 0xfe, 0x8f, 
	0xfe, 0x8f, 0xfe, 0x8f, 0xfe, 0x8f, 0xfe, 0x8f, 
	0xfe, 0x8f, 0xfe, 0x8f, 0xfe, 0x8f, 0xfe, 0x8f, 
	0xfe, 0x8f, 0xfe, 0x8f, 0xfe, 0x8f, 0xfe, 0x8f, 
	0xfe, 0x8f, 0xfe, 0x8f, 0xfe, 0x8f, 0xfe, 0x8f, 
	0xfe, 0x8f, 0xfe, 0x8f, 0xfe, 0x8f, 0xfe, 0x8f, 
	0xfe, 0x91, 0xfe, 0x91, 0xfe, 0x91, 0xfe, 0x91, 
	0xfe, 0x8f, 0xfe, 0x8f, 0xfe, 0x8f, 0xfe, 0x8f, 
	0xfe, 0x8f, 0xfe, 0x8f, 0xfe, 0x8f, 0xfe, 0x8f, 
	0xfe, 0x8f, 0xfe, 0x8f, 0xfe, 0x8f, 0xfe, 0x8f, 
	0xfe, 0x8f, 0xfe, 0x8f, 0xfe, 0x8f, 0xfe, 0x8f, 
	0xfe, 0x8f, 0xfe, 0x8f, 0xfe, 0x8f, 0xfe, 0x8f, 
	0xfe, 0x8f, 0xfe, 0x8f, 0xfe, 0x8f, 0xfe, 0x8f, 
	0xfe, 0x8f, 0xfe, 0x8f, 0xfe, 0x8f, 0xfe, 0x8f, 
	0xfe, 0x8f, 0xfe, 0x91, 0xfe, 0x91, 0xfe, 0x91, 
	0xfe, 0x8f, 0xfe, 0x8f, 0xfe, 0x8f, 0xfe, 0x8f, 
	0xfe, 0x8f, 0xfe, 0x8f, 0xfe, 0x8f, 0xfe, 0x8f, 
	0xfe, 0x8f, 0xfe, 0x8f, 0xfe, 0x8f, 0xfe, 0x8f, 
	0xfe, 0x8f, 0xfe, 0x8f, 0xfe, 0x8f, 0xfe, 0x8f, 
	0xfe, 0x8f, 0xfe, 0x8f, 0xfe, 0x8f, 0xfe, 0x8f, 
	0xfe, 0x8f, 0xfe, 0x8f, 0xfe, 0x8f, 0xfe, 0x8f, 
	0xfe, 0x8f, 0xfe, 0x8f, 0xfe, 0x8f, 0xfe, 0x8f, 
	0xfe, 0x8f, 0xfe, 0x8f, 0xfe, 0x91, 0xfe, 0x91, 
	0xfe, 0x8f, 0xfe, 0x8f, 0xfe, 0x8f, 0xfe, 0x8f, 
	0xfe, 0x8f, 0xfe, 0x8f, 0xfe, 0x8f, 0xfe, 0x8f, 
	0xfe, 0x8f, 0xfe, 0x8f, 0xfe, 0x8f, 0xfe, 0x8f, 
	0xfe, 0x8f, 0xfe, 0x8f, 0xfe, 0x8f, 0xfe, 0x8f, 
	0xfe, 0x8f, 0xfe, 0x8f, 0xfe, 0x8f, 0xfe, 0x8f, 
	0xfe, 0x8f, 0xfe, 0x8f, 0xfe, 0x8f, 0xfe, 0x8f, 
	0xfe, 0x8f, 0xfe, 0x8f, 0xfe, 0x8f, 0xfe, 0x8f, 
	0xfe, 0x8f, 0xfe, 0x91, 0xfe, 0x91, 0xfe, 0x91, 
	0xfe, 0x8f, 0xfe, 0x8f, 0xfe, 0x8f, 0xfe, 0x8f, 
	0xfe, 0x8f, 0xfe, 0x8f, 0xfe, 0x8f, 0xfe, 0x8f, 
	0xfe, 0x8f, 0xfe, 0x8f, 0xfe, 0x8f, 0xfe, 0x8f, 
	0xfe, 0x8f, 0xfe, 0x8f, 0xfe, 0x8f, 0xfe, 0x8f, 
	0xfe, 0x8f, 0xfe, 0x8f, 0xfe, 0x8f, 0xfe, 0x8f, 
	0xfe, 0x8f, 0xfe, 0x8f, 0xfe, 0x8f, 0xfe, 0x8f, 
	0xfe, 0x8f, 0xfe, 0x8f, 0xfe, 0x8f, 0xfe, 0x8f, 
	0xfe, 0x8f, 0xfe, 0x91, 0xfe, 0x91, 0xfe, 0x91, 
	0xfe, 0x8f, 0xfe, 0x8f, 0xfe, 0x8f, 0xfe, 0x8f, 
	0xfe, 0x8f, 0xfe, 0x8f, 0xfe, 0x8f, 0xfe, 0x8f, 
	0xfe, 0x8f, 0xfe, 0x8f, 0xfe, 0x8f, 0xfe, 0x8f, 
	0xfe, 0x8f, 0xfe, 0x8f, 0xfe, 0x8f, 0xfe, 0x8f, 
	0xfe, 0x8f, 0xfe, 0x8f, 0xfe, 0x8f, 0xfe, 0x8f, 
	0xfe, 0x8f, 0xfe, 0x8f, 0xfe, 0x8f, 0xfe, 0x8f, 
	0xfe, 0x8f, 0xfe, 0x8f, 0xfe, 0x8f, 0xfe, 0x91, 
	0xfe, 0x91, 0xfe, 0x91, 0xfe, 0x91, 0xfe, 0x91, 
	0xfe, 0x91, 0xfe, 0x91, 0xfe, 0x91, 0xfe, 0x91, 
	0xfe, 0x91, 0xfe, 0x91, 0xfe, 0x91, 0xfe, 0x91, 
	0xfe, 0x91, 0xfe, 0x91, 0xfe, 0x91, 0xfe, 0x91, 
	0xfe, 0x91, 0xfe, 0x91, 0xfe, 0x91, 0xfe, 0x91, 
	0xfe, 0x91, 0xfe, 0x91, 0xfe, 0x91, 0xfe, 0x91, 
	0xfe, 0x91, 0xfe, 0x91, 0xfe, 0x91, 0xfe, 0x91, 
	0xfe, 0x91, 0xfe, 0x91, 0xfe, 0x91, 0xfe, 0x91, 
	0xfe, 0x91, 0xfe, 0x91, 0xfe, 0x91, 0xfe, 0x91, 
	0xfe, 0x91, 0xfe, 0x91, 0xfe, 0x91, 0xfe, 0x91, 
	0xfe, 0x91, 0xfe, 0x91, 0xfe, 0x91, 0xfe, 0x91, 
	0xfe, 0x91, 0xfe, 0x91, 0xfe, 0x91, 0xfe, 0x91, 
	0xfe, 0x91, 0xfe, 0x91, 0xfe, 0x91, 0xfe, 0x91, 
	0xfe, 0x91, 0xfe, 0x91, 0xfe, 0x91, 0xfe, 0x91, 
	0xfe, 0x91, 0xfe, 0x91, 0xfe, 0x19, 0xf5, 0xa3, 
	0xf4, 0xf1, 0xfe, 0x19, 0xfe, 0x91, 0xfe, 0x91, 
	0xfe, 0x91, 0xfe, 0x91, 0xfe, 0x91, 0xfe, 0x91, 
	0xfe, 0x91, 0xfe, 0x91, 0xfe, 0x91, 0xfe, 0x91, 
	0xfe, 0x91, 0xfe, 0x91, 0xfe, 0x91, 0xfe, 0x91, 
	0xfe, 0x91, 0xfe, 0x91, 0xfe, 0x91, 0xfe, 0x91, 
	0xfe, 0x91, 0xfe, 0x91, 0xfe, 0x91, 0xfe, 0x91, 
	0xfe, 0x91, 0xfe, 0x91, 0xfe, 0x91, 0xfe, 0x91, 
	0xfe, 0x91, 0xfe, 0x57, 0xf5, 0x69, 0xf5, 0x2f, 
	0xf5, 0x31, 0xf5, 0x6b, 0xfe, 0x57, 0xfe, 0x91, 
	0xfe, 0x91, 0xfe, 0x91, 0xfe, 0x91, 0xfe, 0x93, 
	0xfe, 0x93, 0xfe, 0x93, 0xfe, 0x91, 0xfe, 0x91, 
	0xfe, 0x93, 0xfe, 0x91, 0xfe, 0x91, 0xfe, 0x91, 
	0xfe, 0x91, 0xfe, 0x91, 0xfe, 0x91, 0xfe, 0x91, 
	0xfe, 0x91, 0xfe, 0x91, 0xfe, 0x91, 0xfe, 0x91, 
	0xfe, 0x91, 0xfe, 0x91, 0xfe, 0x91, 0xfe, 0x91, 
	0xfe, 0x93, 0xfd, 0xe5, 0xf5, 0x33, 0xf5, 0x33, 
	0xf5, 0x33, 0xf5, 0x33, 0xfd, 0xe5, 0xfe, 0x93, 
	0xfe, 0xd3, 0xfe, 0xd3, 0xfe, 0xd3, 0xfe, 0xd3, 
	0xfe, 0xd3, 0xfe, 0xd3, 0xfe, 0xd3, 0xfe, 0xd3, 
	0xfe, 0xd3, 0xfe, 0xd3, 0xfe, 0xd3, 0xfe, 0xd3, 
	0xfe, 0xd3, 0xfe, 0xd3, 0xfe, 0xd3, 0xfe, 0xd3, 
	0xfe, 0xd3, 0xfe, 0xd3, 0xfe, 0xd3, 0xfe, 0xd3, 
	0xfe, 0xd3, 0xfe, 0xd3, 0xfe, 0xd3, 0xfe, 0xd3, 
	0xfe, 0x97, 0xf5, 0xb1, 0xf5, 0x75, 0xf5, 0x75, 
	0xf5, 0x75, 0xf5, 0x75, 0xf5, 0xaf, 0xfe, 0x99, 
	0xfe, 0xd3, 0xfe, 0xd3, 0xfe, 0xd3, 0xfe, 0xd3, 
	0xfe, 0xd3, 0xfe, 0xd3, 0xfe, 0xd3, 0xfe, 0xd3, 
	0xfe, 0xd3, 0xfe, 0xd3, 0xfe, 0xd3, 0xfe, 0xd3, 
	0xfe, 0xd3, 0xfe, 0xd3, 0xfe, 0xd3, 0xfe, 0xd3, 
	0xfe, 0xd3, 0xfe, 0xd3, 0xfe, 0xd3, 0xfe, 0xd3, 
	0xfe, 0xd3, 0xfe, 0xd3, 0xfe, 0xd3, 0xfe, 0xd3, 
	0xfe, 0x61, 0xf5, 0xb5, 0xf5, 0xb5, 0xf5, 0xb5, 
	0xf5, 0xb5, 0xf5, 0xb5, 0xfd, 0xb5, 0xfe, 0x61, 
	0xfe, 0xd3, 0xfe, 0xd3, 0xfe, 0xd3, 0xfe, 0xd5, 
	0xfe, 0xd5, 0xfe, 0xd5, 0xfe, 0xd5, 0xfe, 0xd5, 
	0xfe, 0xd5, 0xfe, 0xd5, 0xfe, 0xd5, 0xfe, 0xd5, 
	0xfe, 0xd5, 0xfe, 0xd5, 0xfe, 0xd5, 0xfe, 0xd5, 
	0xfe, 0xd5, 0xfe, 0xd5, 0xfe, 0xd5, 0xfe, 0xd5, 
	0xfe, 0xd5, 0xfe, 0xd5, 0xfe, 0xd5, 0xfe, 0xd5, 
	0xfe, 0x2d, 0xfd, 0xf7, 0xfd, 0xf7, 0xfd, 0xf7, 
	0xfd, 0xf7, 0xfd, 0xf7, 0xfd, 0xf7, 0xfe, 0x2d, 
	0xfe, 0xd5, 0xfe, 0xd5, 0xfe, 0xd5, 0xfe, 0xd5, 
	0xfe, 0xd5, 0xfe, 0xd5, 0xfe, 0xd5, 0xfe, 0xd5, 
	0xfe, 0xd5, 0xfe, 0xd5, 0xfe, 0xd5, 0xfe, 0xd5, 
	0xfe, 0xd5, 0xfe, 0xd5, 0xfe, 0xd5, 0xfe, 0xd5, 
	0xfe, 0xd5, 0xfe, 0xd5, 0xfe, 0xd5, 0xfe, 0xd5, 
	0xfe, 0xd5, 0xfe, 0xd5, 0xfe, 0xd5, 0xfe, 0xd5, 
	0xfe, 0x33, 0xfe, 0x37, 0xfe, 0x37, 0xfe, 0x37, 
	0xfe, 0x39, 0xfe, 0x37, 0xfe, 0x37, 0xfe, 0x73, 
	0xfe, 0xd5, 0xfe, 0xd5, 0xfe, 0xd5, 0xfe, 0xd5, 
	0xfe, 0xd5, 0xfe, 0xd5, 0xfe, 0xd5, 0xfe, 0xd5, 
	0xfe, 0xd5, 0xfe, 0xd5, 0xfe, 0xd5, 0xfe, 0xd5, 
	0xfe, 0xd5, 0xfe, 0xd5, 0xfe, 0xd5, 0xfe, 0xd5, 
	0xfe, 0xd5, 0xfe, 0xd5, 0xfe, 0xd5, 0xfe, 0xd5, 
	0xfe, 0xd5, 0xfe, 0xd5, 0xfe, 0xd5, 0xfe, 0xd5, 
	0xfe, 0x77, 0xfe, 0x79, 0xfe, 0x79, 0xfe, 0x79, 
	0xfe, 0x79, 0xfe, 0x79, 0xfe, 0x79, 0xfe, 0x79, 
	0xfe, 0xd5, 0xfe, 0xd5, 0xfe, 0xd5, 0xfe, 0xd5, 
	0xfe, 0xd5, 0xfe, 0xd5, 0xfe, 0xd5, 0xfe, 0xd5, 
	0xfe, 0xd5, 0xfe, 0xd5, 0xfe, 0xd5, 0xfe, 0xd5, 
	0xfe, 0xd5, 0xfe, 0xd5, 0xfe, 0xd5, 0xfe, 0xd5, 
	0xfe, 0xd5, 0xfe, 0xd5, 0xfe, 0xd5, 0xfe, 0xd5, 
	0xfe, 0xd5, 0xfe, 0xd5, 0xfe, 0xd5, 0xfe, 0xd5, 
	0xfe, 0x79, 0xfe, 0x7b, 0xfe, 0x7b, 0xfe, 0x7b, 
	0xfe, 0x7b, 0xfe, 0xbb, 0xfe, 0xbb, 0xfe, 0xb9, 
	0xfe, 0xd5, 0xfe, 0xd5, 0xfe, 0xd5, 0xfe, 0xd5, 
	0xfe, 0xd5, 0xfe, 0xd5, 0xfe, 0xd5, 0xfe, 0xd5, 
	0xfe, 0xd5, 0xfe, 0xd5, 0xfe, 0xd5, 0xfe, 0xd5, 
	0xfe, 0xd5, 0xfe, 0xd5, 0xfe, 0xd5, 0xfe, 0xd5, 
	0xfe, 0xd5, 0xfe, 0xd5, 0xfe, 0xd5, 0xfe, 0xd5, 
	0xfe, 0xd5, 0xfe, 0xd5, 0xfe, 0xd5, 0xfe, 0xd5, 
	0xfe, 0xbb, 0xfe, 0xbb, 0xfe, 0xbb, 0xfe, 0xbb, 
	0xfe, 0xbb, 0xfe, 0xbb, 0xfe, 0xfb, 0xfe, 0xfb, 
	0xfe, 0xd5, 0xfe, 0xd5, 0xfe, 0xd5, 0xfe, 0xd5, 
	0xfe, 0xd5, 0xfe, 0xd5, 0xfe, 0xd5, 0xfe, 0xd5, 
	0xfe, 0xd5, 0xfe, 0xd5, 0xfe, 0xd5, 0xfe, 0xd5, 
	0xfe, 0xd5, 0xfe, 0xd5, 0xfe, 0xd5, 0xfe, 0xd5, 
	0xfe, 0xd5, 0xfe, 0xd5, 0xfe, 0xd5, 0xfe, 0xd5, 
	0xfe, 0xd5, 0xfe, 0xd5, 0xfe, 0xd5, 0xfe, 0xd5, 
	0xfe, 0xfb, 0xfe, 0xfb, 0xfe, 0xfb, 0xfe, 0xfb, 
	0xfe, 0xfb, 0xfe, 0xfb, 0xfe, 0xfd, 0xff, 0x3d, 
	0xfe, 0xd5, 0xfe, 0xd5, 0xfe, 0xd5, 0xfe, 0xd5, 
	0xfe, 0xd5, 0xfe, 0xd5, 0xfe, 0xd5, 0xfe, 0xd5, 
	0xfe, 0xd5, 0xfe, 0xd5, 0xfe, 0xd5, 0xfe, 0xd5, 
	0xfe, 0xd5, 0xfe, 0xd5, 0xfe, 0xd5, 0xfe, 0xd5, 
	0xfe, 0xd5, 0xfe, 0xd5, 0xfe, 0xd5, 0xfe, 0xd5, 
	0xfe, 0xd5, 0xfe, 0xd5, 0xfe, 0xd5, 0xfe, 0xd5, 
	0xfe, 0xfb, 0xfe, 0xfd, 0xff, 0x3d, 0xff, 0x3d, 
	0xfe, 0xfd, 0xfe, 0xfd, 0xff, 0x3d, 0xff, 0x3d, 
	0xfe, 0xd5, 0xfe, 0xd5, 0xfe, 0xd5, 0xfe, 0xd5, 
	0xfe, 0xd5, 0xfe, 0xd5, 0xfe, 0xd5, 0xfe, 0xd5, 
	0xfe, 0xd5, 0xfe, 0xd5, 0xfe, 0xd5, 0xfe, 0xd5, 
	0xfe, 0xd5, 0xfe, 0xd5, 0xfe, 0xd5, 0xfe, 0xd5, 
	0xfe, 0xd5, 0xfe, 0xd5, 0xfe, 0xd5, 0xfe, 0xd5, 
	0xfe, 0xd5, 0xfe, 0xd5, 0xfe, 0xd5, 0xfe, 0xd5, 
	0xff, 0x3d, 0xff, 0x3d, 0xff, 0x3d, 0xff, 0x3d, 
	0xff, 0x3d, 0xff, 0x3d, 0xff, 0x3d, 0xff, 0x3d, 
	0xfe, 0xd5, 0xfe, 0xd5, 0xfe, 0xd3, 0xfe, 0xd3, 
	0xfe, 0xd5, 0xfe, 0xd5, 0xfe, 0xd5, 0xfe, 0xd5, 
	0xfe, 0xd5, 0xfe, 0xd5, 0xfe, 0xd5, 0xfe, 0xd5, 
	0xfe, 0xd5, 0xfe, 0xd5, 0xfe, 0xd5, 0xfe, 0xd5, 
	0xfe, 0xd5, 0xfe, 0xd5, 0xfe, 0xd5, 0xfe, 0xd5, 
	0xfe, 0xd5, 0xfe, 0xd5, 0xfe, 0xd5, 0xfe, 0xd5, 
	0xff, 0x3d, 0xff, 0x3d, 0xff, 0x3d, 0xff, 0x3d, 
	0xff, 0x3d, 0xff, 0x3d, 0xff, 0x3d, 0xff, 0x3f, 
	0xfe, 0x93, 0xfe, 0x93, 0xfe, 0x93, 0xfe, 0xd3, 
	0xfe, 0xd5, 0xfe, 0xd5, 0xfe, 0xd5, 0xfe, 0xd5, 
	0xfe, 0xd5, 0xfe, 0xd5, 0xfe, 0xd5, 0xfe, 0xd5, 
	0xfe, 0xd5, 0xfe, 0xd5, 0xfe, 0xd5, 0xfe, 0xd5, 
	0xfe, 0xd5, 0xfe, 0xd5, 0xfe, 0xd5, 0xfe, 0xd5, 
	0xfe, 0xd5, 0xfe, 0xd5, 0xfe, 0xd5, 0xfe, 0xd5, 
	0xff, 0x3d, 0xff, 0x3d, 0xff, 0x3d, 0xff, 0x3d, 
	0xff, 0x3d, 0xff, 0x7f, 0xff, 0x7f, 0xff, 0x7f, 
	0xfe, 0x93, 0xfe, 0x93, 0xfe, 0x93, 0xfe, 0x93, 
	0xfe, 0xd5, 0xfe, 0xd5, 0xfe, 0xd5, 0xfe, 0xd5, 
	0xfe, 0xd5, 0xfe, 0xd5, 0xfe, 0xd5, 0xfe, 0xd5, 
	0xfe, 0xd5, 0xfe, 0xd5, 0xfe, 0xd5, 0xfe, 0xd5, 
	0xfe, 0xd5, 0xfe, 0xd5, 0xfe, 0xd5, 0xfe, 0xd5, 
	0xfe, 0xd5, 0xfe, 0xd5, 0xfe, 0xd5, 0xfe, 0xd5, 
	0xff, 0x7f, 0xff, 0x7f, 0xff, 0x7f, 0xff, 0x7f, 
	0xff, 0x7f, 0xff, 0x7f, 0xff, 0x7f, 0xff, 0x7f, 
	0xfe, 0x93, 0xfe, 0x93, 0xfe, 0x91, 0xfe, 0x91, 
	0xfe, 0xd5, 0xfe, 0xd5, 0xfe, 0xd5, 0xfe, 0xd5, 
	0xfe, 0xd5, 0xfe, 0xd5, 0xfe, 0xd5, 0xfe, 0xd5, 
	0xfe, 0xd5, 0xfe, 0xd5, 0xfe, 0xd5, 0xfe, 0xd5, 
	0xfe, 0xd5, 0xfe, 0xd5, 0xfe, 0xd5, 0xfe, 0xd5, 
	0xfe, 0xd5, 0xfe, 0xd5, 0xfe, 0xd5, 0xfe, 0xd5, 
	0xff, 0x7f, 0xff, 0x7f, 0xff, 0x7f, 0xff, 0x7f, 
	0xff, 0x7f, 0xff, 0x7f, 0xff, 0x7f, 0xff, 0x7f, 
	0xfe, 0x91, 0xfe, 0x91, 0xfe, 0x91, 0xfe, 0x91, 
	0xfe, 0xd5, 0xfe, 0xd5, 0xfe, 0xd5, 0xfe, 0xd5, 
	0xfe, 0xd5, 0xfe, 0xd5, 0xfe, 0xd5, 0xfe, 0xd5, 
	0xfe, 0xd5, 0xfe, 0xd5, 0xfe, 0xd5, 0xfe, 0xd5, 
	0xfe, 0xd5, 0xfe, 0xd5, 0xfe, 0xd5, 0xfe, 0xd5, 
	0xfe, 0xd5, 0xfe, 0xd5, 0xfe, 0xd5, 0xfe, 0xd5, 
	0xfe, 0xd5, 0xfe, 0xd5, 0xfe, 0xd5, 0xfe, 0xd3, 
	0xfe, 0xd3, 0xfe, 0x93, 0xfe, 0x93, 0xfe, 0x91, 
	0xfe, 0x91, 0xfe, 0x91, 0xab, 0x45, 0xab, 0x45, 
	0xfe, 0xd5, 0xfe, 0xd5, 0xfe, 0xd5, 0xfe, 0xd5, 
	0xfe, 0xd5, 0xfe, 0xd5, 0xfe, 0xd5, 0xfe, 0xd5, 
	0xfe, 0xd5, 0xfe, 0xd5, 0xfe, 0xd5, 0xfe, 0xd5, 
	0xfe, 0xd5, 0xfe, 0xd5, 0xfe, 0xd5, 0xfe, 0xd5, 
	0xfe, 0xd5, 0xfe, 0xd5, 0xfe, 0xd5, 0xfe, 0xd5, 
	0xfe, 0xd5, 0xfe, 0xd5, 0xfe, 0xd3, 0xfe, 0xd3, 
	0xfe, 0xd3, 0xfe, 0x93, 0xfe, 0x91, 0xfe, 0x91, 
	0xfe, 0x91, 0xfe, 0x91, 0xab, 0x87, 0xb3, 0x87, 
	0xfe, 0xd5, 0xfe, 0xd5, 0xfe, 0xd5, 0xfe, 0xd5, 
	0xfe, 0xd5, 0xfe, 0xd5, 0xfe, 0xd5, 0xfe, 0xd5, 
	0xfe, 0xd5, 0xfe, 0xd5, 0xfe, 0xd5, 0xfe, 0xd5, 
	0xfe, 0xd5, 0xfe, 0xd5, 0xfe, 0xd5, 0xfe, 0xd5, 
	0xfe, 0xd5, 0xfe, 0xd5, 0xfe, 0xd5, 0xfe, 0xd5, 
	0xfe, 0xd5, 0xfe, 0xd5, 0xfe, 0xd3, 0xfe, 0xd3, 
	0xfe, 0xd3, 0xfe, 0x93, 0xfe, 0x91, 0xfe, 0x91, 
	0xfe, 0x91, 0xfe, 0x91, 0xb3, 0xc7, 0xbb, 0xc7, 
	0xfe, 0xd5, 0xfe, 0xd5, 0xfe, 0xd5, 0xfe, 0xd5, 
	0xfe, 0xd5, 0xfe, 0xd5, 0xfe, 0xd5, 0xfe, 0xd5, 
	0xfe, 0xd5, 0xfe, 0xd5, 0xfe, 0xd5, 0xfe, 0xd5, 
	0xfe, 0xd5, 0xfe, 0xd5, 0xfe, 0xd5, 0xfe, 0xd5, 
	0xfe, 0xd5, 0xfe, 0xd5, 0xfe, 0xd5, 0xfe, 0xd5, 
	0xfe, 0xd5, 0xfe, 0xd5, 0xfe, 0xd3, 0xfe, 0xd3, 
	0xfe, 0xd3, 0xfe, 0x93, 0xfe, 0x91, 0xfe, 0x91, 
	0xfe, 0x91, 0xfe, 0x91, 0xbc, 0x07, 0xc4, 0x07, 
	0xfe, 0xd5, 0xfe, 0xd5, 0xfe, 0xd5, 0xfe, 0xd5, 
	0xfe, 0xd5, 0xfe, 0xd5, 0xfe, 0xd5, 0xfe, 0xd5, 
	0xfe, 0xd5, 0xfe, 0xd5, 0xfe, 0xd5, 0xfe, 0xd5, 
	0xfe, 0xd5, 0xfe, 0xd5, 0xfe, 0xd5, 0xfe, 0xd5, 
	0xfe, 0xd5, 0xfe, 0xd5, 0xfe, 0xd5, 0xfe, 0xd5, 
	0xfe, 0xd5, 0xfe, 0xd5, 0xfe, 0xd5, 0xfe, 0xd3, 
	0xfe, 0xd3, 0xfe, 0x93, 0xfe, 0x91, 0xfe, 0x91, 
	0xfe, 0x91, 0xfe, 0x91, 0xc4, 0x49, 0xc4, 0x49, 
	0xfe, 0xd5, 0xfe, 0xd5, 0xfe, 0xd5, 0xfe, 0xd5, 
	0xfe, 0xd5, 0xfe, 0xd5, 0xfe, 0xd5, 0xfe, 0xd5, 
	0xfe, 0xd5, 0xfe, 0xd5, 0xfe, 0xd5, 0xfe, 0xd5, 
	0xfe, 0xd5, 0xfe, 0xd5, 0xfe, 0xd5, 0xfe, 0xd5, 
	0xfe, 0xd5, 0xfe, 0xd5, 0xfe, 0xd5, 0xfe, 0xd5, 
	0xfe, 0xd5, 0xfe, 0xd5, 0xfe, 0xd5, 0xfe, 0xd3, 
	0xfe, 0xd3, 0xfe, 0xd3, 0xfe, 0x91, 0xfe, 0x91, 
	0xfe, 0x91, 0xfe, 0x8f, 0xcc, 0x89, 0xcc, 0x89, 
	0xfe, 0xd5, 0xfe, 0xd5, 0xfe, 0xd5, 0xfe, 0xd5, 
	0xfe, 0xd5, 0xfe, 0xd5, 0xfe, 0xd5, 0xfe, 0xd5, 
	0xfe, 0xd5, 0xfe, 0xd5, 0xfe, 0xd5, 0xfe, 0xd5, 
	0xfe, 0xd5, 0xfe, 0xd5, 0xfe, 0xd5, 0xfe, 0xd5, 
	0xfe, 0xd5, 0xfe, 0xd5, 0xfe, 0xd5, 0xfe, 0xd5, 
	0xfe, 0xd5, 0xfe, 0xd5, 0xfe, 0xd3, 0xfe, 0xd3, 
	0xfe, 0xd3, 0xfe, 0xd3, 0xfe, 0x91, 0xfe, 0x91, 
	0xfe, 0x91, 0xfe, 0x8f, 0xd4, 0xcb, 0xd4, 0xcb, 
	0xfe, 0xd5, 0xfe, 0xd5, 0xfe, 0xd5, 0xfe, 0xd5, 
	0xfe, 0xd5, 0xfe, 0xd5, 0xfe, 0xd5, 0xfe, 0xd5, 
	0xfe, 0xd5, 0xfe, 0xd5, 0xfe, 0xd5, 0xfe, 0xd5, 
	0xfe, 0xd5, 0xfe, 0xd5, 0xfe, 0xd5, 0xfe, 0xd5, 
	0xfe, 0xd5, 0xfe, 0xd5, 0xfe, 0xd5, 0xfe, 0xd5, 
	0xfe, 0xd5, 0xfe, 0xd5, 0xfe, 0xd3, 0xfe, 0xd3, 
	0xfe, 0xd3, 0xfe, 0xd3, 0xfe, 0x91, 0xfe, 0x91, 
	0xfe, 0x91, 0xfe, 0x8f, 0xdd, 0x0b, 0xdd, 0x0b, 
	0xfe, 0xd5, 0xfe, 0xd5, 0xfe, 0xd5, 0xfe, 0xd5, 
	0xfe, 0xd5, 0xfe, 0xd5, 0xfe, 0xd5, 0xfe, 0xd5, 
	0xfe, 0xd5, 0xfe, 0xd5, 0xfe, 0xd5, 0xfe, 0xd5, 
	0xfe, 0xd5, 0xfe, 0xd5, 0xfe, 0xd5, 0xfe, 0xd5, 
	0xfe, 0xd5, 0xfe, 0xd5, 0xfe, 0xd5, 0xfe, 0xd5, 
	0xfe, 0xd5, 0xfe, 0xd3, 0xfe, 0xd3, 0xfe, 0xd3, 
	0xfe, 0xd3, 0xfe, 0xd3, 0xfe, 0x93, 0xfe, 0x91, 
	0xfe, 0x91, 0xfe, 0x8f, 0xdd, 0x0b, 0xdd, 0x0b, 
	0xfe, 0xd5, 0xfe, 0xd5, 0xfe, 0xd5, 0xfe, 0xd5, 
	0xfe, 0xd5, 0xfe, 0xd5, 0xfe, 0xd5, 0xfe, 0xd5, 
	0xfe, 0xd5, 0xfe, 0xd5, 0xfe, 0xd5, 0xfe, 0xd5, 
	0xfe, 0xd5, 0xfe, 0xd5, 0xfe, 0xd5, 0xfe, 0xd5, 
	0xfe, 0xd5, 0xfe, 0xd5, 0xfe, 0xd5, 0xfe, 0xd5, 
	0xfe, 0xd5, 0xfe, 0xd3, 0xfe, 0xd3, 0xfe, 0xd3, 
	0xfe, 0xd3, 0xfe, 0xd3, 0xfe, 0x93, 0xfe, 0x91, 
	0xfe, 0x91, 0xfe, 0x91, 0xe5, 0x0b, 0xe5, 0x0b, 
	0xfe, 0xd5, 0xfe, 0xd5, 0xfe, 0xd5, 0xfe, 0xd5, 
	0xfe, 0xd5, 0xfe, 0xd5, 0xfe, 0xd5, 0xfe, 0xd5, 
	0xfe, 0xd5, 0xfe, 0xd5, 0xfe, 0xd5, 0xfe, 0xd5, 
	0xfe, 0xd5, 0xfe, 0xd5, 0xfe, 0xd5, 0xfe, 0xd5, 
	0xfe, 0xd5, 0xfe, 0xd5, 0xfe, 0xd5, 0xfe, 0xd5, 
	0xfe, 0xd5, 0xfe, 0xd3, 0xfe, 0xd3, 0xfe, 0xd3, 
	0xfe, 0xd3, 0xfe, 0xd3, 0xfe, 0xd3, 0xfe, 0x91, 
	0xfe, 0x91, 0xfe, 0x91, 0xe5, 0x4b, 0xe5, 0x0b, 
	0xfe, 0xd5, 0xfe, 0xd5, 0xfe, 0xd5, 0xfe, 0xd5, 
	0xfe, 0xd5, 0xfe, 0xd5, 0xfe, 0xd5, 0xfe, 0xd5, 
	0xfe, 0xd5, 0xfe, 0xd5, 0xfe, 0xd5, 0xfe, 0xd5, 
	0xfe, 0xd5, 0xfe, 0xd5, 0xfe, 0xd5, 0xfe, 0xd5, 
	0xfe, 0xd5, 0xfe, 0xd5, 0xfe, 0xd5, 0xfe, 0xd5, 
	0xfe, 0xd5, 0xfe, 0xd3, 0xfe, 0xd3, 0xfe, 0xd3, 
	0xfe, 0xd3, 0xfe, 0xd3, 0xfe, 0xd3, 0xfe, 0x91, 
	0xfe, 0x91, 0xfe, 0x91, 0xfe, 0x8f, 0xfe, 0x4f, 
	0xfe, 0xd5, 0xfe, 0xd5, 0xfe, 0xd5, 0xfe, 0xd5, 
	0xfe, 0xd5, 0xfe, 0xd5, 0xfe, 0xd5, 0xfe, 0xd5, 
	0xfe, 0xd5, 0xfe, 0xd5, 0xfe, 0xd5, 0xfe, 0xd5, 
	0xfe, 0xd5, 0xfe, 0xd5, 0xfe, 0xd5, 0xfe, 0xd5, 
	0xfe, 0xd5, 0xfe, 0xd5, 0xfe, 0xd5, 0xfe, 0xd5, 
	0xfe, 0xd5, 0xfe, 0xd3, 0xfe, 0xd3, 0xfe, 0xd3, 
	0xfe, 0xd3, 0xfe, 0xd3, 0xfe, 0x93, 0xfe, 0x91, 
	0xfe, 0x91, 0xfe, 0x91, 0xfe, 0x8f, 0xfe, 0x4f, 
	0xfe, 0xd5, 0xfe, 0xd5, 0xfe, 0xd5, 0xfe, 0xd5, 
	0xfe, 0xd5, 0xfe, 0xd5, 0xfe, 0xd5, 0xfe, 0xd5, 
	0xfe, 0xd5, 0xfe, 0xd5, 0xfe, 0xd5, 0xfe, 0xd5, 
	0xfe, 0xd5, 0xfe, 0xd5, 0xfe, 0xd5, 0xfe, 0xd5, 
	0xfe, 0xd5, 0xfe, 0xd5, 0xfe, 0xd5, 0xfe, 0xd5, 
	0xfe, 0xd3, 0xfe, 0xd3, 0xfe, 0xd3, 0xfe, 0xd3, 
	0xfe, 0xd3, 0xfe, 0xd3, 0xfe, 0x93, 0xfe, 0x93, 
	0xfe, 0x91, 0xfe, 0x91, 0xfe, 0x8f, 0xfe, 0x4f, 
	0xfe, 0xd5, 0xfe, 0xd5, 0xfe, 0xd5, 0xfe, 0xd5, 
	0xfe, 0xd5, 0xfe, 0xd5, 0xfe, 0xd5, 0xfe, 0xd5, 
	0xfe, 0xd5, 0xfe, 0xd5, 0xfe, 0xd5, 0xfe, 0xd5, 
	0xfe, 0xd5, 0xfe, 0xd5, 0xfe, 0xd5, 0xfe, 0xd5, 
	0xfe, 0xd5, 0xfe, 0xd5, 0xfe, 0xd5, 0xfe, 0xd5, 
	0xfe, 0xd3, 0xfe, 0xd3, 0xfe, 0xd3, 0xfe, 0xd3, 
	0xfe, 0xd3, 0xfe, 0xd3, 0xfe, 0xd3, 0xfe, 0x93, 
	0xfe, 0x91, 0xfe, 0x91, 0xfe, 0x8f, 0xfe, 0x4f, 
	0xfe, 0xd5, 0xfe, 0xd5, 0xfe, 0xd5, 0xfe, 0xd5, 
	0xfe, 0xd5, 0xfe, 0xd5, 0xfe, 0xd5, 0xfe, 0xd5, 
	0xfe, 0xd5, 0xfe, 0xd5, 0xfe, 0xd5, 0xfe, 0xd5, 
	0xfe, 0xd5, 0xfe, 0xd5, 0xfe, 0xd5, 0xfe, 0xd5, 
	0xfe, 0xd5, 0xfe, 0xd5, 0xfe, 0xd5, 0xfe, 0xd5, 
	0xfe, 0xd3, 0xfe, 0xd3, 0xfe, 0xd3, 0xfe, 0xd3, 
	0xfe, 0xd3, 0xfe, 0xd3, 0xfe, 0xd3, 0xfe, 0x93, 
	0xfe, 0x91, 0xfe, 0x91, 0xfe, 0x8f, 0xfe, 0x4f, 
	0xfe, 0xd5, 0xfe, 0xd5, 0xfe, 0xd5, 0xfe, 0xd5, 
	0xfe, 0xd5, 0xfe, 0xd5, 0xfe, 0xd5, 0xfe, 0xd5, 
	0xfe, 0xd5, 0xfe, 0xd5, 0xfe, 0xd5, 0xfe, 0xd5, 
	0xfe, 0xd5, 0xfe, 0xd5, 0xfe, 0xd5, 0xfe, 0xd5, 
	0xfe, 0xd5, 0xfe, 0xd5, 0xfe, 0xd5, 0xfe, 0xd5, 
	0xfe, 0xd3, 0xfe, 0xd3, 0xfe, 0xd3, 0xfe, 0xd3, 
	0xfe, 0xd3, 0xfe, 0xd3, 0xfe, 0xd3, 0xfe, 0x93, 
	0xfe, 0x91, 0xfe, 0x91, 0xfe, 0x8f, 0xfe, 0x4f, 
	0xfe, 0xd5, 0xfe, 0xd5, 0xfe, 0xd5, 0xfe, 0xd5, 
	0xfe, 0xd5, 0xfe, 0xd5, 0xfe, 0xd5, 0xfe, 0xd5, 
	0xfe, 0xd5, 0xfe, 0xd5, 0xfe, 0xd5, 0xfe, 0xd5, 
	0xfe, 0xd5, 0xfe, 0xd5, 0xfe, 0xd5, 0xfe, 0xd5, 
	0xfe, 0xd5, 0xfe, 0xd5, 0xfe, 0xd5, 0xfe, 0xd5, 
	0xfe, 0xd5, 0xfe, 0xd3, 0xfe, 0xd3, 0xfe, 0xd3, 
	0xfe, 0xd3, 0xfe, 0xd3, 0xfe, 0xd3, 0xfe, 0x93, 
	0xfe, 0x91, 0xfe, 0x91, 0xfe, 0x8f, 0xfe, 0x8d, 
	0xfe, 0xd5, 0xfe, 0xd5, 0xfe, 0xd5, 0xfe, 0xd5, 
	0xfe, 0xd5, 0xfe, 0xd5, 0xfe, 0xd5, 0xfe, 0xd5, 
	0xfe, 0xd5, 0xfe, 0xd5, 0xfe, 0xd5, 0xfe, 0xd5, 
	0xfe, 0xd5, 0xfe, 0xd5, 0xfe, 0xd5, 0xfe, 0xd5, 
	0xfe, 0xd5, 0xfe, 0xd5, 0xfe, 0xd5, 0xfe, 0xd5, 
	0xfe, 0xd5, 0xfe, 0xd5, 0xfe, 0xd3, 0xfe, 0xd3, 
	0xfe, 0xd3, 0xfe, 0xd3, 0xfe, 0xd3, 0xfe, 0x93, 
	0xfe, 0x91, 0xfe, 0x91, 0xfe, 0x8f, 0xfe, 0x8d, 
	0xfe, 0xd5, 0xfe, 0xd5, 0xfe, 0xd5, 0xfe, 0xd5, 
	0xfe, 0xd5, 0xfe, 0xd5, 0xfe, 0xd5, 0xfe, 0xd5, 
	0xfe, 0xd5, 0xf6, 0xd5, 0xfe, 0xd5, 0xfe, 0xd5, 
	0xfe, 0xd5, 0xfe, 0xd5, 0xfe, 0xd5, 0xfe, 0xd5, 
	0xfe, 0xd5, 0xfe, 0xd5, 0xfe, 0xd5, 0xfe, 0xd5, 
	0xfe, 0xd5, 0xfe, 0xd5, 0xfe, 0xd5, 0xfe, 0xd3, 
	0xfe, 0xd3, 0xfe, 0xd3, 0xfe, 0xd3, 0xfe, 0x93, 
	0xfe, 0x91, 0xfe, 0x91, 0xfe, 0x8f, 0xfe, 0x8d, 
	0xfe, 0xd5, 0xfe, 0xd5, 0xfe, 0xd5, 0xfe, 0xd5, 
	0xfe, 0xd5, 0xfe, 0xd5, 0xfe, 0xd5, 0xfe, 0xd5, 
	0xf6, 0xd5, 0xfe, 0xd5, 0xfe, 0xd5, 0xfe, 0xd5, 
	0xfe, 0xd5, 0xfe, 0xd5, 0xfe, 0xd5, 0xfe, 0xd5, 
	0xfe, 0xd5, 0xfe, 0xd5, 0xfe, 0xd5, 0xfe, 0xd5, 
	0xfe, 0xd5, 0xfe, 0xd5, 0xfe, 0xd5, 0xfe, 0xd3, 
	0xfe, 0xd3, 0xfe, 0xd3, 0xfe, 0xd3, 0xfe, 0x93, 
	0xfe, 0x91, 0xfe, 0x91, 0xfe, 0x8f, 0xfe, 0x4d, 
	0xfe, 0xd5, 0xfe, 0xd5, 0xfe, 0xd5, 0xfe, 0xd5, 
	0xfe, 0xd5, 0xfe, 0xd5, 0xfe, 0xd5, 0xf6, 0xd5, 
	0xfe, 0xd5, 0xfe, 0xd5, 0xfe, 0xd5, 0xfe, 0xd5, 
	0xfe, 0xd5, 0xfe, 0xd5, 0xfe, 0xd5, 0xfe, 0xd5, 
	0xfe, 0xd5, 0xfe, 0xd5, 0xfe, 0xd5, 0xfe, 0xd5, 
	0xfe, 0xd5, 0xfe, 0xd5, 0xfe, 0xd5, 0xfe, 0xd5, 
	0xfe, 0xd3, 0xfe, 0xd3, 0xfe, 0xd3, 0xfe, 0x93, 
	0xfe, 0x91, 0xfe, 0x91, 0xfe, 0x8f, 0xfe, 0x8d, 
	0xfe, 0xd5, 0xfe, 0xd5, 0xfe, 0xd5, 0xfe, 0xd5, 
	0xfe, 0xd5, 0xfe, 0xd5, 0xfe, 0xd5, 0xfe, 0xd5, 
	0xfe, 0xd5, 0xfe, 0xd5, 0xfe, 0xd5, 0xfe, 0xd5, 
	0xfe, 0xd5, 0xfe, 0xd5, 0xfe, 0xd5, 0xfe, 0xd5, 
	0xfe, 0xd5, 0xfe, 0xd5, 0xfe, 0xd5, 0xfe, 0xd5, 
	0xfe, 0xd5, 0xfe, 0xd5, 0xfe, 0xd5, 0xfe, 0xd5, 
	0xfe, 0xd3, 0xfe, 0xd3, 0xfe, 0xd3, 0xfe, 0x93, 
	0xfe, 0x91, 0xfe, 0x91, 0xfe, 0x8f, 0xfe, 0x8d, 
	0xfe, 0xd5, 0xfe, 0xd5, 0xfe, 0xd5, 0xfe, 0xd5, 
	0xfe, 0xd5, 0xfe, 0xd5, 0xfe, 0xd5, 0xfe, 0xd5, 
	0xfe, 0xd5, 0xfe, 0xd5, 0xfe, 0xd5, 0xfe, 0xd5, 
	0xde, 0x15, 0x8b, 0x8d, 0x42, 0x07, 0x10, 0x81, 
	0x10, 0x81, 0x42, 0x07, 0x8b, 0x8d, 0xde, 0x15, 
	0xfe, 0xd5, 0xfe, 0xd5, 0xfe, 0xd5, 0xfe, 0xd5, 
	0xfe, 0xd3, 0xfe, 0xd3, 0xfe, 0xd3, 0xfe, 0x91, 
	0xfe, 0x91, 0xfe, 0x91, 0xfe, 0x8f, 0xfe, 0x4d, 
	0xfe, 0xd5, 0xfe, 0xd5, 0xfe, 0xd5, 0xfe, 0xd5, 
	0xfe, 0xd5, 0xfe, 0xd5, 0xfe, 0xd5, 0xfe, 0xd5, 
	0xfe, 0xd5, 0xfe, 0xd5, 0xfe, 0xd5, 0xbd, 0x51, 
	0x49, 0xc5, 0x00, 0x01, 0x00, 0x01, 0x00, 0x01, 
	0x00, 0x01, 0x00, 0x01, 0x00, 0x01, 0x49, 0xc5, 
	0xbd, 0x51, 0xfe, 0xd5, 0xfe, 0xd5, 0xfe, 0xd5, 
	0xfe, 0xd3, 0xfe, 0xd3, 0xfe, 0xd3, 0xfe, 0x91, 
	0xfe, 0x91, 0xfe, 0x8f, 0xfe, 0x8f, 0xfe, 0x4d, 
	0xfe, 0xd5, 0xfe, 0xd5, 0xfe, 0xd5, 0xfe, 0xd5, 
	0xfe, 0xd5, 0xfe, 0xd5, 0xfe, 0xd5, 0xfe, 0xd5, 
	0xfe, 0xd5, 0xfe, 0xd5, 0xde, 0x15, 0x49, 0xc5, 
	0x00, 0x01, 0x00, 0x01, 0x08, 0x43, 0x00, 0x01, 
	0x00, 0x01, 0x00, 0x01, 0x00, 0x01, 0x00, 0x01, 
	0x4a, 0x49, 0xde, 0x15, 0xfe, 0xd5, 0xfe, 0xd5, 
	0xfe, 0xd3, 0xfe, 0xd3, 0xfe, 0xd3, 0xfe, 0x91, 
	0xfe, 0x91, 0xfe, 0x8f, 0xfe, 0x4f, 0xfe, 0x4d, 
	0xfe, 0xd5, 0xfe, 0xd5, 0xfe, 0xd5, 0xfe, 0xd5, 
	0xfe, 0xd5, 0xfe, 0xd5, 0xfe, 0xd5, 0xfe, 0xd5, 
	0xfe, 0xd5, 0xfe, 0xd5, 0x8b, 0x8d, 0x00, 0x01, 
	0x10, 0x85, 0x73, 0x9d, 0xb5, 0xad, 0x7b, 0xdf, 
	0x10, 0x85, 0x00, 0x01, 0x00, 0x01, 0x00, 0x01, 
	0x08, 0x43, 0x8c, 0x0d, 0xfe, 0xd5, 0xfe, 0xd5, 
	0xfe, 0xd3, 0xfe, 0xd3, 0xfe, 0xd3, 0xfe, 0x91, 
	0xfe, 0x91, 0xfe, 0x8f, 0xfe, 0x4f, 0xfe, 0x4d, 
	0xfe, 0xd5, 0xfe, 0xd5, 0xfe, 0xd5, 0xfe, 0xd5, 
	0xfe, 0xd5, 0xfe, 0xd5, 0xfe, 0xd5, 0xfe, 0xd5, 
	0xfe, 0xd5, 0xfe, 0xd5, 0x42, 0x07, 0x00, 0x01, 
	0x39, 0xcf, 0xde, 0xf7, 0xef, 0x7b, 0xe7, 0x39, 
	0x5a, 0xd7, 0x00, 0x01, 0x08, 0x43, 0x08, 0x43, 
	0x08, 0x43, 0x52, 0x4b, 0xfe, 0xd5, 0xfe, 0xd5, 
	0xfe, 0xd3, 0xfe, 0xd3, 0xfe, 0xd3, 0xfe, 0x91, 
	0xfe, 0x91, 0xfe, 0x8f, 0xfe, 0x8d, 0xfe, 0x4d, 
	0xfe, 0xd5, 0xfe, 0xd5, 0xfe, 0xd5, 0xfe, 0xd5, 
	0xfe, 0xd5, 0xfe, 0xd5, 0xfe, 0xd5, 0xfe, 0xd5, 
	0xfe, 0xd5, 0xfe, 0xd5, 0x18, 0xc3, 0x00, 0x01, 
	0x31, 0x8d, 0xde, 0xf7, 0xef, 0x7b, 0xe7, 0x39, 
	0x5a, 0xd7, 0x00, 0x01, 0x08, 0x43, 0x08, 0x43, 
	0x18, 0xc7, 0x31, 0x49, 0xfe, 0xd5, 0xfe, 0xd5, 
	0xfe, 0xd3, 0xfe, 0xd3, 0xfe, 0xd3, 0xfe, 0x91, 
	0xfe, 0x8f, 0xfe, 0x8f, 0xfe, 0x4d, 0xfe, 0x4d, 
	0xfe, 0xd5, 0xfe, 0xd5, 0xfe, 0xd5, 0xfe, 0xd5, 
	0xfe, 0xd5, 0xfe, 0xd5, 0xfe, 0xd5, 0xfe, 0xd5, 
	0xfe, 0xd5, 0xfe, 0xd5, 0x18, 0xc3, 0x00, 0x01, 
	0x08, 0x43, 0x73, 0x9d, 0xbd, 0xef, 0x94, 0xa5, 
	0x18, 0xc7, 0x08, 0x43, 0x08, 0x43, 0x18, 0xc7, 
	0x29, 0x4b, 0x42, 0x0f, 0xfe, 0xd5, 0xfe, 0xd5, 
	0xfe, 0xd3, 0xfe, 0xd3, 0xfe, 0xd3, 0xfe, 0x91, 
	0xfe, 0x8f, 0xfe, 0x8f, 0xfe, 0x4d, 0xfe, 0x4d, 
	0xfe, 0xd5, 0xfe, 0xd5, 0xfe, 0xd5, 0xfe, 0xd5, 
	0xfe, 0xd5, 0xfe, 0xd5, 0xfe, 0xd5, 0xfe, 0xd5, 
	0xfe, 0xd5, 0xfe, 0xd5, 0x52, 0x49, 0x08, 0x43, 
	0x08, 0x43, 0x08, 0x43, 0x08, 0x43, 0x08, 0x43, 
	0x08, 0x43, 0x08, 0x43, 0x18, 0xc7, 0x29, 0x4b, 
	0x42, 0x11, 0x73, 0x55, 0xfe, 0xd5, 0xfe, 0xd5, 
	0xfe, 0xd3, 0xfe, 0xd3, 0xfe, 0x93, 0xfe, 0x91, 
	0xfe, 0x8f, 0xfe, 0x8f, 0xfe, 0x4d, 0xfe, 0x4d, 
	0xfe, 0xd5, 0xfe, 0xd5, 0xfe, 0xd5, 0xfe, 0xd5, 
	0xfe, 0xd5, 0xfe, 0xd5, 0xfe, 0xd5, 0xfe, 0xd5, 
	0xfe, 0xd5, 0xfe, 0xd5, 0x94, 0x4f, 0x10, 0x85, 
	0x08, 0x43, 0x08, 0x43, 0x08, 0x43, 0x08, 0x43, 
	0x08, 0x43, 0x18, 0xc7, 0x29, 0x4b, 0x42, 0x11, 
	0x5a, 0xd7, 0x9c, 0x95, 0xfe, 0xd5, 0xfe, 0xd5, 
	0xfe, 0xd3, 0xfe, 0xd3, 0xfe, 0x91, 0xfe, 0x91, 
	0xfe, 0x8f, 0xfe, 0x8f, 0xfe, 0x4d, 0xfe, 0x4d, 
	0xfe, 0xd5, 0xfe, 0xd5, 0xfe, 0xd5, 0xfe, 0xd5, 
	0xfe, 0xd5, 0xfe, 0xd5, 0xfe, 0xd5, 0xfe, 0xd5, 
	0xfe, 0xd5, 0xfe, 0xd5, 0xde, 0x15, 0x62, 0x8f, 
	0x21, 0x09, 0x18, 0xc7, 0x18, 0xc7, 0x18, 0xc7, 
	0x21, 0x09, 0x29, 0x4b, 0x42, 0x11, 0x5a, 0xd7, 
	0x7b, 0x95, 0xde, 0x17, 0xfe, 0xd5, 0xfe, 0xd5, 
	0xfe, 0xd3, 0xfe, 0x93, 0xfe, 0x91, 0xfe, 0x8f, 
	0xfe, 0x8f, 0xfe, 0x8f, 0xfe, 0x4d, 0xfe, 0x4b, 
	0xfe, 0xd5, 0xfe, 0xd5, 0xfe, 0xd5, 0xfe, 0xd5, 
	0xfe, 0xd5, 0xfe, 0xd5, 0xfe, 0xd5, 0xfe, 0xd5, 
	0xfe, 0xd5, 0xfe, 0xd5, 0xfe, 0xd5, 0xc5, 0x53, 
	0x6a, 0xd1, 0x31, 0x8d, 0x31, 0x8d, 0x31, 0x8d, 
	0x42, 0x11, 0x4a, 0x53, 0x5a, 0xd7, 0x7b, 0x97, 
	0xc5, 0x95, 0xfe, 0xd5, 0xfe, 0xd5, 0xfe, 0xd5, 
	0xfe, 0x93, 0xfe, 0x91, 0xfe, 0x91, 0xfe, 0x8f, 
	0xfe, 0x8f, 0xfe, 0x4f, 0xfe, 0x4d, 0xfe, 0x4b, 
	0xfe, 0xd5, 0xfe, 0xd5, 0xfe, 0xd5, 0xfe, 0xd5, 
	0xfe, 0xd5, 0xfe, 0xd5, 0xfe, 0xd5, 0xfe, 0xd5, 
	0xfe, 0xd5, 0xfe, 0xd5, 0xfe, 0xd5, 0xfe, 0xd5, 
	0xde, 0x15, 0x9c, 0x53, 0x6b, 0x15, 0x5a, 0xd5, 
	0x62, 0xd7, 0x73, 0x95, 0xa4, 0x97, 0xde, 0x17, 
	0xfe, 0xd5, 0xfe, 0xd5, 0xfe, 0xd5, 0xfe, 0xd5, 
	0xfe, 0x91, 0xfe, 0x91, 0xfe, 0x91, 0xfe, 0x8f, 
	0xfe, 0x8f, 0xfe, 0x4d, 0xfe, 0x4d, 0xfe, 0x4b, 
	0xfe, 0xd5, 0xfe, 0xd5, 0xfe, 0xd5, 0xfe, 0xd5, 
	0xfe, 0xd5, 0xfe, 0xd5, 0xfe, 0xd5, 0xfe, 0xd5, 
	0xfe, 0xd5, 0xfe, 0xd5, 0xfe, 0xd5, 0xfe, 0xd5, 
	0xfe, 0xd5, 0xfe, 0xd5, 0xfe, 0xd5, 0xfe, 0xd5, 
	0xfe, 0xd5, 0xfe, 0xd5, 0xfe, 0xd5, 0xfe, 0xd5, 
	0xfe, 0xd5, 0xfe, 0xd5, 0xfe, 0xd5, 0xfe, 0xd3, 
	0xfe, 0x91, 0xfe, 0x91, 0xfe, 0x8f, 0xfe, 0x8f, 
	0xfe, 0x8d, 0xfe, 0x4d, 0xfe, 0x4d, 0xfe, 0x4b, 
	0xfe, 0xd5, 0xfe, 0xd5, 0xfe, 0xd3, 0xfe, 0xd3, 
	0xfe, 0xd3, 0xfe, 0xd3, 0xfe, 0xd3, 0xfe, 0xd3, 
	0xfe, 0xd5, 0xfe, 0xd5, 0xfe, 0xd5, 0xfe, 0xd5, 
	0xfe, 0xd5, 0xfe, 0xd5, 0xfe, 0xd5, 0xfe, 0xd5, 
	0xfe, 0xd5, 0xfe, 0xd5, 0xfe, 0xd5, 0xfe, 0xd5, 
	0xfe, 0xd5, 0xfe, 0xd5, 0xfe, 0xd5, 0xfe, 0x91, 
	0xfe, 0x91, 0xfe, 0x91, 0xfe, 0x8f, 0xfe, 0x8f, 
	0xfe, 0x8d, 0xfe, 0x4d, 0xfe, 0x4d, 0xfe, 0x4b, 
	0xfe, 0xd3, 0xfe, 0xd3, 0xfe, 0xd3, 0xfe, 0xd3, 
	0xfe, 0xd3, 0xfe, 0xd3, 0xfe, 0xd3, 0xfe, 0xd3, 
	0xfe, 0xd3, 0xfe, 0xd3, 0xfe, 0xd5, 0xfe, 0xd5, 
	0xfe, 0xd5, 0xfe, 0xd5, 0xfe, 0xd5, 0xfe, 0xd5, 
	0xfe, 0xd5, 0xfe, 0xd5, 0xfe, 0xd5, 0xfe, 0xd3, 
	0xfe, 0xd3, 0xfe, 0xd3, 0xfe, 0x91, 0xfe, 0x91, 
	0xfe, 0x91, 0xfe, 0x8f, 0xfe, 0x8f, 0xfe, 0x8f, 
	0xfe, 0x8d, 0xfe, 0x4d, 0xfe, 0x4d, 0xfe, 0x4b, 
	0xfe, 0xd3, 0xfe, 0xd3, 0xfe, 0xd3, 0xfe, 0xd3, 
	0xfe, 0xd3, 0xfe, 0xd3, 0xfe, 0x93, 0xfe, 0xd3, 
	0xfe, 0xd3, 0xfe, 0xd3, 0xfe, 0x93, 0xfe, 0x93, 
	0xfe, 0xd3, 0xfe, 0xd3, 0xfe, 0xd3, 0xfe, 0xd3, 
	0xfe, 0xd3, 0xfe, 0xd3, 0xfe, 0xd3, 0xfe, 0xd3, 
	0xfe, 0xd3, 0xfe, 0x91, 0xfe, 0x91, 0xfe, 0x91, 
	0xfe, 0x91, 0xfe, 0x8f, 0xfe, 0x8f, 0xfe, 0x8d, 
	0xfe, 0x8d, 0xfe, 0x4d, 0xfe, 0x4b, 0xfe, 0x4b, 
	0xfe, 0xd3, 0xfe, 0xd3, 0xfe, 0xd3, 0xfe, 0xd3, 
	0xfe, 0xd3, 0xfe, 0xd3, 0xfe, 0xd3, 0xfe, 0xd3, 
	0xfe, 0xd3, 0xfe, 0x93, 0xfe, 0x93, 0xfe, 0x93, 
	0xfe, 0x93, 0xfe, 0xd3, 0xfe, 0xd1, 0xfe, 0x91, 
	0xfe, 0x91, 0xfe, 0xd1, 0xfe, 0xd1, 0xfe, 0xd1, 
	0xfe, 0x91, 0xfe, 0x91, 0xfe, 0x91, 0xfe, 0x91, 
	0xfe, 0x8f, 0xfe, 0x8f, 0xfe, 0x8d, 0xfe, 0x8d, 
	0xfe, 0x4d, 0xfe, 0x4d, 0xfe, 0x4b, 0xfe, 0x4b, 
	
};

Texture monteman_tex1_64x64_a313190745fdbefc_4_i8[] = {
	0x0f, 0x0f, 0x10, 0x0f, 0x0f, 0x0f, 0x0f, 0x06, 
	0x06, 0x06, 0x06, 0x06, 0x06, 0x06, 0x06, 0x06, 
	0x06, 0x06, 0x06, 0x06, 0x06, 0x06, 0x06, 0x06, 
	0x06, 0x06, 0x06, 0x0b, 0x0b, 0x0b, 0x0b, 0x20, 
	0x2b, 0x1e, 0x1e, 0x13, 0x18, 0x20, 0x28, 0x30, 
	0x33, 0x33, 0x38, 0x38, 0x38, 0x38, 0x38, 0x3b, 
	0x38, 0x3b, 0x38, 0x38, 0x38, 0x38, 0x38, 0x38, 
	0x3b, 0x38, 0x3b, 0x3b, 0x39, 0x39, 0x36, 0x36, 
	0x0f, 0x0f, 0x0f, 0x0f, 0x0f, 0x0f, 0x0a, 0x06, 
	0x03, 0x03, 0x06, 0x03, 0x06, 0x06, 0x06, 0x06, 
	0x06, 0x06, 0x06, 0x06, 0x03, 0x03, 0x03, 0x06, 
	0x03, 0x06, 0x0b, 0x0b, 0x0b, 0x0b, 0x0b, 0x13, 
	0x1e, 0x1e, 0x1e, 0x13, 0x18, 0x20, 0x28, 0x30, 
	0x33, 0x33, 0x33, 0x38, 0x38, 0x38, 0x38, 0x3b, 
	0x38, 0x38, 0x38, 0x38, 0x38, 0x3b, 0x38, 0x38, 
	0x38, 0x38, 0x3b, 0x3f, 0x3f, 0x39, 0x39, 0x36, 
	0x10, 0x10, 0x10, 0x0b, 0x0f, 0x0f, 0x0a, 0x06, 
	0x03, 0x06, 0x06, 0x06, 0x03, 0x03, 0x03, 0x03, 
	0x03, 0x03, 0x03, 0x03, 0x00, 0x00, 0x00, 0x00, 
	0x0b, 0x0b, 0x30, 0x56, 0x24, 0x00, 0x00, 0x00, 
	0x00, 0x03, 0x03, 0x03, 0x0b, 0x0b, 0x0b, 0x1c, 
	0x17, 0x28, 0x28, 0x38, 0x3b, 0x41, 0x41, 0x41, 
	0x41, 0x41, 0x41, 0x41, 0x41, 0x41, 0x41, 0x41, 
	0x38, 0x38, 0x38, 0x38, 0x36, 0x36, 0x36, 0x36, 
	0x10, 0x10, 0x10, 0x0b, 0x0f, 0x0f, 0x0a, 0x06, 
	0x03, 0x03, 0x03, 0x03, 0x03, 0x03, 0x0e, 0x0e, 
	0x13, 0x13, 0x13, 0x13, 0x1c, 0x1c, 0x3a, 0x3a, 
	0x56, 0x56, 0x56, 0x56, 0x4d, 0x4d, 0x00, 0x00, 
	0x00, 0x03, 0x00, 0x00, 0x00, 0x0b, 0x0b, 0x1c, 
	0x17, 0x28, 0x28, 0x38, 0x38, 0x41, 0x46, 0x46, 
	0x43, 0x49, 0x49, 0x43, 0x43, 0x49, 0x43, 0x41, 
	0x41, 0x3b, 0x3b, 0x38, 0x3b, 0x3b, 0x3b, 0x36, 
	0x0e, 0x0e, 0x0e, 0x0b, 0x0b, 0x0b, 0x06, 0x03, 
	0x03, 0x03, 0x03, 0x03, 0x10, 0x20, 0x34, 0x48, 
	0x3b, 0x3b, 0x30, 0x30, 0x33, 0x43, 0x57, 0x6c, 
	0x71, 0x71, 0x54, 0x37, 0x37, 0x58, 0x78, 0x37, 
	0x03, 0x03, 0x03, 0x44, 0x48, 0x48, 0x48, 0x48, 
	0x89, 0x89, 0x4d, 0x4d, 0x44, 0x44, 0x44, 0x44, 
	0x54, 0x54, 0x46, 0x46, 0x46, 0x44, 0x44, 0x44, 
	0x43, 0x43, 0x3f, 0x3f, 0x3b, 0x3b, 0x3b, 0x36, 
	0x0b, 0x0e, 0x0b, 0x0b, 0x0b, 0x06, 0x06, 0x06, 
	0x03, 0x1e, 0x39, 0x39, 0x48, 0x48, 0x48, 0x48, 
	0x3b, 0x3b, 0x3b, 0x3b, 0x57, 0x57, 0x43, 0x33, 
	0x37, 0x37, 0x37, 0x1f, 0x18, 0x18, 0x37, 0x37, 
	0x23, 0x03, 0x23, 0x64, 0x6b, 0x6b, 0x6b, 0x6b, 
	0xc4, 0xc4, 0xff, 0xff, 0xff, 0xc4, 0x83, 0x44, 
	0x54, 0x54, 0x54, 0x46, 0x44, 0x44, 0x44, 0x44, 
	0x49, 0x49, 0x43, 0x43, 0x41, 0x41, 0x3b, 0x36, 
	0x0e, 0x0e, 0x0e, 0x0b, 0x02, 0x02, 0x02, 0x25, 
	0x3e, 0x61, 0x61, 0x61, 0x43, 0x33, 0x22, 0x22, 
	0x28, 0x28, 0x28, 0x28, 0x25, 0x25, 0x25, 0x25, 
	0x18, 0x13, 0x10, 0x13, 0x18, 0x18, 0x20, 0x20, 
	0x1e, 0x1e, 0x42, 0x58, 0x58, 0x91, 0xc7, 0xc7, 
	0xe6, 0xf8, 0xff, 0xff, 0xff, 0xff, 0xff, 0xfa, 
	0xc4, 0x88, 0x4c, 0x4c, 0x44, 0x44, 0x47, 0x47, 
	0x49, 0x47, 0x47, 0x47, 0x3f, 0x3f, 0x3f, 0x38, 
	0x13, 0x1b, 0x13, 0x0e, 0x02, 0x02, 0x25, 0x4d, 
	0x76, 0x76, 0x76, 0x4e, 0x33, 0x22, 0x22, 0x17, 
	0x14, 0x14, 0x14, 0x14, 0x15, 0x0d, 0x0d, 0x0d, 
	0x10, 0x13, 0x18, 0x18, 0x20, 0x20, 0x28, 0x30, 
	0x42, 0x58, 0x42, 0x58, 0x58, 0x91, 0xff, 0xff, 
	0xff, 0xff, 0xff, 0xff, 0xff, 0xff, 0xff, 0xff, 
	0xff, 0xff, 0xc4, 0x4c, 0x44, 0x4c, 0x47, 0x47, 
	0x47, 0x47, 0x47, 0x47, 0x44, 0x44, 0x3f, 0x38, 
	0x13, 0x20, 0x13, 0x0b, 0x0b, 0x0b, 0x58, 0x81, 
	0x70, 0x70, 0x55, 0x26, 0x1c, 0x34, 0x34, 0x34, 
	0x24, 0x24, 0x2c, 0x2c, 0x2d, 0x2d, 0x25, 0x1d, 
	0x22, 0x22, 0x22, 0x22, 0x38, 0x25, 0x25, 0x25, 
	0x40, 0x48, 0x48, 0x5b, 0x82, 0x82, 0x82, 0xea, 
	0xff, 0xff, 0xff, 0xff, 0xff, 0xff, 0xff, 0xff, 
	0xff, 0xff, 0xff, 0xea, 0x76, 0x35, 0x35, 0x35, 
	0x54, 0x54, 0x4c, 0x4c, 0x48, 0x48, 0x3f, 0x36, 
	0x20, 0x13, 0x0b, 0x03, 0x2f, 0x81, 0x81, 0x81, 
	0x70, 0x3c, 0x3c, 0x26, 0x34, 0x6b, 0x50, 0x1c, 
	0x24, 0x24, 0x2c, 0x2c, 0x2d, 0x2d, 0x2d, 0x2d, 
	0x14, 0x14, 0x14, 0x33, 0x4c, 0x38, 0x25, 0x38, 
	0x50, 0x48, 0x48, 0x48, 0x4e, 0x82, 0x82, 0x82, 
	0xd7, 0xff, 0xff, 0xff, 0xff, 0xff, 0xff, 0xff, 
	0xff, 0xff, 0xff, 0xfa, 0xf7, 0x35, 0x35, 0x35, 
	0x54, 0x5c, 0x5c, 0x54, 0x48, 0x48, 0x3f, 0x36, 
	0x27, 0x27, 0x00, 0x27, 0x70, 0x8c, 0x7f, 0x63, 
	0x4d, 0x4d, 0x29, 0x29, 0x34, 0x34, 0x18, 0x18, 
	0x2c, 0x2c, 0x2c, 0x40, 0x32, 0x29, 0x21, 0x21, 
	0x1b, 0x10, 0x1b, 0x3b, 0x6b, 0x6b, 0x6b, 0x6b, 
	0x58, 0x48, 0x37, 0x37, 0x29, 0x6b, 0x6b, 0x4a, 
	0x6c, 0xb6, 0xff, 0xff, 0xff, 0xff, 0xff, 0xff, 
	0xff, 0xff, 0xff, 0xff, 0xd9, 0x6b, 0x34, 0x34, 
	0x41, 0x51, 0x66, 0x7a, 0x49, 0x30, 0x30, 0x30, 
	0x27, 0x00, 0x00, 0x50, 0x7f, 0x8c, 0x7f, 0x63, 
	0x4d, 0x29, 0x06, 0x06, 0x18, 0x34, 0x50, 0x70, 
	0x69, 0x54, 0x40, 0x40, 0x32, 0x21, 0x1c, 0x21, 
	0x1b, 0x1b, 0x10, 0x10, 0x0c, 0x2a, 0x2a, 0x4b, 
	0x48, 0x48, 0x37, 0x29, 0x29, 0x0e, 0x0e, 0x29, 
	0x25, 0x25, 0x6c, 0xb6, 0xff, 0xff, 0xff, 0xff, 
	0xff, 0xff, 0xff, 0xdc, 0x34, 0x6b, 0x34, 0x34, 
	0x41, 0x51, 0x66, 0x7a, 0x7a, 0x30, 0x30, 0x30, 
	0x2b, 0x00, 0x2b, 0x8d, 0x91, 0x91, 0x6b, 0x7b, 
	0x7a, 0x05, 0x05, 0x29, 0x71, 0x7d, 0x71, 0x69, 
	0x5d, 0x4d, 0x3c, 0x3c, 0x28, 0x1b, 0x1b, 0x1b, 
	0x22, 0x22, 0x2d, 0x16, 0x09, 0x09, 0x09, 0x3f, 
	0x5c, 0x5c, 0x3a, 0x1c, 0x0b, 0x0b, 0x13, 0x1b, 
	0x1e, 0x28, 0x1e, 0x19, 0x06, 0x2b, 0x54, 0x7c, 
	0x67, 0x67, 0x67, 0x47, 0x36, 0x50, 0x50, 0x50, 
	0x43, 0x43, 0x4f, 0x68, 0x6c, 0x6c, 0x35, 0x35, 
	0x00, 0x00, 0x5c, 0x8d, 0xa1, 0xa1, 0x6b, 0x91, 
	0x29, 0x05, 0x29, 0x7a, 0x86, 0x7d, 0x7d, 0x69, 
	0x5d, 0x5d, 0x4d, 0x3c, 0x38, 0x1b, 0x1b, 0x10, 
	0x22, 0x3b, 0x3b, 0x3b, 0x2b, 0x17, 0x17, 0x3f, 
	0x5c, 0x3a, 0x00, 0x00, 0x0b, 0x0b, 0x1b, 0x1b, 
	0x19, 0x1e, 0x1e, 0x28, 0x2b, 0x06, 0x06, 0x06, 
	0x09, 0x26, 0x47, 0x26, 0x1e, 0x1e, 0x36, 0x50, 
	0x4f, 0x43, 0x4f, 0x4f, 0x6c, 0x88, 0x35, 0x35, 
	0x10, 0x10, 0x8d, 0x8d, 0x9b, 0x9b, 0x8b, 0x75, 
	0x2b, 0x2b, 0x89, 0x89, 0x7e, 0x7b, 0x7b, 0x76, 
	0x7a, 0x67, 0x67, 0x45, 0x30, 0x13, 0x13, 0x13, 
	0x13, 0x13, 0x13, 0x24, 0x1c, 0x1c, 0x1c, 0x43, 
	0x5f, 0x1e, 0x00, 0x00, 0x03, 0x00, 0x03, 0x06, 
	0x00, 0x00, 0x1b, 0x55, 0x54, 0x1b, 0x00, 0x00, 
	0x06, 0x06, 0x06, 0x06, 0x06, 0x06, 0x06, 0x2c, 
	0x47, 0x4f, 0x4f, 0x4f, 0x4e, 0x83, 0x35, 0x35, 
	0x10, 0x10, 0x64, 0x8d, 0x8b, 0x8b, 0x65, 0x75, 
	0x48, 0x48, 0x89, 0x89, 0x7e, 0x7e, 0x7e, 0x7b, 
	0x7a, 0x7a, 0x67, 0x67, 0x51, 0x30, 0x30, 0x13, 
	0x13, 0x13, 0x0b, 0x0b, 0x0d, 0x0d, 0x0d, 0x1c, 
	0x00, 0x00, 0x00, 0x00, 0x00, 0x00, 0x00, 0x00, 
	0x00, 0x00, 0x00, 0x00, 0x00, 0x00, 0x00, 0x00, 
	0x06, 0x06, 0x06, 0x06, 0x06, 0x06, 0x19, 0x2c, 
	0x4a, 0x4f, 0x54, 0x4f, 0x4e, 0x6a, 0x35, 0x35, 
	0x30, 0x13, 0x72, 0x72, 0x75, 0x6d, 0x6a, 0x6d, 
	0x58, 0x70, 0x7e, 0x7e, 0x81, 0x81, 0x79, 0x79, 
	0x75, 0x72, 0x7d, 0x7a, 0x7a, 0x62, 0x62, 0x4c, 
	0x30, 0x15, 0x30, 0x15, 0x1e, 0x37, 0x37, 0x1e, 
	0x00, 0x00, 0x00, 0x00, 0x00, 0x00, 0x00, 0x00, 
	0x00, 0x00, 0x00, 0x00, 0x06, 0x06, 0x06, 0x06, 
	0x06, 0x06, 0x06, 0x06, 0x10, 0x00, 0x00, 0x38, 
	0x5c, 0x5c, 0x3f, 0x3f, 0x51, 0x6a, 0x38, 0x38, 
	0x13, 0x13, 0x72, 0x72, 0x6a, 0x6a, 0x6a, 0x6a, 
	0x63, 0x70, 0x7e, 0x7e, 0x79, 0x70, 0x70, 0x70, 
	0x72, 0x7a, 0x7a, 0x7a, 0x7a, 0x7a, 0x4c, 0x38, 
	0x30, 0x4e, 0x30, 0x30, 0x54, 0x71, 0x71, 0x1e, 
	0x30, 0x18, 0x00, 0x00, 0x00, 0x00, 0x00, 0x00, 
	0x00, 0x00, 0x16, 0x2e, 0x47, 0x6c, 0x6c, 0x26, 
	0x16, 0x16, 0x06, 0x06, 0x10, 0x23, 0x00, 0x00, 
	0x06, 0x06, 0x21, 0x21, 0x51, 0x6a, 0x51, 0x20, 
	0x16, 0x16, 0x63, 0x63, 0x60, 0x60, 0x66, 0x6e, 
	0x6e, 0x6f, 0x72, 0x72, 0x6f, 0x6a, 0x67, 0x67, 
	0x6a, 0x6d, 0x74, 0x74, 0x61, 0x4e, 0x3d, 0x3d, 
	0x5f, 0x72, 0x72, 0x72, 0x7f, 0x64, 0x32, 0x32, 
	0x44, 0x66, 0x44, 0x03, 0x00, 0x00, 0x00, 0x00, 
	0x06, 0x06, 0x1e, 0x4f, 0x42, 0x42, 0x37, 0x42, 
	0x48, 0x33, 0x23, 0x13, 0x20, 0x3b, 0x08, 0x08, 
	0x03, 0x03, 0x03, 0x16, 0x49, 0x61, 0x49, 0x18, 
	0x16, 0x2f, 0x63, 0x63, 0x5d, 0x60, 0x66, 0x6e, 
	0x6e, 0x6e, 0x6f, 0x6e, 0x6a, 0x67, 0x67, 0x62, 
	0x6a, 0x6a, 0x6d, 0x6a, 0x4e, 0x4e, 0x3d, 0x61, 
	0x72, 0x72, 0x72, 0x72, 0x7f, 0x4b, 0x4b, 0x32, 
	0x44, 0x66, 0x66, 0x44, 0x30, 0x17, 0x17, 0x30, 
	0x1e, 0x06, 0x1e, 0x4f, 0x42, 0x37, 0x42, 0x42, 
	0x33, 0x23, 0x23, 0x23, 0x3b, 0x3b, 0x08, 0x08, 
	0x03, 0x03, 0x03, 0x29, 0x49, 0x49, 0x49, 0x30, 
	0x1e, 0x2e, 0x3f, 0x55, 0x5d, 0x5d, 0x68, 0x68, 
	0x65, 0x6d, 0x6d, 0x6d, 0x6a, 0x6a, 0x59, 0x59, 
	0x67, 0x7a, 0x67, 0x67, 0x57, 0x4c, 0x74, 0x64, 
	0x67, 0x67, 0x5b, 0x4e, 0x44, 0x50, 0x44, 0x50, 
	0x5c, 0x5c, 0x5c, 0x5c, 0x5c, 0x44, 0x16, 0x2b, 
	0x27, 0x03, 0x03, 0x03, 0x12, 0x32, 0x32, 0x12, 
	0x0e, 0x27, 0x27, 0x3f, 0x5d, 0x5d, 0x00, 0x00, 
	0x00, 0x00, 0x2f, 0x4a, 0x30, 0x22, 0x22, 0x28, 
	0x1e, 0x1e, 0x2e, 0x3f, 0x51, 0x51, 0x51, 0x5d, 
	0x5d, 0x65, 0x65, 0x6d, 0x6a, 0x6a, 0x62, 0x54, 
	0x3e, 0x67, 0x7a, 0x67, 0x64, 0x74, 0x74, 0x64, 
	0x67, 0x5b, 0x5b, 0x46, 0x38, 0x5d, 0x50, 0x50, 
	0x4f, 0x4f, 0x54, 0x5c, 0x5c, 0x5c, 0x44, 0x2b, 
	0x27, 0x13, 0x13, 0x13, 0x03, 0x03, 0x03, 0x03, 
	0x27, 0x3f, 0x5c, 0x5c, 0x5d, 0x3c, 0x00, 0x00, 
	0x00, 0x16, 0x4a, 0x2f, 0x28, 0x20, 0x20, 0x22, 
	0x29, 0x29, 0x29, 0x23, 0x3f, 0x53, 0x53, 0x53, 
	0x58, 0x5d, 0x66, 0x66, 0x68, 0x68, 0x68, 0x65, 
	0x44, 0x2d, 0x44, 0x74, 0x6c, 0x6c, 0x6c, 0x61, 
	0x5b, 0x53, 0x53, 0x5b, 0x62, 0x38, 0x38, 0x4c, 
	0x49, 0x59, 0x59, 0x59, 0x5c, 0x5c, 0x4c, 0x4c, 
	0x51, 0x1d, 0x1d, 0x05, 0x19, 0x34, 0x50, 0x6c, 
	0x6a, 0x6a, 0x54, 0x54, 0x5d, 0x3c, 0x03, 0x03, 
	0x11, 0x2e, 0x21, 0x21, 0x23, 0x23, 0x23, 0x23, 
	0x2f, 0x2f, 0x2f, 0x29, 0x20, 0x3f, 0x53, 0x53, 
	0x55, 0x58, 0x5d, 0x66, 0x65, 0x65, 0x65, 0x65, 
	0x5c, 0x44, 0x2d, 0x5c, 0x77, 0x6c, 0x6c, 0x59, 
	0x53, 0x5b, 0x5b, 0x6e, 0x62, 0x25, 0x25, 0x25, 
	0x3b, 0x49, 0x49, 0x3b, 0x3b, 0x3b, 0x2f, 0x4c, 
	0x51, 0x05, 0x05, 0x05, 0x50, 0x50, 0x6c, 0x6c, 
	0x6a, 0x54, 0x3f, 0x3f, 0x3c, 0x1e, 0x03, 0x03, 
	0x21, 0x21, 0x19, 0x19, 0x19, 0x19, 0x19, 0x19, 
	0x2b, 0x2c, 0x2b, 0x2b, 0x2c, 0x1e, 0x2c, 0x4d, 
	0x4d, 0x65, 0x65, 0x65, 0x68, 0x60, 0x68, 0x68, 
	0x6c, 0x57, 0x33, 0x33, 0x64, 0x64, 0x64, 0x4f, 
	0x4c, 0x5c, 0x6c, 0x6c, 0x53, 0x3a, 0x3a, 0x53, 
	0x56, 0x3d, 0x3d, 0x3d, 0x47, 0x47, 0x47, 0x5f, 
	0x20, 0x0d, 0x0d, 0x38, 0x45, 0x45, 0x45, 0x45, 
	0x40, 0x2a, 0x16, 0x2a, 0x23, 0x0e, 0x06, 0x16, 
	0x1e, 0x19, 0x19, 0x19, 0x1b, 0x16, 0x13, 0x13, 
	0x2b, 0x2b, 0x2b, 0x2b, 0x2c, 0x2c, 0x1e, 0x1e, 
	0x34, 0x4d, 0x65, 0x65, 0x58, 0x60, 0x60, 0x60, 
	0x6c, 0x57, 0x44, 0x33, 0x28, 0x3b, 0x4f, 0x4f, 
	0x41, 0x5c, 0x5c, 0x4c, 0x46, 0x53, 0x53, 0x62, 
	0x65, 0x56, 0x56, 0x49, 0x47, 0x47, 0x47, 0x30, 
	0x20, 0x0d, 0x20, 0x38, 0x45, 0x45, 0x34, 0x29, 
	0x2a, 0x2a, 0x2a, 0x16, 0x0e, 0x0e, 0x0e, 0x16, 
	0x19, 0x16, 0x16, 0x16, 0x13, 0x13, 0x13, 0x13, 
	0x2c, 0x2c, 0x2c, 0x2c, 0x2b, 0x26, 0x26, 0x26, 
	0x1b, 0x1b, 0x28, 0x49, 0x55, 0x55, 0x55, 0x55, 
	0x5c, 0x43, 0x17, 0x17, 0x28, 0x28, 0x3b, 0x4f, 
	0x49, 0x38, 0x38, 0x49, 0x56, 0x62, 0x62, 0x62, 
	0x5b, 0x53, 0x49, 0x49, 0x41, 0x30, 0x30, 0x20, 
	0x24, 0x45, 0x65, 0x65, 0x55, 0x55, 0x55, 0x3c, 
	0x24, 0x0e, 0x06, 0x0e, 0x0b, 0x0b, 0x13, 0x13, 
	0x11, 0x16, 0x16, 0x16, 0x13, 0x13, 0x0e, 0x13, 
	0x30, 0x30, 0x2c, 0x2c, 0x2b, 0x26, 0x26, 0x26, 
	0x28, 0x28, 0x1b, 0x1b, 0x13, 0x27, 0x3c, 0x55, 
	0x5c, 0x43, 0x43, 0x17, 0x17, 0x17, 0x17, 0x28, 
	0x28, 0x38, 0x28, 0x49, 0x56, 0x62, 0x62, 0x56, 
	0x49, 0x41, 0x49, 0x49, 0x41, 0x54, 0x54, 0x54, 
	0x45, 0x45, 0x45, 0x24, 0x0b, 0x0b, 0x0b, 0x0b, 
	0x0e, 0x0e, 0x0e, 0x0e, 0x13, 0x13, 0x0e, 0x0b, 
	0x0b, 0x0e, 0x0e, 0x0e, 0x0e, 0x0e, 0x0e, 0x0e, 
	0x30, 0x30, 0x30, 0x30, 0x2b, 0x2b, 0x2b, 0x2b, 
	0x2b, 0x2b, 0x26, 0x23, 0x23, 0x1b, 0x17, 0x17, 
	0x2b, 0x4c, 0x4c, 0x4c, 0x3b, 0x28, 0x18, 0x18, 
	0x12, 0x23, 0x33, 0x46, 0x45, 0x45, 0x45, 0x45, 
	0x47, 0x2d, 0x47, 0x47, 0x49, 0x49, 0x30, 0x30, 
	0x20, 0x0d, 0x0d, 0x0d, 0x0f, 0x0f, 0x0f, 0x0f, 
	0x17, 0x17, 0x17, 0x0f, 0x0b, 0x0b, 0x0b, 0x0b, 
	0x0e, 0x10, 0x10, 0x10, 0x10, 0x10, 0x10, 0x10, 
	0x34, 0x34, 0x34, 0x30, 0x30, 0x2b, 0x2b, 0x2b, 
	0x30, 0x30, 0x2b, 0x2b, 0x2b, 0x23, 0x23, 0x23, 
	0x1b, 0x1b, 0x1b, 0x3b, 0x3b, 0x3b, 0x3b, 0x3b, 
	0x23, 0x23, 0x23, 0x12, 0x18, 0x18, 0x18, 0x18, 
	0x15, 0x15, 0x00, 0x00, 0x03, 0x03, 0x03, 0x18, 
	0x20, 0x20, 0x20, 0x20, 0x28, 0x20, 0x20, 0x17, 
	0x17, 0x20, 0x17, 0x0b, 0x0b, 0x10, 0x10, 0x0b, 
	0x0e, 0x0e, 0x0e, 0x0e, 0x0e, 0x0e, 0x0e, 0x0e, 
	0x33, 0x33, 0x33, 0x33, 0x34, 0x30, 0x30, 0x30, 
	0x30, 0x2b, 0x2b, 0x2b, 0x2b, 0x26, 0x26, 0x26, 
	0x28, 0x28, 0x1e, 0x1b, 0x15, 0x38, 0x4e, 0x4e, 
	0x56, 0x3e, 0x3e, 0x3e, 0x28, 0x28, 0x18, 0x08, 
	0x05, 0x05, 0x05, 0x05, 0x03, 0x03, 0x03, 0x06, 
	0x06, 0x06, 0x06, 0x0a, 0x0b, 0x0f, 0x0b, 0x08, 
	0x0b, 0x0b, 0x0b, 0x0b, 0x0b, 0x0b, 0x10, 0x0b, 
	0x0e, 0x0e, 0x10, 0x0e, 0x10, 0x10, 0x10, 0x10, 
	0x33, 0x33, 0x33, 0x33, 0x34, 0x30, 0x30, 0x30, 
	0x30, 0x2b, 0x2b, 0x2b, 0x2b, 0x26, 0x26, 0x26, 
	0x28, 0x22, 0x22, 0x22, 0x25, 0x15, 0x15, 0x15, 
	0x10, 0x10, 0x10, 0x10, 0x18, 0x08, 0x08, 0x08, 
	0x05, 0x05, 0x05, 0x05, 0x06, 0x06, 0x06, 0x0b, 
	0x0f, 0x0a, 0x0f, 0x0f, 0x0f, 0x0f, 0x0f, 0x0f, 
	0x10, 0x10, 0x0b, 0x0b, 0x0b, 0x0b, 0x10, 0x0b, 
	0x0e, 0x10, 0x10, 0x10, 0x10, 0x10, 0x10, 0x10, 
	
};

Texture monteman_custom_mario_metal_wing_shade_i4[] = {
	0x33, 0x33, 0x33, 0x33, 0x33, 0x33, 0x33, 0x33, 
	0x33, 0x33, 0x33, 0x33, 0x33, 0x33, 0x33, 0x33, 
	0x33, 0x33, 0x33, 0x33, 0x33, 0x33, 0x33, 0x33, 
	0x33, 0x33, 0x33, 0x33, 0x33, 0x33, 0x33, 0x33, 
	0x33, 0x33, 0x33, 0x33, 0x33, 0x33, 0x33, 0x33, 
	0x33, 0x33, 0x33, 0x33, 0x33, 0x33, 0x33, 0x33, 
	0x33, 0x33, 0x33, 0x33, 0x33, 0x33, 0x33, 0x33, 
	0x33, 0x33, 0x33, 0x33, 0x33, 0x33, 0x33, 0x33, 
	0x33, 0x33, 0x33, 0x33, 0x33, 0x33, 0x33, 0x33, 
	0x33, 0x33, 0x36, 0x77, 0x43, 0x33, 0x33, 0x35, 
	0x33, 0x33, 0x33, 0x33, 0x33, 0x33, 0x33, 0x33, 
	0x33, 0x33, 0x6b, 0xed, 0xa7, 0x53, 0x44, 0x7d, 
	0x33, 0x33, 0x33, 0x33, 0x33, 0x33, 0x33, 0x33, 
	0x33, 0x35, 0xaf, 0xff, 0xfe, 0xed, 0xef, 0xff, 
	0x33, 0x33, 0x33, 0x33, 0x33, 0x33, 0x33, 0x33, 
	0x33, 0x48, 0xef, 0xff, 0xff, 0xff, 0xff, 0xff, 
	0x33, 0x33, 0x33, 0x33, 0x33, 0x33, 0x33, 0x33, 
	0x33, 0x5a, 0xff, 0xff, 0xff, 0xff, 0xff, 0xff, 
	0x33, 0x33, 0x33, 0x33, 0x33, 0x33, 0x33, 0x33, 
	0x33, 0x6c, 0xff, 0xff, 0xff, 0xff, 0xff, 0xff, 
	0x33, 0x33, 0x33, 0x33, 0x33, 0x33, 0x33, 0x34, 
	0x68, 0xce, 0xff, 0xff, 0xff, 0xff, 0xff, 0xff, 
	0x33, 0x33, 0x33, 0x33, 0x33, 0x34, 0x56, 0x7a, 
	0xce, 0xff, 0xff, 0xff, 0xff, 0xff, 0xff, 0xff, 
	0x33, 0x33, 0x33, 0x33, 0x33, 0x35, 0x78, 0xac, 
	0xef, 0xff, 0xff, 0xff, 0xff, 0xff, 0xff, 0xff, 
	0x33, 0x33, 0x33, 0x33, 0x33, 0x46, 0x8a, 0xbd, 
	0xde, 0xee, 0xff, 0xff, 0xff, 0xff, 0xff, 0xff, 
	0x33, 0x33, 0x33, 0x33, 0x34, 0x58, 0xab, 0xcd, 
	0xde, 0xef, 0xff, 0xff, 0xff, 0xff, 0xff, 0xff, 
	0x33, 0x33, 0x33, 0x33, 0x34, 0x79, 0xbb, 0xcd, 
	0xef, 0xff, 0xff, 0xff, 0xff, 0xff, 0xff, 0xff, 
	0x33, 0x33, 0x33, 0x33, 0x34, 0x8a, 0xbc, 0xde, 
	0xff, 0xff, 0xff, 0xff, 0xff, 0xff, 0xff, 0xff, 
	0x33, 0x33, 0x33, 0x33, 0x35, 0x9a, 0xbc, 0xdf, 
	0xff, 0xff, 0xff, 0xff, 0xff, 0xff, 0xff, 0xff, 
	0x33, 0x33, 0x33, 0x32, 0x36, 0x9a, 0xab, 0xdf, 
	0xff, 0xff, 0xff, 0xff, 0xff, 0xff, 0xff, 0xff, 
	0x33, 0x33, 0x33, 0x22, 0x36, 0x9a, 0xab, 0xdd, 
	0xee, 0xff, 0xff, 0xff, 0xff, 0xff, 0xff, 0xff, 
	0x33, 0x33, 0x32, 0x23, 0x58, 0x9a, 0xbb, 0xcc, 
	0xcd, 0xee, 0xef, 0xff, 0xff, 0xff, 0xff, 0xff, 
	0x33, 0x33, 0x22, 0x35, 0x89, 0xab, 0xaa, 0xaa, 
	0xaa, 0xab, 0xbc, 0xdf, 0xff, 0xff, 0xff, 0xff, 
	0x33, 0x33, 0x33, 0x57, 0x9a, 0xaa, 0xa9, 0x99, 
	0x99, 0x9a, 0xac, 0xdf, 0xff, 0xff, 0xff, 0xff, 
	0x33, 0x33, 0x45, 0x78, 0x99, 0xa9, 0x88, 0x89, 
	0x99, 0xaa, 0xcd, 0xef, 0xff, 0xff, 0xff, 0xff, 
	0x33, 0x34, 0x67, 0x89, 0x99, 0x99, 0x88, 0x9a, 
	0xaa, 0xbb, 0xce, 0xff, 0xff, 0xff, 0xff, 0xff, 
	0x33, 0x45, 0x77, 0x89, 0xaa, 0xaa, 0xaa, 0xaa, 
	0xaa, 0xbc, 0xde, 0xff, 0xff, 0xff, 0xff, 0xff, 
	0x33, 0x44, 0x56, 0x89, 0xbb, 0xab, 0xbb, 0xaa, 
	0xbb, 0xcd, 0xef, 0xff, 0xff, 0xff, 0xff, 0xff, 
	0x33, 0x33, 0x46, 0x8b, 0xcc, 0xcc, 0xbb, 0xbc, 
	0xcc, 0xcd, 0xef, 0xff, 0xff, 0xff, 0xff, 0xff, 
	0x33, 0x34, 0x58, 0xac, 0xdc, 0xbb, 0xbc, 0xee, 
	0xdd, 0xdd, 0xef, 0xff, 0xff, 0xff, 0xff, 0xff, 
	0x33, 0x35, 0x79, 0xbc, 0xbb, 0xcd, 0xee, 0xff, 
	0xff, 0xfe, 0xef, 0xff, 0xff, 0xff, 0xff, 0xff, 
	0x33, 0x56, 0x8a, 0xbb, 0xcf, 0xff, 0xff, 0xff, 
	0xff, 0xff, 0xff, 0xff, 0xff, 0xff, 0xff, 0xff, 
	0x34, 0x68, 0x9a, 0xbd, 0xff, 0xff, 0xff, 0xff, 
	0xff, 0xff, 0xff, 0xfe, 0xee, 0xee, 0xee, 0xef, 
	0x45, 0x78, 0x9c, 0xef, 0xff, 0xff, 0xff, 0xff, 
	0xff, 0xff, 0xff, 0xff, 0xee, 0xee, 0xee, 0xff, 
	0x44, 0x67, 0xbf, 0xff, 0xff, 0xff, 0xff, 0xff, 
	0xff, 0xff, 0xff, 0xff, 0xff, 0xee, 0xef, 0xff, 
	0x33, 0x58, 0xdf, 0xff, 0xff, 0xff, 0xff, 0xff, 
	0xff, 0xff, 0xff, 0xff, 0xff, 0xff, 0xff, 0xff, 
	0x33, 0x57, 0xdf, 0xff, 0xff, 0xff, 0xff, 0xff, 
	0xff, 0xff, 0xff, 0xff, 0xff, 0xff, 0xff, 0xff, 
	0x33, 0x59, 0xde, 0xee, 0xef, 0xff, 0xff, 0xff, 
	0xff, 0xff, 0xff, 0xff, 0xff, 0xff, 0xff, 0xff, 
	0x33, 0x69, 0xbd, 0xde, 0xef, 0xff, 0xff, 0xff, 
	0xff, 0xff, 0xff, 0xff, 0xff, 0xff, 0xff, 0xff, 
	0x33, 0x58, 0xbd, 0xef, 0xff, 0xff, 0xff, 0xff, 
	0xff, 0xff, 0xff, 0xff, 0xff, 0xff, 0xff, 0xff, 
	0x33, 0x58, 0xce, 0xff, 0xff, 0xff, 0xff, 0xee, 
	0xff, 0xff, 0xff, 0xff, 0xff, 0xff, 0xff, 0xff, 
	0x33, 0x6a, 0xef, 0xff, 0xff, 0xff, 0xfe, 0xee, 
	0xff, 0xff, 0xff, 0xff, 0xff, 0xff, 0xff, 0xff, 
	0x34, 0x8e, 0xff, 0xff, 0xff, 0xff, 0xfe, 0xee, 
	0xff, 0xff, 0xff, 0xff, 0xff, 0xff, 0xff, 0xff, 
	0x34, 0xae, 0xff, 0xff, 0xff, 0xff, 0xee, 0xee, 
	0xff, 0xff, 0xff, 0xff, 0xff, 0xff, 0xff, 0xff, 
	0x34, 0xae, 0xff, 0xff, 0xff, 0xff, 0xee, 0xee, 
	0xee, 0xff, 0xff, 0xff, 0xff, 0xff, 0xff, 0xff, 
	0x46, 0xbe, 0xff, 0xff, 0xff, 0xee, 0xee, 0xdd, 
	0xdd, 0xef, 0xff, 0xff, 0xff, 0xff, 0xff, 0xff, 
	0x8c, 0xff, 0xff, 0xff, 0xff, 0xee, 0xee, 0xdc, 
	0xba, 0xde, 0xff, 0xff, 0xff, 0xff, 0xff, 0xff, 
	0xcd, 0xff, 0xff, 0xff, 0xff, 0xee, 0xee, 0xdc, 
	0x99, 0xad, 0xee, 0xff, 0xfd, 0xef, 0xff, 0xff, 
	0xcd, 0xff, 0xff, 0xff, 0xff, 0xee, 0xee, 0xed, 
	0xba, 0xaa, 0xbc, 0xdd, 0xcc, 0xef, 0xff, 0xff, 
	0xde, 0xff, 0xff, 0xff, 0xfe, 0xfe, 0xff, 0xfe, 
	0xed, 0xbb, 0xa9, 0x9a, 0xce, 0xff, 0xff, 0xff, 
	0xee, 0xff, 0xff, 0xff, 0xed, 0xee, 0xee, 0xee, 
	0xed, 0xb9, 0x88, 0x9b, 0xce, 0xef, 0xff, 0xff, 
	0xef, 0xff, 0xff, 0xff, 0xed, 0xcc, 0xcc, 0xca, 
	0xbc, 0xb9, 0x88, 0x9a, 0xbc, 0xef, 0xff, 0xff, 
	0xef, 0xff, 0xff, 0xff, 0xfe, 0xdc, 0xba, 0x98, 
	0x79, 0xba, 0x88, 0x9a, 0xbc, 0xde, 0xef, 0xfc, 
	0xef, 0xff, 0xff, 0xff, 0xff, 0xfe, 0xca, 0xa9, 
	0x8a, 0xaa, 0x87, 0x8a, 0xcc, 0xcc, 0xde, 0xe7, 
	0xee, 0xff, 0xff, 0xff, 0xff, 0xff, 0xdc, 0xbb, 
	0xa9, 0x87, 0x77, 0x8a, 0xcd, 0xcb, 0xcd, 0xb3, 
	0xeb, 0xff, 0xff, 0xff, 0xff, 0xff, 0xee, 0xca, 
	0x98, 0x88, 0x87, 0x79, 0xbc, 0xcb, 0xbc, 0x72, 
	0xe9, 0xff, 0xff, 0xff, 0xff, 0xff, 0xff, 0xec, 
	0xba, 0x87, 0x66, 0x8c, 0xcc, 0xcb, 0xa8, 0x42, 
	0xbc, 0xff, 0xff, 0xff, 0xff, 0xff, 0xff, 0xff, 
	0xfe, 0xc8, 0x67, 0xbd, 0xdc, 0xcb, 0x74, 0x22, 
	0xae, 0xff, 0xff, 0xff, 0xff, 0xff, 0xff, 0xfc, 
	0xcb, 0xa9, 0x89, 0xbc, 0xb9, 0x54, 0x32, 0x22, 
	0xad, 0xff, 0xff, 0xff, 0xff, 0xff, 0xff, 0xda, 
	0x9a, 0x98, 0x9a, 0x98, 0x75, 0x33, 0x22, 0x22, 
	0x9d, 0xfe, 0xff, 0xfe, 0xba, 0xbb, 0xbb, 0x86, 
	0x65, 0x56, 0x77, 0x65, 0x43, 0x22, 0x22, 0x22, 
	0x8e, 0xee, 0xff, 0xea, 0x64, 0x55, 0x54, 0x44, 
	0x44, 0x45, 0x54, 0x33, 0x33, 0x22, 0x22, 0x22, 
	0x9e, 0xee, 0xed, 0xa6, 0x33, 0x33, 0x32, 0x23, 
	0x33, 0x33, 0x32, 0x22, 0x22, 0x22, 0x22, 0x22, 
	0x9e, 0xbb, 0xd8, 0x63, 0x32, 0x22, 0x22, 0x22, 
	0x22, 0x22, 0x22, 0x22, 0x22, 0x22, 0x22, 0x22, 
	0x9e, 0xbb, 0xd8, 0x63, 0x32, 0x22, 0x22, 0x22, 
	0x22, 0x22, 0x22, 0x22, 0x22, 0x22, 0x22, 0x22, 
	
};

Texture monteman_custom_mario_metal_wing_light_i4[] = {
	0x00, 0x00, 0x00, 0x00, 0x00, 0x00, 0x00, 0x00, 
	0x00, 0x00, 0x00, 0x00, 0x00, 0x00, 0x00, 0x00, 
	0x00, 0x00, 0x00, 0x00, 0x00, 0x00, 0x00, 0x00, 
	0x00, 0x00, 0x00, 0x00, 0x00, 0x00, 0x00, 0x00, 
	0x00, 0x00, 0x00, 0x00, 0x00, 0x00, 0x00, 0x00, 
	0x00, 0x00, 0x00, 0x00, 0x00, 0x00, 0x00, 0x00, 
	0x00, 0x00, 0x00, 0x00, 0x00, 0x00, 0x00, 0x00, 
	0x00, 0x00, 0x00, 0x00, 0x00, 0x00, 0x00, 0x00, 
	0x00, 0x00, 0x00, 0x00, 0x00, 0x00, 0x00, 0x00, 
	0x00, 0x00, 0x00, 0x00, 0x00, 0x00, 0x00, 0x00, 
	0x00, 0x00, 0x00, 0x00, 0x00, 0x00, 0x00, 0x00, 
	0x00, 0x00, 0x00, 0x00, 0x00, 0x00, 0x00, 0x00, 
	0x00, 0x00, 0x00, 0x00, 0x00, 0x00, 0x00, 0x00, 
	0x00, 0x00, 0x00, 0x11, 0x10, 0x00, 0x00, 0x13, 
	0x00, 0x00, 0x00, 0x00, 0x00, 0x00, 0x00, 0x00, 
	0x00, 0x00, 0x01, 0x22, 0x33, 0x34, 0x45, 0x55, 
	0x00, 0x00, 0x00, 0x00, 0x00, 0x00, 0x00, 0x00, 
	0x00, 0x00, 0x02, 0x22, 0x35, 0x66, 0x66, 0x66, 
	0x00, 0x00, 0x00, 0x00, 0x00, 0x00, 0x00, 0x00, 
	0x00, 0x00, 0x01, 0x22, 0x35, 0x66, 0x67, 0x77, 
	0x00, 0x00, 0x00, 0x00, 0x00, 0x00, 0x00, 0x00, 
	0x00, 0x00, 0x01, 0x23, 0x34, 0x45, 0x66, 0x77, 
	0x00, 0x00, 0x00, 0x00, 0x00, 0x00, 0x00, 0x00, 
	0x00, 0x01, 0x22, 0x33, 0x34, 0x44, 0x55, 0x66, 
	0x00, 0x00, 0x00, 0x00, 0x00, 0x00, 0x00, 0x00, 
	0x00, 0x01, 0x22, 0x33, 0x34, 0x44, 0x45, 0x66, 
	0x00, 0x00, 0x00, 0x00, 0x00, 0x00, 0x00, 0x00, 
	0x00, 0x00, 0x00, 0x11, 0x23, 0x44, 0x45, 0x66, 
	0x00, 0x00, 0x00, 0x00, 0x00, 0x00, 0x00, 0x00, 
	0x00, 0x00, 0x01, 0x12, 0x22, 0x33, 0x45, 0x55, 
	0x00, 0x00, 0x00, 0x00, 0x00, 0x00, 0x00, 0x00, 
	0x00, 0x12, 0x33, 0x33, 0x33, 0x33, 0x45, 0x54, 
	0x00, 0x00, 0x00, 0x00, 0x00, 0x00, 0x00, 0x00, 
	0x01, 0x23, 0x33, 0x44, 0x44, 0x43, 0x44, 0x44, 
	0x00, 0x00, 0x00, 0x00, 0x00, 0x00, 0x00, 0x00, 
	0x11, 0x22, 0x34, 0x44, 0x44, 0x44, 0x44, 0x44, 
	0x00, 0x00, 0x00, 0x00, 0x00, 0x00, 0x00, 0x00, 
	0x00, 0x12, 0x33, 0x44, 0x44, 0x44, 0x44, 0x44, 
	0x00, 0x00, 0x00, 0x00, 0x00, 0x00, 0x00, 0x00, 
	0x00, 0x01, 0x23, 0x34, 0x44, 0x44, 0x44, 0x44, 
	0x00, 0x00, 0x00, 0x00, 0x00, 0x00, 0x00, 0x00, 
	0x00, 0x00, 0x01, 0x12, 0x34, 0x44, 0x44, 0x43, 
	0x00, 0x00, 0x00, 0x00, 0x00, 0x00, 0x00, 0x00, 
	0x00, 0x00, 0x00, 0x00, 0x12, 0x34, 0x33, 0x33, 
	0x00, 0x00, 0x00, 0x00, 0x00, 0x00, 0x00, 0x00, 
	0x00, 0x00, 0x00, 0x00, 0x12, 0x33, 0x33, 0x21, 
	0x00, 0x00, 0x00, 0x00, 0x00, 0x00, 0x00, 0x00, 
	0x00, 0x00, 0x00, 0x01, 0x22, 0x23, 0x33, 0x21, 
	0x00, 0x00, 0x00, 0x00, 0x00, 0x00, 0x00, 0x00, 
	0x00, 0x00, 0x00, 0x01, 0x22, 0x23, 0x22, 0x11, 
	0x00, 0x00, 0x00, 0x00, 0x00, 0x00, 0x00, 0x00, 
	0x00, 0x00, 0x00, 0x11, 0x22, 0x22, 0x22, 0x11, 
	0x00, 0x00, 0x00, 0x00, 0x00, 0x00, 0x00, 0x00, 
	0x00, 0x00, 0x00, 0x11, 0x22, 0x22, 0x11, 0x11, 
	0x00, 0x00, 0x00, 0x00, 0x00, 0x00, 0x00, 0x00, 
	0x00, 0x00, 0x00, 0x11, 0x12, 0x11, 0x11, 0x12, 
	0x00, 0x00, 0x00, 0x00, 0x00, 0x00, 0x00, 0x00, 
	0x00, 0x00, 0x00, 0x11, 0x11, 0x11, 0x11, 0x12, 
	0x00, 0x00, 0x00, 0x00, 0x00, 0x00, 0x00, 0x10, 
	0x00, 0x00, 0x00, 0x01, 0x11, 0x11, 0x11, 0x11, 
	0x00, 0x00, 0x00, 0x00, 0x00, 0x11, 0x22, 0x22, 
	0x22, 0x11, 0x00, 0x00, 0x00, 0x00, 0x11, 0x11, 
	0x00, 0x00, 0x00, 0x00, 0x01, 0x22, 0x22, 0x21, 
	0x11, 0x11, 0x11, 0x00, 0x00, 0x00, 0x01, 0x12, 
	0x00, 0x00, 0x00, 0x01, 0x12, 0x22, 0x21, 0x11, 
	0x11, 0x11, 0x11, 0x00, 0x00, 0x00, 0x01, 0x22, 
	0x00, 0x00, 0x00, 0x11, 0x12, 0x22, 0x11, 0x00, 
	0x01, 0x11, 0x11, 0x11, 0x00, 0x00, 0x12, 0x22, 
	0x00, 0x00, 0x00, 0x11, 0x11, 0x11, 0x00, 0x00, 
	0x00, 0x01, 0x11, 0x21, 0x11, 0x12, 0x23, 0x22, 
	0x00, 0x00, 0x00, 0x00, 0x00, 0x00, 0x00, 0x00, 
	0x01, 0x11, 0x22, 0x33, 0x33, 0x44, 0x43, 0x32, 
	0x00, 0x00, 0x00, 0x00, 0x00, 0x00, 0x00, 0x00, 
	0x11, 0x22, 0x33, 0x45, 0x56, 0x55, 0x54, 0x22, 
	0x00, 0x00, 0x00, 0x00, 0x00, 0x00, 0x00, 0x00, 
	0x12, 0x34, 0x45, 0x56, 0x66, 0x66, 0x54, 0x22, 
	0x00, 0x00, 0x00, 0x00, 0x01, 0x11, 0x00, 0x01, 
	0x22, 0x44, 0x55, 0x55, 0x66, 0x66, 0x53, 0x21, 
	0x00, 0x00, 0x00, 0x00, 0x11, 0x11, 0x00, 0x00, 
	0x12, 0x34, 0x55, 0x55, 0x55, 0x55, 0x54, 0x31, 
	0x00, 0x00, 0x00, 0x00, 0x01, 0x10, 0x00, 0x00, 
	0x12, 0x34, 0x44, 0x44, 0x44, 0x44, 0x55, 0x54, 
	0x00, 0x00, 0x00, 0x00, 0x00, 0x00, 0x00, 0x00, 
	0x12, 0x33, 0x33, 0x33, 0x33, 0x33, 0x34, 0x55, 
	0x00, 0x00, 0x11, 0x10, 0x00, 0x00, 0x00, 0x00, 
	0x11, 0x23, 0x33, 0x33, 0x33, 0x22, 0x23, 0x45, 
	0x00, 0x00, 0x01, 0x11, 0x00, 0x00, 0x00, 0x00, 
	0x00, 0x12, 0x33, 0x32, 0x32, 0x21, 0x12, 0x24, 
	0x00, 0x00, 0x01, 0x10, 0x00, 0x00, 0x00, 0x00, 
	0x00, 0x01, 0x12, 0x22, 0x22, 0x11, 0x11, 0x23, 
	0x00, 0x00, 0x10, 0x00, 0x00, 0x00, 0x00, 0x00, 
	0x00, 0x00, 0x11, 0x11, 0x10, 0x01, 0x11, 0x22, 
	0x00, 0x00, 0x00, 0x00, 0x00, 0x00, 0x00, 0x00, 
	0x00, 0x00, 0x00, 0x00, 0x00, 0x00, 0x12, 0x32, 
	0x00, 0x00, 0x00, 0x00, 0x00, 0x00, 0x00, 0x00, 
	0x00, 0x00, 0x00, 0x00, 0x00, 0x01, 0x24, 0x42, 
	0x00, 0x00, 0x11, 0x00, 0x00, 0x00, 0x01, 0x00, 
	0x00, 0x00, 0x00, 0x00, 0x00, 0x01, 0x24, 0x54, 
	0x00, 0x01, 0x11, 0x10, 0x00, 0x00, 0x00, 0x00, 
	0x00, 0x00, 0x00, 0x00, 0x00, 0x00, 0x13, 0x43, 
	0x00, 0x11, 0x11, 0x10, 0x00, 0x00, 0x00, 0x00, 
	0x00, 0x00, 0x00, 0x00, 0x00, 0x00, 0x02, 0x20, 
	0x00, 0x11, 0x11, 0x11, 0x00, 0x00, 0x00, 0x00, 
	0x00, 0x00, 0x00, 0x00, 0x00, 0x00, 0x00, 0x10, 
	0x00, 0x11, 0x12, 0x21, 0x11, 0x00, 0x00, 0x00, 
	0x00, 0x00, 0x00, 0x00, 0x00, 0x00, 0x00, 0x00, 
	0x00, 0x11, 0x11, 0x12, 0x22, 0x10, 0x00, 0x00, 
	0x00, 0x00, 0x00, 0x00, 0x00, 0x00, 0x00, 0x00, 
	0x00, 0x01, 0x11, 0x11, 0x22, 0x21, 0x00, 0x00, 
	0x00, 0x00, 0x00, 0x00, 0x00, 0x00, 0x00, 0x00, 
	0x00, 0x01, 0x11, 0x11, 0x12, 0x22, 0x10, 0x00, 
	0x00, 0x00, 0x00, 0x00, 0x00, 0x00, 0x00, 0x00, 
	0x00, 0x01, 0x11, 0x11, 0x11, 0x22, 0x10, 0x00, 
	0x00, 0x00, 0x00, 0x00, 0x00, 0x00, 0x00, 0x00, 
	0x00, 0x00, 0x11, 0x11, 0x01, 0x11, 0x11, 0x00, 
	0x00, 0x00, 0x00, 0x00, 0x00, 0x00, 0x00, 0x00, 
	0x00, 0x00, 0x11, 0x11, 0x00, 0x00, 0x00, 0x00, 
	0x00, 0x00, 0x00, 0x00, 0x00, 0x00, 0x00, 0x00, 
	0x00, 0x00, 0x01, 0x10, 0x00, 0x00, 0x00, 0x00, 
	0x00, 0x00, 0x00, 0x00, 0x00, 0x00, 0x00, 0x00, 
	0x00, 0x00, 0x00, 0x00, 0x00, 0x00, 0x00, 0x00, 
	0x00, 0x00, 0x00, 0x00, 0x00, 0x00, 0x00, 0x00, 
	0x00, 0x00, 0x00, 0x00, 0x00, 0x00, 0x00, 0x00, 
	0x00, 0x00, 0x00, 0x00, 0x00, 0x00, 0x00, 0x00, 
	0x00, 0x00, 0x00, 0x00, 0x00, 0x00, 0x00, 0x00, 
	0x00, 0x00, 0x00, 0x00, 0x00, 0x00, 0x00, 0x00, 
	0x00, 0x00, 0x00, 0x00, 0x00, 0x00, 0x00, 0x00, 
	0x00, 0x00, 0x00, 0x00, 0x00, 0x00, 0x00, 0x00, 
	
};

Texture monteman_custom_mario_metal_wing_tip_shade_i4[] = {
	0x33, 0x33, 0x33, 0x33, 0x33, 0x43, 0x33, 0x33, 
	0x33, 0x33, 0x33, 0x33, 0x33, 0x33, 0x33, 0x33, 
	0x33, 0x33, 0x33, 0x33, 0x35, 0x88, 0x53, 0x33, 
	0x33, 0x33, 0x55, 0x43, 0x33, 0x33, 0x33, 0x33, 
	0x33, 0x33, 0x33, 0x35, 0x6b, 0xff, 0xd9, 0x53, 
	0x33, 0x37, 0xdd, 0x73, 0x33, 0x33, 0x33, 0x33, 
	0x33, 0x56, 0x79, 0xbd, 0xef, 0xff, 0xff, 0xd9, 
	0x54, 0x8f, 0xff, 0xa3, 0x33, 0x33, 0x33, 0x33, 
	0x58, 0xce, 0xff, 0xff, 0xff, 0xff, 0xff, 0xff, 
	0xed, 0xff, 0xff, 0x73, 0x33, 0x33, 0x33, 0x33, 
	0xdf, 0xff, 0xff, 0xff, 0xff, 0xff, 0xff, 0xff, 
	0xff, 0xff, 0xfa, 0x33, 0x33, 0x33, 0x33, 0x33, 
	0xff, 0xff, 0xff, 0xff, 0xff, 0xff, 0xff, 0xff, 
	0xff, 0xff, 0xf6, 0x33, 0x33, 0x33, 0x33, 0x33, 
	0xff, 0xff, 0xff, 0xff, 0xff, 0xff, 0xff, 0xff, 
	0xff, 0xff, 0xf5, 0x33, 0x33, 0x33, 0x33, 0x33, 
	0xff, 0xff, 0xff, 0xff, 0xff, 0xff, 0xff, 0xff, 
	0xff, 0xff, 0xd6, 0x33, 0x33, 0x33, 0x33, 0x33, 
	0xff, 0xff, 0xff, 0xff, 0xff, 0xff, 0xff, 0xff, 
	0xff, 0xff, 0xf8, 0x33, 0x33, 0x33, 0x33, 0x33, 
	0xff, 0xff, 0xff, 0xff, 0xff, 0xff, 0xff, 0xff, 
	0xff, 0xff, 0xe7, 0x33, 0x33, 0x33, 0x33, 0x33, 
	0xff, 0xff, 0xff, 0xff, 0xff, 0xff, 0xff, 0xff, 
	0xff, 0xff, 0xa5, 0x33, 0x33, 0x33, 0x43, 0x33, 
	0xff, 0xff, 0xff, 0xff, 0xff, 0xff, 0xff, 0xff, 
	0xff, 0xfd, 0x85, 0x33, 0x33, 0x36, 0x84, 0x33, 
	0xff, 0xff, 0xff, 0xff, 0xff, 0xff, 0xff, 0xff, 
	0xff, 0xff, 0xc7, 0x34, 0x44, 0x6b, 0xc6, 0x44, 
	0xff, 0xff, 0xff, 0xff, 0xff, 0xff, 0xff, 0xff, 
	0xff, 0xfe, 0xb9, 0xac, 0xee, 0xff, 0xd7, 0x55, 
	0xff, 0xff, 0xff, 0xff, 0xff, 0xff, 0xff, 0xff, 
	0xff, 0xff, 0xff, 0xff, 0xff, 0xff, 0xe8, 0x66, 
	0xff, 0xff, 0xff, 0xff, 0xff, 0xff, 0xff, 0xff, 
	0xff, 0xff, 0xff, 0xff, 0xff, 0xff, 0xe9, 0x55, 
	0xff, 0xff, 0xff, 0xff, 0xff, 0xff, 0xff, 0xff, 
	0xff, 0xff, 0xff, 0xff, 0xff, 0xff, 0xb7, 0x33, 
	0xff, 0xff, 0xff, 0xff, 0xff, 0xff, 0xff, 0xff, 
	0xff, 0xff, 0xff, 0xff, 0xff, 0xff, 0xb6, 0x33, 
	0xff, 0xff, 0xee, 0xee, 0xef, 0xff, 0xff, 0xff, 
	0xff, 0xff, 0xff, 0xff, 0xff, 0xff, 0x94, 0x33, 
	0xff, 0xff, 0xee, 0xee, 0xee, 0xff, 0xff, 0xff, 
	0xff, 0xff, 0xff, 0xff, 0xff, 0xfd, 0x63, 0x33, 
	0xff, 0xff, 0xee, 0xdd, 0xee, 0xee, 0xef, 0xff, 
	0xff, 0xff, 0xff, 0xff, 0xff, 0xf9, 0x33, 0x33, 
	0xff, 0xff, 0xee, 0xdd, 0xdd, 0xcc, 0xce, 0xef, 
	0xff, 0xff, 0xff, 0xff, 0xff, 0xe5, 0x33, 0x33, 
	0xff, 0xff, 0xee, 0xed, 0xcb, 0xbb, 0xbc, 0xde, 
	0xef, 0xff, 0xff, 0xff, 0xff, 0xa4, 0x33, 0x33, 
	0xff, 0xff, 0xfe, 0xed, 0xdc, 0xba, 0xab, 0xcd, 
	0xef, 0xff, 0xff, 0xfe, 0xc9, 0x63, 0x33, 0x33, 
	0xff, 0xff, 0xfe, 0xed, 0xee, 0xba, 0xab, 0xbd, 
	0xde, 0xee, 0xed, 0xb9, 0x75, 0x33, 0x33, 0x33, 
	0xff, 0xff, 0xfe, 0xee, 0xed, 0xb9, 0xaa, 0xbc, 
	0xdc, 0xbb, 0xca, 0x98, 0x74, 0x33, 0x33, 0x33, 
	0xff, 0xff, 0xfe, 0xee, 0xeb, 0xaa, 0xaa, 0xbc, 
	0xcb, 0xbb, 0x99, 0x98, 0x64, 0x33, 0x33, 0x33, 
	0xff, 0xff, 0xfe, 0xee, 0xdb, 0xaa, 0xaa, 0xbb, 
	0xbb, 0xef, 0xfe, 0xb7, 0x64, 0x32, 0x33, 0x33, 
	0xff, 0xff, 0xfe, 0xee, 0xca, 0xaa, 0xaa, 0xbb, 
	0xcd, 0xff, 0xff, 0xc7, 0x53, 0x32, 0x33, 0x33, 
	0xff, 0xff, 0xee, 0xed, 0xba, 0xaa, 0xaa, 0xbc, 
	0xdf, 0xff, 0xff, 0x95, 0x33, 0x22, 0x23, 0x33, 
	0xff, 0xfe, 0xee, 0xed, 0xba, 0xaa, 0xbb, 0xce, 
	0xff, 0xff, 0xfe, 0x73, 0x22, 0x22, 0x23, 0x33, 
	0xff, 0xee, 0xee, 0xdc, 0xba, 0xaa, 0xbd, 0xef, 
	0xff, 0xff, 0xfd, 0x42, 0x22, 0x22, 0x23, 0x33, 
	0xfe, 0xee, 0xee, 0xec, 0xbb, 0xcd, 0xef, 0xff, 
	0xff, 0xff, 0xfa, 0x32, 0x22, 0x23, 0x33, 0x33, 
	0xff, 0xee, 0xee, 0xee, 0xde, 0xee, 0xff, 0xff, 
	0xff, 0xff, 0xd8, 0x32, 0x22, 0x33, 0x33, 0x33, 
	0xff, 0xff, 0xff, 0xfe, 0xff, 0xff, 0xff, 0xff, 
	0xff, 0xff, 0xb5, 0x33, 0x23, 0x33, 0x33, 0x33, 
	0xff, 0xff, 0xff, 0xff, 0xff, 0xff, 0xff, 0xff, 
	0xff, 0xfe, 0x83, 0x33, 0x33, 0x33, 0x33, 0x33, 
	0xff, 0xff, 0xff, 0xff, 0xff, 0xff, 0xff, 0xff, 
	0xff, 0xfa, 0x53, 0x33, 0x33, 0x33, 0x33, 0x33, 
	0xff, 0xff, 0xff, 0xff, 0xff, 0xff, 0xff, 0xff, 
	0xff, 0xd6, 0x33, 0x33, 0x33, 0x33, 0x33, 0x33, 
	0xff, 0xff, 0xff, 0xff, 0xff, 0xff, 0xff, 0xff, 
	0xfd, 0x73, 0x33, 0x33, 0x33, 0x33, 0x33, 0x33, 
	0xff, 0xff, 0xff, 0xff, 0xff, 0xff, 0xff, 0xff, 
	0xc7, 0x33, 0x33, 0x33, 0x33, 0x33, 0x33, 0x33, 
	0xff, 0xff, 0xee, 0xff, 0xff, 0xff, 0xff, 0xc8, 
	0x53, 0x33, 0x33, 0x33, 0x33, 0x33, 0x33, 0x33, 
	0xff, 0xfc, 0xcf, 0xff, 0xff, 0xff, 0xd7, 0x43, 
	0x33, 0x33, 0x33, 0x33, 0x33, 0x33, 0x33, 0x33, 
	0xff, 0xea, 0xdf, 0xff, 0xff, 0xfb, 0x43, 0x33, 
	0x33, 0x33, 0x33, 0x33, 0x33, 0x33, 0x33, 0x33, 
	0xff, 0xe9, 0xaf, 0xff, 0xff, 0xd6, 0x33, 0x33, 
	0x33, 0x33, 0x33, 0x33, 0x33, 0x33, 0x33, 0x33, 
	0xff, 0xe9, 0xaf, 0xff, 0xff, 0xa4, 0x33, 0x33, 
	0x33, 0x33, 0x33, 0x33, 0x33, 0x33, 0x33, 0x33, 
	0xff, 0xec, 0xdf, 0xfe, 0xcc, 0x84, 0x33, 0x33, 
	0x33, 0x33, 0x33, 0x33, 0x33, 0x33, 0x33, 0x33, 
	0xff, 0xdc, 0xcd, 0xb8, 0x77, 0x53, 0x33, 0x33, 
	0x33, 0x33, 0x33, 0x33, 0x33, 0x33, 0x33, 0x33, 
	0xff, 0xfd, 0xb9, 0x65, 0x55, 0x33, 0x33, 0x33, 
	0x33, 0x33, 0x33, 0x33, 0x33, 0x33, 0x33, 0x33, 
	0xff, 0xff, 0xfe, 0x65, 0x43, 0x32, 0x33, 0x33, 
	0x33, 0x33, 0x33, 0x33, 0x33, 0x33, 0x33, 0x33, 
	0xfe, 0xdc, 0xc9, 0x53, 0x33, 0x22, 0x33, 0x33, 
	0x33, 0x33, 0x33, 0x33, 0x33, 0x33, 0x33, 0x33, 
	0xc9, 0x87, 0x64, 0x32, 0x22, 0x22, 0x33, 0x33, 
	0x33, 0x33, 0x33, 0x33, 0x33, 0x33, 0x33, 0x33, 
	0x74, 0x33, 0x22, 0x22, 0x22, 0x22, 0x33, 0x33, 
	0x33, 0x33, 0x33, 0x33, 0x33, 0x33, 0x33, 0x33, 
	0x32, 0x22, 0x22, 0x22, 0x22, 0x23, 0x33, 0x33, 
	0x33, 0x33, 0x33, 0x33, 0x33, 0x33, 0x33, 0x33, 
	0x22, 0x22, 0x22, 0x22, 0x22, 0x23, 0x33, 0x33, 
	0x33, 0x33, 0x33, 0x33, 0x33, 0x33, 0x33, 0x33, 
	0x22, 0x22, 0x22, 0x22, 0x22, 0x33, 0x33, 0x33, 
	0x33, 0x33, 0x33, 0x33, 0x33, 0x33, 0x33, 0x33, 
	0x22, 0x22, 0x22, 0x22, 0x22, 0x33, 0x33, 0x33, 
	0x33, 0x33, 0x33, 0x33, 0x33, 0x33, 0x33, 0x33, 
	0x22, 0x22, 0x22, 0x22, 0x33, 0x33, 0x33, 0x33, 
	0x33, 0x33, 0x33, 0x33, 0x33, 0x33, 0x33, 0x33, 
	0x22, 0x22, 0x22, 0x23, 0x33, 0x33, 0x33, 0x33, 
	0x33, 0x33, 0x33, 0x33, 0x33, 0x33, 0x33, 0x33, 
	0x22, 0x22, 0x22, 0x33, 0x33, 0x33, 0x33, 0x33, 
	0x33, 0x33, 0x33, 0x33, 0x33, 0x33, 0x33, 0x33, 
	0x22, 0x22, 0x33, 0x33, 0x33, 0x33, 0x33, 0x33, 
	0x33, 0x33, 0x33, 0x33, 0x33, 0x33, 0x33, 0x33, 
	0x22, 0x23, 0x33, 0x33, 0x33, 0x33, 0x33, 0x33, 
	0x33, 0x33, 0x33, 0x33, 0x33, 0x33, 0x33, 0x33, 
	0x23, 0x33, 0x33, 0x33, 0x33, 0x33, 0x33, 0x33, 
	0x33, 0x33, 0x33, 0x33, 0x33, 0x33, 0x33, 0x33, 
	0x23, 0x33, 0x33, 0x33, 0x33, 0x33, 0x33, 0x33, 
	0x33, 0x33, 0x33, 0x33, 0x33, 0x33, 0x33, 0x33, 
	
};

Texture monteman_custom_mario_metal_wing_tip_light_i4[] = {
	0x00, 0x00, 0x00, 0x00, 0x00, 0x00, 0x00, 0x00, 
	0x00, 0x00, 0x00, 0x00, 0x00, 0x00, 0x00, 0x00, 
	0x00, 0x00, 0x00, 0x00, 0x00, 0x00, 0x00, 0x00, 
	0x00, 0x00, 0x00, 0x00, 0x00, 0x00, 0x00, 0x00, 
	0x00, 0x00, 0x00, 0x00, 0x00, 0x00, 0x00, 0x00, 
	0x00, 0x00, 0x00, 0x00, 0x00, 0x00, 0x00, 0x00, 
	0x00, 0x00, 0x00, 0x00, 0x01, 0x45, 0x31, 0x00, 
	0x00, 0x00, 0x31, 0x00, 0x00, 0x00, 0x00, 0x00, 
	0x00, 0x00, 0x01, 0x23, 0x45, 0x66, 0x65, 0x31, 
	0x00, 0x24, 0x20, 0x00, 0x00, 0x00, 0x00, 0x00, 
	0x01, 0x24, 0x55, 0x66, 0x66, 0x66, 0x66, 0x65, 
	0x34, 0x64, 0x20, 0x00, 0x00, 0x00, 0x00, 0x00, 
	0x33, 0x56, 0x66, 0x66, 0x66, 0x66, 0x66, 0x66, 
	0x67, 0x65, 0x00, 0x00, 0x00, 0x00, 0x00, 0x00, 
	0x55, 0x56, 0x66, 0x66, 0x66, 0x66, 0x66, 0x77, 
	0x77, 0x64, 0x00, 0x00, 0x00, 0x00, 0x00, 0x00, 
	0x66, 0x66, 0x66, 0x66, 0x77, 0x77, 0x77, 0x77, 
	0x77, 0x63, 0x00, 0x00, 0x00, 0x00, 0x00, 0x00, 
	0x77, 0x66, 0x77, 0x77, 0x77, 0x77, 0x77, 0x77, 
	0x77, 0x65, 0x00, 0x00, 0x00, 0x00, 0x00, 0x00, 
	0x77, 0x77, 0x77, 0x77, 0x77, 0x77, 0x77, 0x77, 
	0x77, 0x64, 0x00, 0x00, 0x00, 0x00, 0x00, 0x00, 
	0x67, 0x77, 0x77, 0x77, 0x77, 0x77, 0x77, 0x77, 
	0x77, 0x50, 0x00, 0x00, 0x00, 0x00, 0x00, 0x00, 
	0x66, 0x66, 0x66, 0x66, 0x77, 0x77, 0x77, 0x77, 
	0x76, 0x20, 0x00, 0x00, 0x00, 0x00, 0x00, 0x00, 
	0x65, 0x55, 0x55, 0x66, 0x66, 0x77, 0x77, 0x77, 
	0x64, 0x21, 0x00, 0x00, 0x00, 0x00, 0x00, 0x00, 
	0x55, 0x55, 0x55, 0x55, 0x66, 0x67, 0x77, 0x77, 
	0x64, 0x10, 0x00, 0x00, 0x00, 0x01, 0x00, 0x00, 
	0x44, 0x44, 0x44, 0x44, 0x55, 0x66, 0x67, 0x77, 
	0x65, 0x42, 0x22, 0x34, 0x56, 0x53, 0x00, 0x00, 
	0x44, 0x44, 0x43, 0x44, 0x44, 0x44, 0x57, 0x77, 
	0x66, 0x66, 0x56, 0x77, 0x77, 0x63, 0x00, 0x00, 
	0x44, 0x43, 0x33, 0x33, 0x32, 0x24, 0x56, 0x77, 
	0x66, 0x66, 0x77, 0x77, 0x77, 0x50, 0x00, 0x00, 
	0x43, 0x32, 0x21, 0x11, 0x22, 0x24, 0x56, 0x66, 
	0x66, 0x77, 0x77, 0x77, 0x77, 0x40, 0x00, 0x00, 
	0x43, 0x31, 0x10, 0x00, 0x01, 0x23, 0x45, 0x56, 
	0x66, 0x67, 0x77, 0x77, 0x77, 0x40, 0x00, 0x00, 
	0x33, 0x21, 0x00, 0x00, 0x11, 0x22, 0x34, 0x45, 
	0x56, 0x66, 0x77, 0x77, 0x76, 0x30, 0x00, 0x00, 
	0x32, 0x11, 0x00, 0x00, 0x01, 0x00, 0x02, 0x23, 
	0x45, 0x66, 0x77, 0x66, 0x55, 0x20, 0x00, 0x00, 
	0x11, 0x01, 0x00, 0x00, 0x00, 0x00, 0x00, 0x01, 
	0x23, 0x45, 0x66, 0x54, 0x33, 0x00, 0x00, 0x00, 
	0x11, 0x01, 0x10, 0x00, 0x00, 0x00, 0x00, 0x00, 
	0x01, 0x33, 0x43, 0x31, 0x11, 0x00, 0x00, 0x00, 
	0x11, 0x11, 0x10, 0x00, 0x00, 0x00, 0x00, 0x00, 
	0x01, 0x11, 0x11, 0x00, 0x00, 0x00, 0x00, 0x00, 
	0x11, 0x11, 0x10, 0x00, 0x00, 0x00, 0x00, 0x00, 
	0x00, 0x00, 0x00, 0x00, 0x00, 0x00, 0x00, 0x00, 
	0x11, 0x11, 0x11, 0x00, 0x10, 0x00, 0x00, 0x00, 
	0x00, 0x00, 0x00, 0x00, 0x00, 0x00, 0x00, 0x00, 
	0x22, 0x22, 0x11, 0x11, 0x10, 0x00, 0x00, 0x00, 
	0x00, 0x00, 0x00, 0x00, 0x00, 0x00, 0x00, 0x00, 
	0x22, 0x22, 0x21, 0x11, 0x00, 0x00, 0x00, 0x00, 
	0x00, 0x01, 0x10, 0x00, 0x00, 0x00, 0x00, 0x00, 
	0x12, 0x22, 0x22, 0x11, 0x00, 0x00, 0x00, 0x00, 
	0x00, 0x23, 0x31, 0x00, 0x00, 0x00, 0x00, 0x00, 
	0x12, 0x22, 0x22, 0x10, 0x00, 0x00, 0x00, 0x00, 
	0x01, 0x44, 0x31, 0x00, 0x00, 0x00, 0x00, 0x00, 
	0x22, 0x22, 0x21, 0x10, 0x00, 0x00, 0x00, 0x00, 
	0x13, 0x44, 0x20, 0x00, 0x00, 0x00, 0x00, 0x00, 
	0x22, 0x22, 0x11, 0x00, 0x00, 0x00, 0x00, 0x01, 
	0x45, 0x53, 0x10, 0x00, 0x00, 0x00, 0x00, 0x00, 
	0x22, 0x21, 0x11, 0x00, 0x00, 0x00, 0x01, 0x24, 
	0x56, 0x52, 0x00, 0x00, 0x00, 0x00, 0x00, 0x00, 
	0x22, 0x22, 0x11, 0x10, 0x00, 0x00, 0x13, 0x45, 
	0x66, 0x41, 0x00, 0x00, 0x00, 0x00, 0x00, 0x00, 
	0x22, 0x22, 0x22, 0x11, 0x11, 0x12, 0x44, 0x45, 
	0x54, 0x20, 0x00, 0x00, 0x00, 0x00, 0x00, 0x00, 
	0x23, 0x33, 0x22, 0x22, 0x33, 0x34, 0x54, 0x34, 
	0x42, 0x10, 0x00, 0x00, 0x00, 0x00, 0x00, 0x00, 
	0x23, 0x34, 0x33, 0x44, 0x44, 0x55, 0x53, 0x33, 
	0x21, 0x00, 0x00, 0x00, 0x00, 0x00, 0x00, 0x00, 
	0x12, 0x33, 0x44, 0x45, 0x55, 0x55, 0x43, 0x32, 
	0x11, 0x00, 0x00, 0x00, 0x00, 0x00, 0x00, 0x00, 
	0x11, 0x11, 0x23, 0x34, 0x45, 0x66, 0x54, 0x31, 
	0x00, 0x00, 0x00, 0x00, 0x00, 0x00, 0x00, 0x00, 
	0x43, 0x10, 0x01, 0x12, 0x46, 0x77, 0x64, 0x20, 
	0x00, 0x00, 0x00, 0x00, 0x00, 0x00, 0x00, 0x00, 
	0x54, 0x20, 0x00, 0x13, 0x57, 0x77, 0x41, 0x00, 
	0x00, 0x00, 0x00, 0x00, 0x00, 0x00, 0x00, 0x00, 
	0x53, 0x00, 0x00, 0x23, 0x57, 0x63, 0x00, 0x00, 
	0x00, 0x00, 0x00, 0x00, 0x00, 0x00, 0x00, 0x00, 
	0x43, 0x00, 0x01, 0x23, 0x34, 0x10, 0x00, 0x00, 
	0x00, 0x00, 0x00, 0x00, 0x00, 0x00, 0x00, 0x00, 
	0x33, 0x00, 0x00, 0x12, 0x32, 0x00, 0x00, 0x00, 
	0x00, 0x00, 0x00, 0x00, 0x00, 0x00, 0x00, 0x00, 
	0x22, 0x00, 0x00, 0x11, 0x10, 0x00, 0x00, 0x00, 
	0x00, 0x00, 0x00, 0x00, 0x00, 0x00, 0x00, 0x00, 
	0x20, 0x00, 0x00, 0x00, 0x00, 0x00, 0x00, 0x00, 
	0x00, 0x00, 0x00, 0x00, 0x00, 0x00, 0x00, 0x00, 
	0x20, 0x00, 0x00, 0x00, 0x00, 0x00, 0x00, 0x00, 
	0x00, 0x00, 0x00, 0x00, 0x00, 0x00, 0x00, 0x00, 
	0x41, 0x00, 0x00, 0x00, 0x00, 0x00, 0x00, 0x00, 
	0x00, 0x00, 0x00, 0x00, 0x00, 0x00, 0x00, 0x00, 
	0x32, 0x11, 0x00, 0x00, 0x00, 0x00, 0x00, 0x00, 
	0x00, 0x00, 0x00, 0x00, 0x00, 0x00, 0x00, 0x00, 
	0x00, 0x00, 0x00, 0x00, 0x00, 0x00, 0x00, 0x00, 
	0x00, 0x00, 0x00, 0x00, 0x00, 0x00, 0x00, 0x00, 
	0x00, 0x00, 0x00, 0x00, 0x00, 0x00, 0x00, 0x00, 
	0x00, 0x00, 0x00, 0x00, 0x00, 0x00, 0x00, 0x00, 
	0x00, 0x00, 0x00, 0x00, 0x00, 0x00, 0x00, 0x00, 
	0x00, 0x00, 0x00, 0x00, 0x00, 0x00, 0x00, 0x00, 
	0x00, 0x00, 0x00, 0x00, 0x00, 0x00, 0x00, 0x00, 
	0x00, 0x00, 0x00, 0x00, 0x00, 0x00, 0x00, 0x00, 
	0x00, 0x00, 0x00, 0x00, 0x00, 0x00, 0x00, 0x00, 
	0x00, 0x00, 0x00, 0x00, 0x00, 0x00, 0x00, 0x00, 
	0x00, 0x00, 0x00, 0x00, 0x00, 0x00, 0x00, 0x00, 
	0x00, 0x00, 0x00, 0x00, 0x00, 0x00, 0x00, 0x00, 
	0x00, 0x00, 0x00, 0x00, 0x00, 0x00, 0x00, 0x00, 
	0x00, 0x00, 0x00, 0x00, 0x00, 0x00, 0x00, 0x00, 
	0x00, 0x00, 0x00, 0x00, 0x00, 0x00, 0x00, 0x00, 
	0x00, 0x00, 0x00, 0x00, 0x00, 0x00, 0x00, 0x00, 
	0x00, 0x00, 0x00, 0x00, 0x00, 0x00, 0x00, 0x00, 
	0x00, 0x00, 0x00, 0x00, 0x00, 0x00, 0x00, 0x00, 
	0x00, 0x00, 0x00, 0x00, 0x00, 0x00, 0x00, 0x00, 
	0x00, 0x00, 0x00, 0x00, 0x00, 0x00, 0x00, 0x00, 
	0x00, 0x00, 0x00, 0x00, 0x00, 0x00, 0x00, 0x00, 
	0x00, 0x00, 0x00, 0x00, 0x00, 0x00, 0x00, 0x00, 
	0x00, 0x00, 0x00, 0x00, 0x00, 0x00, 0x00, 0x00, 
	0x00, 0x00, 0x00, 0x00, 0x00, 0x00, 0x00, 0x00, 
	0x00, 0x00, 0x00, 0x00, 0x00, 0x00, 0x00, 0x00, 
	0x00, 0x00, 0x00, 0x00, 0x00, 0x00, 0x00, 0x00, 
	0x00, 0x00, 0x00, 0x00, 0x00, 0x00, 0x00, 0x00, 
	0x00, 0x00, 0x00, 0x00, 0x00, 0x00, 0x00, 0x00, 
	
};

Texture monteman_object_mm_0009B0_Tex_ci8_tlut_gRunningManTLU1T_rgba16[] = {
	0x00, 0x00, 0x00, 0x00, 0x00, 0x00, 0x00, 0x00, 
	0x00, 0x00, 0x00, 0x00, 0x00, 0x00, 0x00, 0x00, 
	0x00, 0x00, 0x00, 0x00, 0x00, 0x00, 0x00, 0x00, 
	0x00, 0x00, 0x00, 0x00, 0x00, 0x00, 0x00, 0x00, 
	0x00, 0x00, 0x00, 0x00, 0x00, 0x00, 0x00, 0x00, 
	0x00, 0x00, 0x00, 0x00, 0x00, 0x00, 0x00, 0x00, 
	0x00, 0x00, 0x00, 0x00, 0x00, 0x00, 0x00, 0x00, 
	0x00, 0x00, 0x00, 0x00, 0x00, 0x00, 0x00, 0x00, 
	0x00, 0x00, 0x00, 0x00, 0x00, 0x00, 0x00, 0x00, 
	0x00, 0x00, 0x00, 0x00, 0x00, 0x00, 0x00, 0x00, 
	0x00, 0x00, 0x00, 0x00, 0x00, 0x00, 0x00, 0x00, 
	0x00, 0x00, 0x00, 0x00, 0x00, 0x00, 0x00, 0x00, 
	0x00, 0x00, 0x00, 0x00, 0x00, 0x00, 0x00, 0x00, 
	0x00, 0x00, 0x00, 0x00, 0x00, 0x00, 0x00, 0x00, 
	0x00, 0x00, 0x00, 0x00, 0x00, 0x00, 0x00, 0x00, 
	0x00, 0x00, 0x00, 0x00, 0x00, 0x00, 0x00, 0x00, 
	0x00, 0x00, 0x00, 0x00, 0x00, 0x00, 0x00, 0x00, 
	0x00, 0x00, 0x00, 0x00, 0x00, 0x00, 0x00, 0x00, 
	0x00, 0x00, 0x00, 0x00, 0x00, 0x00, 0x00, 0x00, 
	0x00, 0x00, 0x00, 0x00, 0x00, 0x00, 0x00, 0x00, 
	0x00, 0x00, 0x00, 0x00, 0x00, 0x00, 0x00, 0x00, 
	0x00, 0x00, 0x00, 0x00, 0x00, 0x00, 0x00, 0x00, 
	0x00, 0x00, 0x00, 0x00, 0x00, 0x00, 0x00, 0x00, 
	0x00, 0x00, 0x00, 0x00, 0x00, 0x00, 0x00, 0x00, 
	0x00, 0x00, 0x00, 0x00, 0x00, 0x00, 0x00, 0x00, 
	0x00, 0x00, 0x00, 0x00, 0x00, 0x00, 0x00, 0x00, 
	0x00, 0x00, 0x00, 0x00, 0x00, 0x00, 0x00, 0x00, 
	0x00, 0x00, 0x00, 0x00, 0x00, 0x00, 0x00, 0x00, 
	0x00, 0x00, 0x00, 0x00, 0x00, 0x00, 0x00, 0x00, 
	0x00, 0x00, 0x00, 0x00, 0x00, 0x00, 0x00, 0x00, 
	0x00, 0x00, 0x00, 0x00, 0x00, 0x00, 0x00, 0x00, 
	0x00, 0x00, 0x00, 0x00, 0x00, 0x00, 0x00, 0x00, 
	0x00, 0x00, 0x00, 0x00, 0x00, 0x00, 0x00, 0x00, 
	0x00, 0x00, 0x00, 0x00, 0x00, 0x00, 0x00, 0x00, 
	0x00, 0x00, 0x00, 0x01, 0x00, 0x01, 0x00, 0x01, 
	0x00, 0x01, 0x00, 0x01, 0x00, 0x01, 0x00, 0x01, 
	0x00, 0x01, 0x00, 0x01, 0x00, 0x01, 0x00, 0x01, 
	0x00, 0x01, 0x00, 0x01, 0x00, 0x01, 0x00, 0x00, 
	0x00, 0x00, 0x00, 0x00, 0x00, 0x00, 0x00, 0x00, 
	0x00, 0x00, 0x00, 0x00, 0x00, 0x00, 0x00, 0x00, 
	0x00, 0x00, 0x00, 0x00, 0x00, 0x00, 0x00, 0x00, 
	0x00, 0x00, 0x00, 0x00, 0x00, 0x00, 0x00, 0x00, 
	0x00, 0x01, 0x00, 0x01, 0x00, 0x01, 0x00, 0x01, 
	0x00, 0x01, 0x00, 0x01, 0x00, 0x01, 0x00, 0x01, 
	0x00, 0x01, 0x00, 0x01, 0x00, 0x01, 0x00, 0x01, 
	0x00, 0x01, 0x00, 0x01, 0x00, 0x01, 0x00, 0x01, 
	0x00, 0x00, 0x00, 0x00, 0x00, 0x00, 0x00, 0x00, 
	0x00, 0x00, 0x00, 0x00, 0x00, 0x00, 0x00, 0x00, 
	0x00, 0x00, 0x00, 0x00, 0x00, 0x00, 0x00, 0x00, 
	0x00, 0x00, 0x00, 0x00, 0x00, 0x01, 0x00, 0x01, 
	0x00, 0x01, 0x00, 0x01, 0x9c, 0xe7, 0xce, 0x73, 
	0xff, 0xff, 0xad, 0x6b, 0xe7, 0x39, 0xf7, 0xbd, 
	0xf7, 0xbd, 0xde, 0xf7, 0xb5, 0xad, 0xff, 0xff, 
	0xc6, 0x31, 0x9c, 0xe7, 0x00, 0x01, 0x00, 0x01, 
	0x00, 0x01, 0x00, 0x01, 0x00, 0x00, 0x00, 0x00, 
	0x00, 0x00, 0x00, 0x00, 0x00, 0x00, 0x00, 0x00, 
	0x00, 0x00, 0x00, 0x00, 0x00, 0x00, 0x00, 0x01, 
	0x00, 0x01, 0x00, 0x01, 0x00, 0x01, 0x00, 0x01, 
	0x7b, 0xdf, 0x84, 0x21, 0xad, 0x6b, 0xc6, 0x31, 
	0xff, 0xff, 0xad, 0x6b, 0xff, 0xff, 0xff, 0xff, 
	0xff, 0xff, 0xff, 0xff, 0xad, 0x6b, 0xff, 0xff, 
	0xbd, 0xef, 0xa5, 0x29, 0x84, 0x21, 0x7b, 0xdf, 
	0x00, 0x01, 0x00, 0x01, 0x00, 0x01, 0x00, 0x01, 
	0x00, 0x01, 0x00, 0x00, 0x00, 0x00, 0x00, 0x00, 
	0x00, 0x00, 0x00, 0x00, 0x00, 0x00, 0x00, 0x01, 
	0x00, 0x01, 0x00, 0x01, 0x00, 0x01, 0x00, 0x01, 
	0x00, 0x01, 0x00, 0x01, 0x00, 0x01, 0x00, 0x01, 
	0x00, 0x01, 0x00, 0x01, 0x00, 0x01, 0x00, 0x01, 
	0x00, 0x01, 0x00, 0x01, 0x00, 0x01, 0x00, 0x01, 
	0x00, 0x01, 0x00, 0x01, 0x00, 0x01, 0x00, 0x01, 
	0x00, 0x01, 0x00, 0x01, 0x00, 0x01, 0x00, 0x01, 
	0x00, 0x01, 0x00, 0x00, 0x00, 0x00, 0x00, 0x00, 
	0x00, 0x00, 0x00, 0x00, 0x00, 0x00, 0x00, 0x01, 
	0x00, 0x01, 0x00, 0x01, 0x00, 0x01, 0x00, 0x01, 
	0x00, 0x01, 0x00, 0x01, 0x00, 0x01, 0x00, 0x01, 
	0x00, 0x01, 0x00, 0x00, 0x00, 0x00, 0x00, 0x00, 
	0x00, 0x00, 0x00, 0x00, 0x00, 0x00, 0x00, 0x01, 
	0x00, 0x01, 0x00, 0x01, 0x00, 0x01, 0x00, 0x01, 
	0x00, 0x01, 0x00, 0x01, 0x00, 0x01, 0x00, 0x01, 
	0x00, 0x01, 0x00, 0x00, 0x00, 0x00, 0x00, 0x00, 
	0x00, 0x00, 0x00, 0x00, 0x00, 0x00, 0x00, 0x00, 
	0x00, 0x00, 0x00, 0x01, 0x00, 0x01, 0x00, 0x01, 
	0x00, 0x01, 0x00, 0x01, 0x00, 0x00, 0x00, 0x00, 
	0x00, 0x00, 0x00, 0x00, 0x00, 0x00, 0x00, 0x00, 
	0x00, 0x00, 0x00, 0x00, 0x00, 0x00, 0x00, 0x00, 
	0x00, 0x00, 0x00, 0x01, 0x00, 0x01, 0x00, 0x01, 
	0x00, 0x01, 0x00, 0x01, 0x00, 0x01, 0x00, 0x00, 
	0x00, 0x00, 0x00, 0x00, 0x00, 0x00, 0x00, 0x00, 
	0x00, 0x00, 0x00, 0x00, 0x00, 0x00, 0x00, 0x00, 
	0x00, 0x00, 0x00, 0x00, 0x00, 0x01, 0x00, 0x01, 
	0x00, 0x01, 0x00, 0x01, 0x00, 0x01, 0x00, 0x01, 
	0x00, 0x01, 0x00, 0x01, 0x00, 0x01, 0x00, 0x01, 
	0x00, 0x01, 0x00, 0x01, 0x00, 0x01, 0x00, 0x01, 
	0x00, 0x01, 0x00, 0x01, 0x00, 0x01, 0x00, 0x01, 
	0x00, 0x01, 0x00, 0x01, 0x00, 0x00, 0x00, 0x00, 
	0x00, 0x00, 0x00, 0x00, 0x00, 0x00, 0x00, 0x00, 
	0x00, 0x00, 0x00, 0x00, 0x00, 0x00, 0x00, 0x00, 
	0x00, 0x00, 0x00, 0x00, 0x00, 0x00, 0x00, 0x01, 
	0x00, 0x01, 0x00, 0x01, 0xbd, 0xef, 0xe7, 0x39, 
	0xff, 0xff, 0xff, 0xff, 0xff, 0xff, 0xff, 0xff, 
	0xff, 0xff, 0xff, 0xff, 0xff, 0xff, 0xff, 0xff, 
	0xde, 0xf7, 0xbd, 0xef, 0x00, 0x01, 0x00, 0x01, 
	0x00, 0x01, 0x00, 0x00, 0x00, 0x00, 0x00, 0x00, 
	0x00, 0x00, 0x00, 0x00, 0x00, 0x00, 0x00, 0x00, 
	0x00, 0x00, 0x00, 0x00, 0x00, 0x00, 0x00, 0x00, 
	0x00, 0x00, 0x00, 0x00, 0x00, 0x00, 0x00, 0x00, 
	0x00, 0x00, 0x00, 0x01, 0x00, 0x01, 0x00, 0x01, 
	0x00, 0x01, 0x00, 0x01, 0x00, 0x01, 0x00, 0x01, 
	0x00, 0x01, 0x00, 0x01, 0x00, 0x01, 0x00, 0x01, 
	0x00, 0x01, 0x00, 0x01, 0x00, 0x01, 0x00, 0x00, 
	0x00, 0x00, 0x00, 0x00, 0x00, 0x00, 0x00, 0x00, 
	0x00, 0x00, 0x00, 0x00, 0x00, 0x00, 0x00, 0x00, 
	0x00, 0x00, 0x00, 0x00, 0x00, 0x00, 0x00, 0x00, 
	0x00, 0x00, 0x00, 0x00, 0x00, 0x00, 0x00, 0x00, 
	0x00, 0x00, 0x00, 0x00, 0x00, 0x00, 0x00, 0x00, 
	0x00, 0x00, 0x00, 0x00, 0x00, 0x00, 0x00, 0x00, 
	0x00, 0x00, 0x00, 0x00, 0x00, 0x00, 0x00, 0x00, 
	0x00, 0x00, 0x00, 0x00, 0x00, 0x00, 0x00, 0x00, 
	0x00, 0x00, 0x00, 0x00, 0x00, 0x00, 0x00, 0x00, 
	0x00, 0x00, 0x00, 0x00, 0x00, 0x00, 0x00, 0x00, 
	0x00, 0x00, 0x00, 0x00, 0x00, 0x00, 0x00, 0x00, 
	0x00, 0x00, 0x00, 0x00, 0x00, 0x00, 0x00, 0x00, 
	0x00, 0x00, 0x00, 0x00, 0x00, 0x00, 0x00, 0x00, 
	0x00, 0x00, 0x00, 0x00, 0x00, 0x00, 0x00, 0x00, 
	0x00, 0x00, 0x00, 0x00, 0x00, 0x00, 0x00, 0x00, 
	0x00, 0x00, 0x00, 0x00, 0x00, 0x00, 0x00, 0x00, 
	0x00, 0x00, 0x00, 0x00, 0x00, 0x00, 0x00, 0x00, 
	0x00, 0x00, 0x00, 0x00, 0x00, 0x00, 0x00, 0x00, 
	
};

Texture monteman_mario_eyes_left_unused_rgba16_rgba16[] = {
	0xff, 0xfe, 0xff, 0xfe, 0xff, 0xfe, 0xff, 0xfe, 
	0xff, 0xfe, 0xff, 0xfe, 0xff, 0xfe, 0xff, 0xfe, 
	0xff, 0xfe, 0xff, 0xfe, 0xff, 0xfe, 0xff, 0xfe, 
	0xff, 0xfe, 0xff, 0xfe, 0xff, 0xfe, 0xff, 0xfe, 
	0xff, 0xfe, 0xff, 0xfe, 0xff, 0xfe, 0xff, 0xfe, 
	0xff, 0xfe, 0xff, 0xfe, 0xff, 0xfe, 0xff, 0xfe, 
	0xff, 0xfe, 0xff, 0xfe, 0xff, 0xfe, 0xff, 0xfe, 
	0xff, 0xfe, 0xff, 0xfe, 0xff, 0xfe, 0xff, 0xfe, 
	0xff, 0xfe, 0xff, 0xfe, 0xff, 0xfe, 0xff, 0xfe, 
	0xff, 0xfe, 0xff, 0xfe, 0xff, 0xfe, 0xff, 0xfe, 
	0xff, 0xfe, 0xff, 0xfe, 0xff, 0xfe, 0xff, 0xfe, 
	0xff, 0xfe, 0xff, 0xfe, 0xff, 0xfe, 0xff, 0xfe, 
	0xff, 0xfe, 0xff, 0xfe, 0xff, 0xfe, 0xff, 0xfe, 
	0xff, 0xfe, 0xff, 0xfe, 0xff, 0xfe, 0xff, 0xfe, 
	0xff, 0xfe, 0xff, 0xfe, 0xff, 0xfe, 0xff, 0xfe, 
	0xff, 0xfe, 0xff, 0xfe, 0xff, 0xfe, 0xff, 0xfe, 
	0xff, 0xfe, 0xff, 0xfe, 0xff, 0xfe, 0xff, 0xfe, 
	0xff, 0xfe, 0xff, 0xfe, 0xff, 0xfe, 0xff, 0xfe, 
	0xff, 0xfe, 0xff, 0xfe, 0xff, 0xfe, 0xff, 0xfe, 
	0xff, 0xfe, 0xff, 0xfe, 0xff, 0xfe, 0xff, 0xfe, 
	0xff, 0xfe, 0xff, 0xfe, 0xff, 0xfe, 0xff, 0xfe, 
	0xff, 0xfe, 0xff, 0xfe, 0xff, 0xfe, 0xff, 0xfe, 
	0xff, 0xfe, 0xff, 0xfe, 0xff, 0xfe, 0xff, 0xfe, 
	0xff, 0xfe, 0xff, 0xfe, 0xff, 0xfe, 0xff, 0xfe, 
	0xff, 0xfe, 0xff, 0xfe, 0xff, 0xfe, 0xff, 0xfe, 
	0xff, 0xfe, 0xff, 0xfe, 0xff, 0xfe, 0xff, 0xfe, 
	0xff, 0xfe, 0xff, 0xfe, 0xff, 0xfe, 0xff, 0xfe, 
	0xff, 0xfe, 0xff, 0xfe, 0xff, 0xfe, 0xff, 0xfe, 
	0xff, 0xfe, 0xff, 0xfe, 0xff, 0xfe, 0xff, 0xfe, 
	0xff, 0xfe, 0xff, 0xfe, 0xff, 0xfe, 0xff, 0xfe, 
	0xff, 0xfe, 0xff, 0xfe, 0xff, 0xfe, 0xff, 0xfe, 
	0xff, 0xfe, 0xff, 0xfe, 0xff, 0xfe, 0xff, 0xfe, 
	0xff, 0xfe, 0x08, 0x02, 0x08, 0x02, 0x08, 0x02, 
	0x08, 0x02, 0x08, 0x02, 0x08, 0x02, 0x08, 0x02, 
	0x08, 0x02, 0x08, 0x02, 0xff, 0xfe, 0xff, 0xfe, 
	0xff, 0xfe, 0xff, 0xfe, 0xff, 0xfe, 0xff, 0xfe, 
	0xff, 0xfe, 0xff, 0xfe, 0xff, 0xfe, 0xff, 0xfe, 
	0xff, 0xfe, 0x08, 0x02, 0x08, 0x02, 0x08, 0x02, 
	0x08, 0x02, 0x08, 0x02, 0x08, 0x02, 0x08, 0x02, 
	0x08, 0x02, 0xff, 0xfe, 0xff, 0xfe, 0xff, 0xfe, 
	0xff, 0xfe, 0x08, 0x02, 0x08, 0x02, 0x08, 0x02, 
	0x18, 0x87, 0x00, 0x01, 0x08, 0x03, 0x08, 0x01, 
	0x08, 0x43, 0x08, 0x02, 0x08, 0x02, 0xff, 0xfe, 
	0xff, 0xfe, 0xff, 0xfe, 0xff, 0xfe, 0xff, 0xfe, 
	0xff, 0xfe, 0xff, 0xfe, 0xff, 0xfe, 0xff, 0xfe, 
	0xff, 0xfe, 0x08, 0x02, 0x08, 0x02, 0x10, 0x43, 
	0x08, 0x01, 0x08, 0x03, 0x00, 0x01, 0x18, 0x87, 
	0x08, 0x02, 0x08, 0x02, 0xff, 0xfe, 0xff, 0xfe, 
	0xff, 0xfe, 0x08, 0x02, 0x08, 0x02, 0x10, 0x45, 
	0x08, 0x03, 0x08, 0x01, 0x08, 0x03, 0x08, 0x01, 
	0x08, 0x43, 0x08, 0x01, 0x08, 0x02, 0x08, 0x02, 
	0xff, 0xfe, 0xff, 0xfe, 0xff, 0xfe, 0xff, 0xfe, 
	0xff, 0xfe, 0xff, 0xfe, 0xff, 0xfe, 0xff, 0xfe, 
	0xff, 0xfe, 0x08, 0x02, 0x08, 0x03, 0x08, 0x43, 
	0x08, 0x03, 0x08, 0x03, 0x08, 0x03, 0x08, 0x03, 
	0x08, 0x43, 0x08, 0x02, 0x08, 0x02, 0xff, 0xfe, 
	0xff, 0xfe, 0x08, 0x02, 0x39, 0x8f, 0x00, 0x01, 
	0x41, 0xcf, 0x08, 0x02, 0x08, 0x02, 0x08, 0x02, 
	0x39, 0x8f, 0x08, 0x01, 0x18, 0x85, 0x08, 0x02, 
	0xff, 0xfe, 0xff, 0xfe, 0xff, 0xfe, 0xff, 0xfe, 
	0xff, 0xfe, 0xff, 0xfe, 0xff, 0xfe, 0xff, 0xfe, 
	0x08, 0x02, 0x20, 0xc9, 0x00, 0x01, 0x31, 0x8d, 
	0x08, 0x02, 0x08, 0x02, 0x08, 0x02, 0x41, 0xcf, 
	0x00, 0x01, 0x29, 0x4b, 0x08, 0x02, 0xff, 0xfe, 
	0xff, 0xfe, 0x08, 0x02, 0x18, 0x87, 0x08, 0x02, 
	0x08, 0x02, 0xff, 0xfe, 0xff, 0xfe, 0xff, 0xfe, 
	0x08, 0x02, 0x08, 0x02, 0x20, 0xc7, 0x08, 0x02, 
	0xff, 0xfe, 0xff, 0xfe, 0xff, 0xfe, 0xff, 0xfe, 
	0xff, 0xfe, 0xff, 0xfe, 0xff, 0xfe, 0xff, 0xfe, 
	0x08, 0x02, 0x18, 0xc7, 0x08, 0x02, 0x08, 0x02, 
	0x08, 0x02, 0xff, 0xfe, 0x08, 0x02, 0x08, 0x02, 
	0x08, 0x02, 0x18, 0xc7, 0x08, 0x02, 0xff, 0xfe, 
	0xff, 0xfe, 0x08, 0x02, 0x08, 0x02, 0x08, 0x02, 
	0xff, 0xfe, 0xff, 0xfe, 0xff, 0xfe, 0xff, 0xfe, 
	0xff, 0xfe, 0x08, 0x02, 0x08, 0x02, 0x08, 0x02, 
	0xff, 0xfe, 0xff, 0xfe, 0xff, 0xfe, 0xff, 0xfe, 
	0xff, 0xfe, 0xff, 0xfe, 0xff, 0xfe, 0xff, 0xfe, 
	0x08, 0x02, 0x08, 0x02, 0x08, 0x02, 0xff, 0xfe, 
	0xff, 0xfe, 0xff, 0xfe, 0xff, 0xfe, 0xff, 0xfe, 
	0x08, 0x02, 0x08, 0x02, 0x08, 0x02, 0xff, 0xfe, 
	0xff, 0xfe, 0xff, 0xfe, 0xff, 0xfe, 0xff, 0xfe, 
	0xff, 0xfe, 0xff, 0xfe, 0xff, 0xff, 0xff, 0xff, 
	0xff, 0xff, 0xff, 0xfe, 0xff, 0xfe, 0xff, 0xfe, 
	0xff, 0xfe, 0xff, 0xfe, 0xff, 0xfe, 0xff, 0xfe, 
	0xff, 0xfe, 0xff, 0xfe, 0xff, 0xfe, 0xff, 0xfe, 
	0xff, 0xfe, 0xff, 0xfe, 0xff, 0xfe, 0xff, 0xff, 
	0xff, 0xff, 0xff, 0xff, 0xff, 0xfe, 0xff, 0xfe, 
	0xff, 0xfe, 0xff, 0xfe, 0xff, 0xfe, 0xff, 0xfe, 
	0xff, 0xfe, 0xff, 0xfe, 0xff, 0xfe, 0xff, 0xfe, 
	0xff, 0xff, 0xff, 0xff, 0xff, 0xff, 0xff, 0xff, 
	0xff, 0xff, 0xff, 0xff, 0xff, 0xfe, 0xff, 0xfe, 
	0xff, 0xfe, 0xff, 0xfe, 0xff, 0xfe, 0xff, 0xfe, 
	0xff, 0xfe, 0xff, 0xfe, 0xff, 0xfe, 0xff, 0xfe, 
	0xff, 0xfe, 0xf7, 0xbf, 0xf7, 0xff, 0xff, 0xff, 
	0xff, 0xff, 0xff, 0xff, 0xff, 0xff, 0xff, 0xfe, 
	0xff, 0xfe, 0xff, 0xfe, 0xff, 0xfe, 0xff, 0xfe, 
	0xff, 0xfe, 0xff, 0xfe, 0xff, 0xfe, 0xff, 0xff, 
	0x95, 0xff, 0x2b, 0xfb, 0x44, 0x7d, 0xff, 0xff, 
	0xff, 0xff, 0xff, 0xff, 0xff, 0xff, 0xff, 0xfe, 
	0xff, 0xfe, 0xff, 0xfe, 0xff, 0xfe, 0xff, 0xfe, 
	0xff, 0xfe, 0xff, 0xfe, 0xff, 0xfe, 0xff, 0xfe, 
	0xae, 0x7f, 0x33, 0xfb, 0x3c, 0x3d, 0xbe, 0xff, 
	0xff, 0xff, 0xff, 0xff, 0xff, 0xff, 0xff, 0xff, 
	0xff, 0xfe, 0xff, 0xfe, 0xff, 0xfe, 0xff, 0xfe, 
	0xff, 0xfe, 0xff, 0xfe, 0xff, 0xfe, 0x9e, 0x3f, 
	0x13, 0x39, 0x2b, 0xbb, 0x54, 0xbd, 0x44, 0x7d, 
	0xff, 0xff, 0xff, 0xff, 0xff, 0xff, 0xff, 0xff, 
	0xff, 0xfe, 0xff, 0xfe, 0xff, 0xfe, 0xff, 0xfe, 
	0xff, 0xfe, 0xff, 0xfe, 0xff, 0xfe, 0xc6, 0xfe, 
	0x23, 0xbb, 0x1b, 0x7b, 0x1b, 0x79, 0x2b, 0xbb, 
	0xcf, 0x3f, 0xff, 0xff, 0xff, 0xff, 0xff, 0xff, 
	0xff, 0xff, 0xff, 0xfe, 0xff, 0xfe, 0xff, 0xfe, 
	0xff, 0xfe, 0xff, 0xfe, 0xe7, 0xbf, 0x33, 0xfb, 
	0x2b, 0xbb, 0x23, 0xbb, 0x1b, 0x35, 0x12, 0xf7, 
	0x85, 0xbf, 0xff, 0xff, 0xff, 0xff, 0xff, 0xff, 
	0xff, 0xff, 0xff, 0xfe, 0xff, 0xfe, 0xff, 0xfe, 
	0xff, 0xfe, 0xff, 0xfe, 0xff, 0xfe, 0x4c, 0xbf, 
	0x12, 0xf7, 0x23, 0x37, 0x23, 0xbb, 0x1b, 0x39, 
	0x5c, 0xff, 0xff, 0xff, 0xff, 0xff, 0xff, 0xff, 
	0xff, 0xff, 0xff, 0xfe, 0xff, 0xfe, 0xff, 0xfe, 
	0xff, 0xfe, 0xff, 0xfe, 0x4b, 0xf7, 0x4b, 0xf7, 
	0x09, 0x9f, 0x19, 0x57, 0x11, 0xe9, 0x1a, 0xf5, 
	0x4c, 0x39, 0xff, 0xff, 0xff, 0xff, 0xff, 0xff, 
	0xff, 0xff, 0xff, 0xfe, 0xff, 0xfe, 0xff, 0xfe, 
	0xff, 0xfe, 0xff, 0xfe, 0xd7, 0x3e, 0x1a, 0xb1, 
	0x00, 0x53, 0x00, 0x93, 0x1a, 0xf5, 0x23, 0xbb, 
	0x2b, 0xbb, 0xdf, 0x7f, 0xff, 0xff, 0xff, 0xff, 
	0xff, 0xff, 0xff, 0xff, 0xff, 0xfe, 0xff, 0xfe, 
	0xff, 0xfe, 0xff, 0xfe, 0x22, 0xef, 0x09, 0x19, 
	0x00, 0x01, 0x00, 0x01, 0x00, 0x01, 0x11, 0xe9, 
	0x1a, 0xf5, 0xff, 0xff, 0xff, 0xff, 0xff, 0xff, 
	0xff, 0xff, 0xff, 0xfe, 0xff, 0xfe, 0xff, 0xfe, 
	0xff, 0xfe, 0xff, 0xfe, 0x8d, 0xbf, 0x00, 0x0b, 
	0x00, 0x01, 0x00, 0x01, 0x09, 0x1d, 0x23, 0xbb, 
	0x1b, 0x7b, 0x9e, 0x3f, 0xff, 0xff, 0xff, 0xff, 
	0xff, 0xff, 0xff, 0xff, 0xff, 0xfe, 0xff, 0xfe, 
	0xff, 0xfe, 0x6d, 0x3f, 0x22, 0xef, 0x00, 0x01, 
	0x00, 0x01, 0x00, 0x01, 0x00, 0x4b, 0x00, 0x01, 
	0x23, 0xbb, 0xbe, 0xbf, 0xff, 0xff, 0xff, 0xff, 
	0xff, 0xff, 0xff, 0xff, 0xff, 0xfe, 0xff, 0xfe, 
	0xff, 0xfe, 0xff, 0xfe, 0x5c, 0x35, 0x00, 0x01, 
	0x00, 0x01, 0x00, 0x01, 0x00, 0x05, 0x1b, 0x35, 
	0x1b, 0x7b, 0x7d, 0x7f, 0xff, 0xff, 0xff, 0xff, 
	0xff, 0xff, 0xff, 0xff, 0xff, 0xfe, 0xff, 0xfe, 
	0xff, 0xfe, 0x4b, 0xf7, 0x11, 0xe9, 0x00, 0x01, 
	0x00, 0x01, 0x00, 0x8f, 0x00, 0x01, 0x00, 0x01, 
	0x23, 0xbb, 0x23, 0xbb, 0xff, 0xff, 0xff, 0xff, 
	0xff, 0xff, 0xff, 0xff, 0xff, 0xfe, 0xff, 0xfe, 
	0xff, 0xfe, 0xff, 0xfe, 0x32, 0xe9, 0x00, 0x01, 
	0x00, 0x8d, 0x00, 0x01, 0x00, 0x01, 0x12, 0x2d, 
	0x1b, 0x7b, 0x65, 0x3f, 0xff, 0xff, 0xff, 0xff, 
	0xff, 0xff, 0xff, 0xff, 0xff, 0xff, 0xff, 0xfe, 
	0xff, 0xfe, 0x1a, 0xf5, 0x11, 0xe9, 0x00, 0x01, 
	0x53, 0xab, 0xd6, 0xff, 0x32, 0x61, 0x00, 0x01, 
	0x11, 0xe9, 0x23, 0xbb, 0xff, 0xff, 0xff, 0xff, 
	0xff, 0xff, 0xff, 0xff, 0xff, 0xfe, 0xff, 0xfe, 
	0xff, 0xfe, 0xf7, 0xfe, 0x19, 0xe1, 0x6c, 0x31, 
	0xd6, 0xff, 0x21, 0xdd, 0x00, 0x01, 0x11, 0xe9, 
	0x1b, 0x7b, 0x54, 0xbd, 0xff, 0xff, 0xff, 0xff, 
	0xff, 0xff, 0xff, 0xff, 0xff, 0xff, 0xff, 0xfe, 
	0xff, 0xfe, 0x11, 0xe9, 0x11, 0x9f, 0x00, 0x01, 
	0xa5, 0xfb, 0xff, 0xff, 0x74, 0x71, 0x00, 0x01, 
	0x11, 0xe9, 0x23, 0xbb, 0xff, 0xff, 0xff, 0xff, 
	0xff, 0xff, 0xff, 0xff, 0xff, 0xfe, 0xff, 0xfe, 
	0xff, 0xfe, 0xf7, 0xbe, 0x11, 0x9f, 0xbe, 0x7f, 
	0xff, 0xff, 0x5b, 0xed, 0x00, 0x01, 0x09, 0xe7, 
	0x23, 0x7b, 0x44, 0x7d, 0xff, 0xff, 0xff, 0xff, 
	0xff, 0xff, 0xff, 0xff, 0xff, 0xff, 0xff, 0xfe, 
	0xff, 0xfe, 0x22, 0xef, 0x11, 0xa1, 0x00, 0x01, 
	0x4b, 0x69, 0xbe, 0x7f, 0x2a, 0x1f, 0x00, 0x01, 
	0x11, 0xe9, 0x23, 0xbb, 0xff, 0xff, 0xff, 0xff, 
	0xff, 0xff, 0xff, 0xff, 0xff, 0xfe, 0xff, 0xfe, 
	0xff, 0xfe, 0xf7, 0xfe, 0x19, 0xe1, 0x5b, 0xed, 
	0xbe, 0x7f, 0x19, 0x9b, 0x00, 0x01, 0x11, 0xe9, 
	0x1b, 0x7b, 0x54, 0xbf, 0xff, 0xff, 0xff, 0xff, 
	0xff, 0xff, 0xff, 0xff, 0xff, 0xff, 0xff, 0xfe, 
	0xff, 0xfe, 0x22, 0xef, 0x11, 0xe3, 0x00, 0x01, 
	0x00, 0x01, 0x00, 0x47, 0x00, 0x01, 0x08, 0x43, 
	0x11, 0xe9, 0x23, 0xbb, 0xff, 0xff, 0xff, 0xff, 
	0xff, 0xff, 0xff, 0xff, 0xff, 0xfe, 0xff, 0xfe, 
	0xff, 0xfe, 0xff, 0xfe, 0x2a, 0xa9, 0x00, 0x01, 
	0x00, 0x01, 0x00, 0x01, 0x00, 0x01, 0x12, 0x2b, 
	0x1b, 0x7b, 0x6d, 0x3f, 0xff, 0xff, 0xff, 0xff, 
	0xff, 0xff, 0xff, 0xff, 0xff, 0xff, 0xff, 0xfe, 
	0xff, 0xfe, 0x6d, 0x3f, 0x22, 0xef, 0x00, 0x01, 
	0x00, 0x01, 0x00, 0x01, 0x00, 0x01, 0x11, 0xe9, 
	0x23, 0xbb, 0x9d, 0xfd, 0xff, 0xff, 0xff, 0xff, 
	0xff, 0xff, 0xff, 0xff, 0xff, 0xfe, 0xff, 0xfe, 
	0xff, 0xfe, 0xff, 0xfe, 0x53, 0xf3, 0x00, 0x01, 
	0x00, 0x01, 0x00, 0x01, 0x00, 0x05, 0x1a, 0xf3, 
	0x1b, 0x7b, 0x7d, 0x7f, 0xff, 0xff, 0xff, 0xff, 
	0xff, 0xff, 0xff, 0xff, 0xff, 0xfe, 0xff, 0xfe, 
	0xff, 0xfe, 0xff, 0xfe, 0x5c, 0xbd, 0x00, 0x05, 
	0x00, 0x01, 0x00, 0x01, 0x00, 0x01, 0x1a, 0xf5, 
	0x23, 0xbb, 0xff, 0xff, 0xff, 0xff, 0xff, 0xff, 
	0xff, 0xff, 0xff, 0xfe, 0xff, 0xfe, 0xff, 0xfe, 
	0xff, 0xfe, 0xff, 0xfe, 0x85, 0xbd, 0x00, 0x01, 
	0x00, 0x01, 0x00, 0x01, 0x00, 0xd9, 0x23, 0x79, 
	0x1b, 0x7b, 0xa6, 0x7f, 0xff, 0xff, 0xff, 0xff, 
	0xff, 0xff, 0xff, 0xff, 0xff, 0xfe, 0xff, 0xfe, 
	0xff, 0xfe, 0xff, 0xfe, 0x4b, 0xf7, 0x12, 0x6d, 
	0x00, 0x01, 0x00, 0x07, 0x11, 0xe9, 0x23, 0xbb, 
	0x3b, 0xf9, 0xff, 0xff, 0xff, 0xff, 0xff, 0xff, 
	0xff, 0xff, 0xff, 0xfe, 0xff, 0xfe, 0xff, 0xfe, 
	0xff, 0xfe, 0xff, 0xfe, 0xcf, 0x3e, 0x11, 0xe9, 
	0x00, 0x01, 0x00, 0x01, 0x12, 0x6f, 0x23, 0xbb, 
	0x2b, 0xbb, 0xe7, 0x7f, 0xff, 0xff, 0xff, 0xff, 
	0xff, 0xff, 0xff, 0xff, 0xff, 0xfe, 0xff, 0xfe, 
	0xff, 0xfe, 0xff, 0xfe, 0xef, 0xbf, 0x33, 0xfb, 
	0x11, 0xe1, 0x11, 0xe3, 0x1a, 0xf5, 0x3b, 0xf9, 
	0x6c, 0xfb, 0xff, 0xff, 0xff, 0xff, 0xff, 0xff, 
	0xff, 0xff, 0xff, 0xfe, 0xff, 0xfe, 0xff, 0xfe, 
	0xff, 0xfe, 0xff, 0xfe, 0xff, 0xfe, 0x4c, 0x7d, 
	0x12, 0x71, 0x1a, 0xb3, 0x23, 0xbb, 0x1b, 0x39, 
	0x6d, 0x3f, 0xff, 0xff, 0xff, 0xff, 0xff, 0xff, 
	0xff, 0xff, 0xff, 0xfe, 0xff, 0xfe, 0xff, 0xfe, 
	0xff, 0xfe, 0xff, 0xfe, 0xff, 0xfe, 0xa6, 0x7f, 
	0x3b, 0xfb, 0x1b, 0x79, 0x33, 0xb7, 0x4c, 0x3b, 
	0xb6, 0xbf, 0xff, 0xff, 0xff, 0xff, 0xff, 0xff, 
	0xff, 0xfe, 0xff, 0xfe, 0xff, 0xfe, 0xff, 0xfe, 
	0xff, 0xfe, 0xff, 0xfe, 0xff, 0xfe, 0xb6, 0xbe, 
	0x23, 0x7b, 0x1b, 0x7b, 0x13, 0x39, 0x2b, 0xbb, 
	0xdf, 0x7f, 0xff, 0xff, 0xff, 0xff, 0xff, 0xff, 
	0xff, 0xff, 0xff, 0xfe, 0xff, 0xfe, 0xff, 0xfe, 
	0xff, 0xfe, 0xff, 0xfe, 0xff, 0xfe, 0xff, 0xff, 
	0x9e, 0x3f, 0x6c, 0xfd, 0x4c, 0x7d, 0xd7, 0x3f, 
	0xff, 0xff, 0xff, 0xff, 0xff, 0xff, 0xff, 0xff, 
	0xff, 0xfe, 0xff, 0xfe, 0xff, 0xfe, 0xff, 0xfe, 
	0xff, 0xfe, 0xff, 0xfe, 0xff, 0xfe, 0xff, 0xfe, 
	0xb6, 0xbf, 0x4c, 0xbd, 0x54, 0xbf, 0xc6, 0xff, 
	0xff, 0xff, 0xff, 0xff, 0xff, 0xff, 0xff, 0xff, 
	0xff, 0xfe, 0xff, 0xfe, 0xff, 0xfe, 0xff, 0xfe, 
	0xff, 0xfe, 0xff, 0xfe, 0xff, 0xfe, 0xff, 0xfe, 
	0xff, 0xff, 0xff, 0xff, 0xf7, 0xff, 0xff, 0xff, 
	0xff, 0xff, 0xff, 0xff, 0xff, 0xff, 0xff, 0xfe, 
	0xff, 0xfe, 0xff, 0xfe, 0xff, 0xfe, 0xff, 0xfe, 
	0xff, 0xfe, 0xff, 0xfe, 0xff, 0xfe, 0xff, 0xfe, 
	0xff, 0xfe, 0xff, 0xff, 0xff, 0xff, 0xff, 0xff, 
	0xff, 0xff, 0xff, 0xff, 0xff, 0xff, 0xff, 0xff, 
	0xff, 0xfe, 0xff, 0xfe, 0xff, 0xfe, 0xff, 0xfe, 
	0xff, 0xfe, 0xff, 0xfe, 0xff, 0xfe, 0xff, 0xfe, 
	0xff, 0xfe, 0xff, 0xfe, 0xff, 0xff, 0xff, 0xff, 
	0xff, 0xff, 0xff, 0xfe, 0xff, 0xfe, 0xff, 0xfe, 
	0xff, 0xfe, 0xff, 0xfe, 0xff, 0xfe, 0xff, 0xfe, 
	0xff, 0xfe, 0xff, 0xfe, 0xff, 0xfe, 0xff, 0xfe, 
	0xff, 0xfe, 0xff, 0xfe, 0xff, 0xff, 0xff, 0xff, 
	0xff, 0xff, 0xff, 0xff, 0xff, 0xfe, 0xff, 0xfe, 
	0xff, 0xfe, 0xff, 0xfe, 0xff, 0xfe, 0xff, 0xfe, 
	0xff, 0xfe, 0xff, 0xfe, 0xff, 0xfe, 0xff, 0xfe, 
	0xff, 0xfe, 0xff, 0xfe, 0xff, 0xfe, 0xff, 0xfe, 
	0xff, 0xfe, 0xff, 0xfe, 0xff, 0xfe, 0xff, 0xfe, 
	0xff, 0xfe, 0xff, 0xfe, 0xff, 0xfe, 0xff, 0xfe, 
	0xff, 0xfe, 0xff, 0xfe, 0xff, 0xfe, 0xff, 0xfe, 
	0xff, 0xfe, 0xff, 0xfe, 0xff, 0xfe, 0xff, 0xfe, 
	0xff, 0xfe, 0xff, 0xfe, 0xff, 0xfe, 0xff, 0xfe, 
	0xff, 0xfe, 0xff, 0xfe, 0xff, 0xfe, 0xff, 0xfe, 
	
};

Texture monteman_mario_eyes_right_unused_rgba16_rgba16[] = {
	0xff, 0xfe, 0xff, 0xfe, 0xff, 0xfe, 0xff, 0xfe, 
	0xff, 0xfe, 0xff, 0xfe, 0xff, 0xfe, 0xff, 0xfe, 
	0xff, 0xfe, 0xff, 0xfe, 0xff, 0xfe, 0xff, 0xfe, 
	0xff, 0xfe, 0xff, 0xfe, 0xff, 0xfe, 0xff, 0xfe, 
	0xff, 0xfe, 0xff, 0xfe, 0xff, 0xfe, 0xff, 0xfe, 
	0xff, 0xfe, 0xff, 0xfe, 0xff, 0xfe, 0xff, 0xfe, 
	0xff, 0xfe, 0xff, 0xfe, 0xff, 0xfe, 0xff, 0xfe, 
	0xff, 0xfe, 0xff, 0xfe, 0xff, 0xfe, 0xff, 0xfe, 
	0xff, 0xfe, 0xff, 0xfe, 0xff, 0xfe, 0xff, 0xfe, 
	0xff, 0xfe, 0xff, 0xfe, 0xff, 0xfe, 0xff, 0xfe, 
	0xff, 0xfe, 0xff, 0xfe, 0xff, 0xfe, 0xff, 0xfe, 
	0xff, 0xfe, 0xff, 0xfe, 0xff, 0xfe, 0xff, 0xfe, 
	0xff, 0xfe, 0xff, 0xfe, 0xff, 0xfe, 0xff, 0xfe, 
	0xff, 0xfe, 0xff, 0xfe, 0xff, 0xfe, 0xff, 0xfe, 
	0xff, 0xfe, 0xff, 0xfe, 0xff, 0xfe, 0xff, 0xfe, 
	0xff, 0xfe, 0xff, 0xfe, 0xff, 0xfe, 0xff, 0xfe, 
	0xff, 0xfe, 0xff, 0xfe, 0xff, 0xfe, 0xff, 0xfe, 
	0xff, 0xfe, 0xff, 0xfe, 0xff, 0xfe, 0xff, 0xfe, 
	0xff, 0xfe, 0xff, 0xfe, 0xff, 0xfe, 0xff, 0xfe, 
	0xff, 0xfe, 0xff, 0xfe, 0xff, 0xfe, 0xff, 0xfe, 
	0xff, 0xfe, 0xff, 0xfe, 0xff, 0xfe, 0xff, 0xfe, 
	0xff, 0xfe, 0xff, 0xfe, 0xff, 0xfe, 0xff, 0xfe, 
	0xff, 0xfe, 0xff, 0xfe, 0xff, 0xfe, 0xff, 0xfe, 
	0xff, 0xfe, 0xff, 0xfe, 0xff, 0xfe, 0xff, 0xfe, 
	0xff, 0xfe, 0xff, 0xfe, 0xff, 0xfe, 0xff, 0xfe, 
	0xff, 0xfe, 0xff, 0xfe, 0xff, 0xfe, 0xff, 0xfe, 
	0xff, 0xfe, 0xff, 0xfe, 0xff, 0xfe, 0xff, 0xfe, 
	0xff, 0xfe, 0xff, 0xfe, 0xff, 0xfe, 0xff, 0xfe, 
	0xff, 0xfe, 0xff, 0xfe, 0xff, 0xfe, 0xff, 0xfe, 
	0xff, 0xfe, 0xff, 0xfe, 0xff, 0xfe, 0xff, 0xfe, 
	0xff, 0xfe, 0xff, 0xfe, 0xff, 0xfe, 0xff, 0xfe, 
	0xff, 0xfe, 0xff, 0xfe, 0xff, 0xfe, 0xff, 0xfe, 
	0xff, 0xfe, 0xff, 0xfe, 0xff, 0xfe, 0x08, 0x02, 
	0x08, 0x02, 0x08, 0x02, 0x08, 0x02, 0x08, 0x02, 
	0x08, 0x02, 0x08, 0x02, 0xff, 0xfe, 0xff, 0xfe, 
	0xff, 0xfe, 0xff, 0xfe, 0xff, 0xfe, 0xff, 0xfe, 
	0xff, 0xfe, 0xff, 0xfe, 0xff, 0xfe, 0xff, 0xfe, 
	0xff, 0xfe, 0xff, 0xfe, 0x08, 0x02, 0x08, 0x02, 
	0x08, 0x02, 0x08, 0x02, 0x08, 0x02, 0x08, 0x02, 
	0xff, 0xfe, 0xff, 0xfe, 0xff, 0xfe, 0xff, 0xfe, 
	0xff, 0xfe, 0x08, 0x02, 0x08, 0x02, 0x08, 0x02, 
	0x18, 0x87, 0x00, 0x01, 0x08, 0x03, 0x08, 0x01, 
	0x10, 0x43, 0x08, 0x02, 0x08, 0x02, 0xff, 0xfe, 
	0xff, 0xfe, 0xff, 0xfe, 0xff, 0xfe, 0xff, 0xfe, 
	0xff, 0xfe, 0xff, 0xfe, 0xff, 0xfe, 0xff, 0xfe, 
	0xff, 0xfe, 0x08, 0x02, 0x08, 0x02, 0x08, 0x43, 
	0x08, 0x01, 0x08, 0x03, 0x00, 0x01, 0x18, 0x87, 
	0x08, 0x02, 0xff, 0xfe, 0xff, 0xfe, 0xff, 0xfe, 
	0xff, 0xfe, 0x08, 0x02, 0x08, 0x02, 0x08, 0x43, 
	0x08, 0x03, 0x08, 0x03, 0x08, 0x03, 0x08, 0x03, 
	0x08, 0x43, 0x08, 0x03, 0x08, 0x02, 0x08, 0x02, 
	0xff, 0xfe, 0xff, 0xfe, 0xff, 0xfe, 0xff, 0xfe, 
	0xff, 0xfe, 0xff, 0xfe, 0xff, 0xfe, 0xff, 0xfe, 
	0xff, 0xfe, 0x08, 0x02, 0x08, 0x01, 0x08, 0x43, 
	0x08, 0x01, 0x08, 0x03, 0x08, 0x01, 0x08, 0x03, 
	0x10, 0x45, 0x08, 0x02, 0x08, 0x02, 0xff, 0xfe, 
	0xff, 0xfe, 0x08, 0x02, 0x29, 0x4b, 0x00, 0x01, 
	0x41, 0xcf, 0x08, 0x02, 0x08, 0x02, 0x08, 0x02, 
	0x31, 0x8d, 0x00, 0x01, 0x20, 0xc9, 0x08, 0x02, 
	0xff, 0xfe, 0xff, 0xfe, 0xff, 0xfe, 0xff, 0xfe, 
	0xff, 0xfe, 0xff, 0xfe, 0xff, 0xfe, 0xff, 0xfe, 
	0x08, 0x02, 0x18, 0x85, 0x08, 0x01, 0x39, 0x8f, 
	0x08, 0x02, 0x08, 0x02, 0x08, 0x02, 0x41, 0xcf, 
	0x00, 0x01, 0x39, 0x8f, 0x08, 0x02, 0xff, 0xfe, 
	0xff, 0xfe, 0x08, 0x02, 0x18, 0xc7, 0x08, 0x02, 
	0x08, 0x02, 0x08, 0x02, 0xff, 0xfe, 0x08, 0x02, 
	0x08, 0x02, 0x08, 0x02, 0x18, 0xc7, 0x08, 0x02, 
	0xff, 0xfe, 0xff, 0xfe, 0xff, 0xfe, 0xff, 0xfe, 
	0xff, 0xfe, 0xff, 0xfe, 0xff, 0xfe, 0xff, 0xfe, 
	0x08, 0x02, 0x20, 0xc7, 0x08, 0x02, 0x08, 0x02, 
	0x08, 0x02, 0xff, 0xfe, 0xff, 0xfe, 0x08, 0x02, 
	0x08, 0x02, 0x18, 0x87, 0x08, 0x02, 0xff, 0xfe, 
	0xff, 0xfe, 0x08, 0x02, 0x08, 0x02, 0x08, 0x02, 
	0xff, 0xfe, 0xff, 0xfe, 0xff, 0xfe, 0xff, 0xfe, 
	0xff, 0xfe, 0x08, 0x02, 0x08, 0x02, 0x08, 0x02, 
	0xf7, 0xbc, 0xff, 0xfe, 0xff, 0xfe, 0xff, 0xfe, 
	0xff, 0xfe, 0xff, 0xfe, 0xff, 0xfe, 0xff, 0xfe, 
	0x08, 0x02, 0x08, 0x02, 0x08, 0x02, 0xff, 0xfe, 
	0xff, 0xfe, 0xff, 0xfe, 0xff, 0xfe, 0xff, 0xfe, 
	0x08, 0x02, 0x08, 0x02, 0x08, 0x02, 0xff, 0xfe, 
	0xff, 0xfe, 0xff, 0xfe, 0xff, 0xfe, 0xff, 0xfe, 
	0xff, 0xfe, 0xff, 0xfe, 0xff, 0xff, 0xff, 0xff, 
	0xff, 0xff, 0xff, 0xfe, 0xff, 0xfe, 0xff, 0xfe, 
	0xff, 0xfe, 0xff, 0xfe, 0xff, 0xfe, 0xff, 0xfe, 
	0xff, 0xfe, 0xff, 0xfe, 0xff, 0xfe, 0xff, 0xfe, 
	0xff, 0xfe, 0xff, 0xfe, 0xff, 0xfe, 0xff, 0xff, 
	0xff, 0xff, 0xff, 0xff, 0xff, 0xfe, 0xff, 0xfe, 
	0xff, 0xfe, 0xff, 0xfe, 0xff, 0xfe, 0xff, 0xfe, 
	0xff, 0xfe, 0xff, 0xfe, 0xff, 0xfe, 0xff, 0xfe, 
	0xff, 0xfe, 0xff, 0xff, 0xff, 0xff, 0xff, 0xff, 
	0xff, 0xff, 0xf7, 0xff, 0xf7, 0xbf, 0xff, 0xfe, 
	0xff, 0xfe, 0xff, 0xfe, 0xff, 0xfe, 0xff, 0xfe, 
	0xff, 0xfe, 0xff, 0xfe, 0xff, 0xfe, 0xff, 0xfe, 
	0xff, 0xfe, 0xff, 0xfe, 0xff, 0xff, 0xff, 0xff, 
	0xff, 0xff, 0xff, 0xff, 0xff, 0xff, 0xff, 0xff, 
	0xff, 0xfe, 0xff, 0xfe, 0xff, 0xfe, 0xff, 0xfe, 
	0xff, 0xfe, 0xff, 0xfe, 0xff, 0xfe, 0xff, 0xfe, 
	0xff, 0xff, 0xff, 0xff, 0xff, 0xff, 0xff, 0xff, 
	0xbe, 0xff, 0x3c, 0x3d, 0x33, 0xfb, 0xae, 0x7f, 
	0xff, 0xfe, 0xff, 0xfe, 0xff, 0xfe, 0xff, 0xfe, 
	0xff, 0xfe, 0xff, 0xfe, 0xff, 0xfe, 0xff, 0xfe, 
	0xff, 0xfe, 0xff, 0xff, 0xff, 0xff, 0xff, 0xff, 
	0xff, 0xff, 0x44, 0x7d, 0x2b, 0xfb, 0x95, 0xff, 
	0xff, 0xff, 0xff, 0xfe, 0xff, 0xfe, 0xff, 0xfe, 
	0xff, 0xfe, 0xff, 0xfe, 0xff, 0xfe, 0xff, 0xff, 
	0xff, 0xff, 0xff, 0xff, 0xff, 0xff, 0xcf, 0x3f, 
	0x2b, 0xbb, 0x1b, 0x79, 0x1b, 0x7b, 0x23, 0xbb, 
	0xc6, 0xfe, 0xff, 0xfe, 0xff, 0xfe, 0xff, 0xfe, 
	0xff, 0xfe, 0xff, 0xfe, 0xff, 0xfe, 0xff, 0xfe, 
	0xff, 0xff, 0xff, 0xff, 0xff, 0xff, 0xff, 0xff, 
	0x44, 0x7d, 0x54, 0xbd, 0x2b, 0xbb, 0x13, 0x39, 
	0x9e, 0x3f, 0xff, 0xfe, 0xff, 0xfe, 0xff, 0xfe, 
	0xff, 0xfe, 0xff, 0xfe, 0xff, 0xfe, 0xff, 0xff, 
	0xff, 0xff, 0xff, 0xff, 0xff, 0xff, 0x5c, 0xff, 
	0x1b, 0x39, 0x23, 0xbb, 0x23, 0x37, 0x12, 0xf7, 
	0x4c, 0xbf, 0xff, 0xfe, 0xff, 0xfe, 0xff, 0xfe, 
	0xff, 0xfe, 0xff, 0xfe, 0xff, 0xfe, 0xff, 0xff, 
	0xff, 0xff, 0xff, 0xff, 0xff, 0xff, 0x85, 0xbf, 
	0x12, 0xf7, 0x1b, 0x35, 0x23, 0xbb, 0x2b, 0xbb, 
	0x33, 0xfb, 0xe7, 0xbf, 0xff, 0xfe, 0xff, 0xfe, 
	0xff, 0xfe, 0xff, 0xfe, 0xff, 0xff, 0xff, 0xff, 
	0xff, 0xff, 0xff, 0xff, 0xdf, 0x7f, 0x2b, 0xbb, 
	0x23, 0xbb, 0x1a, 0xf5, 0x00, 0x93, 0x00, 0x53, 
	0x1a, 0xb1, 0xd7, 0x3e, 0xff, 0xfe, 0xff, 0xfe, 
	0xff, 0xfe, 0xff, 0xfe, 0xf7, 0xfe, 0xff, 0xff, 
	0xff, 0xff, 0xff, 0xff, 0xff, 0xff, 0x4c, 0x39, 
	0x1a, 0xf5, 0x11, 0xe9, 0x19, 0x57, 0x09, 0x9f, 
	0x4b, 0xf7, 0x4b, 0xf7, 0xff, 0xfe, 0xff, 0xfe, 
	0xff, 0xfe, 0xff, 0xfe, 0xff, 0xff, 0xff, 0xff, 
	0xff, 0xff, 0xff, 0xff, 0x9e, 0x3f, 0x1b, 0x7b, 
	0x23, 0xbb, 0x09, 0x1d, 0x00, 0x01, 0x00, 0x01, 
	0x00, 0x0b, 0x8d, 0xbf, 0xff, 0xfe, 0xff, 0xfe, 
	0xff, 0xfe, 0xff, 0xfe, 0xff, 0xfe, 0xff, 0xff, 
	0xff, 0xff, 0xff, 0xff, 0xff, 0xff, 0x1a, 0xf5, 
	0x11, 0xe9, 0x00, 0x01, 0x00, 0x01, 0x00, 0x01, 
	0x09, 0x19, 0x22, 0xef, 0xff, 0xfe, 0xff, 0xfe, 
	0xff, 0xfe, 0xff, 0xfe, 0xff, 0xff, 0xff, 0xff, 
	0xff, 0xff, 0xff, 0xff, 0x7d, 0x7f, 0x1b, 0x7b, 
	0x1b, 0x35, 0x00, 0x05, 0x00, 0x01, 0x00, 0x01, 
	0x00, 0x01, 0x5c, 0x35, 0xff, 0xfe, 0xff, 0xfe, 
	0xff, 0xfe, 0xff, 0xfe, 0xff, 0xff, 0xff, 0xff, 
	0xff, 0xff, 0xff, 0xff, 0xbe, 0xbf, 0x23, 0xbb, 
	0x00, 0x01, 0x00, 0x4b, 0x00, 0x01, 0x00, 0x01, 
	0x00, 0x01, 0x22, 0xef, 0x6d, 0x3f, 0xff, 0xfe, 
	0xff, 0xfe, 0xff, 0xff, 0xff, 0xff, 0xff, 0xff, 
	0xff, 0xff, 0xff, 0xff, 0x65, 0x3f, 0x1b, 0x7b, 
	0x12, 0x2d, 0x00, 0x01, 0x00, 0x01, 0x00, 0x8d, 
	0x00, 0x01, 0x32, 0xe9, 0xff, 0xfe, 0xff, 0xfe, 
	0xff, 0xfe, 0xff, 0xfe, 0xff, 0xff, 0xff, 0xff, 
	0xff, 0xff, 0xff, 0xff, 0x23, 0xbb, 0x23, 0xbb, 
	0x00, 0x01, 0x00, 0x01, 0x00, 0x8f, 0x00, 0x01, 
	0x00, 0x01, 0x11, 0xe9, 0x4b, 0xf7, 0xff, 0xfe, 
	0xff, 0xfe, 0xff, 0xff, 0xff, 0xff, 0xff, 0xff, 
	0xff, 0xff, 0xff, 0xff, 0x54, 0xbd, 0x1b, 0x7b, 
	0x11, 0xe9, 0x00, 0x01, 0x21, 0xdd, 0xd6, 0xff, 
	0x6c, 0x31, 0x19, 0xe1, 0xf7, 0xfe, 0xff, 0xfe, 
	0xff, 0xfe, 0xff, 0xfe, 0xff, 0xff, 0xff, 0xff, 
	0xff, 0xff, 0xff, 0xff, 0x23, 0xbb, 0x11, 0xe9, 
	0x00, 0x01, 0x32, 0x61, 0xd6, 0xff, 0x53, 0xab, 
	0x00, 0x01, 0x11, 0xe9, 0x1a, 0xf5, 0xff, 0xfe, 
	0xff, 0xfe, 0xff, 0xff, 0xff, 0xff, 0xff, 0xff, 
	0xff, 0xff, 0xff, 0xff, 0x44, 0x7d, 0x23, 0x7b, 
	0x09, 0xe7, 0x00, 0x01, 0x5b, 0xed, 0xff, 0xff, 
	0xbe, 0x7f, 0x11, 0x9f, 0xf7, 0xbe, 0xff, 0xfe, 
	0xff, 0xfe, 0xff, 0xfe, 0xff, 0xff, 0xff, 0xff, 
	0xff, 0xff, 0xff, 0xff, 0x23, 0xbb, 0x11, 0xe9, 
	0x00, 0x01, 0x74, 0x71, 0xff, 0xff, 0xa5, 0xfb, 
	0x00, 0x01, 0x11, 0x9f, 0x11, 0xe9, 0xff, 0xfe, 
	0xff, 0xfe, 0xff, 0xff, 0xff, 0xff, 0xff, 0xff, 
	0xff, 0xff, 0xff, 0xff, 0x54, 0xbf, 0x1b, 0x7b, 
	0x11, 0xe9, 0x00, 0x01, 0x19, 0x9b, 0xbe, 0x7f, 
	0x5b, 0xed, 0x19, 0xe1, 0xf7, 0xfe, 0xff, 0xfe, 
	0xff, 0xfe, 0xff, 0xfe, 0xff, 0xff, 0xff, 0xff, 
	0xff, 0xff, 0xff, 0xff, 0x23, 0xbb, 0x11, 0xe9, 
	0x00, 0x01, 0x2a, 0x1f, 0xbe, 0x7f, 0x4b, 0x69, 
	0x00, 0x01, 0x11, 0xa1, 0x22, 0xef, 0xff, 0xfe, 
	0xff, 0xfe, 0xff, 0xff, 0xff, 0xff, 0xff, 0xff, 
	0xff, 0xff, 0xff, 0xff, 0x6d, 0x3f, 0x1b, 0x7b, 
	0x12, 0x2b, 0x00, 0x01, 0x00, 0x01, 0x00, 0x01, 
	0x00, 0x01, 0x2a, 0xa9, 0xff, 0xfe, 0xff, 0xfe, 
	0xff, 0xfe, 0xff, 0xfe, 0xff, 0xff, 0xff, 0xff, 
	0xff, 0xff, 0xff, 0xff, 0x23, 0xbb, 0x11, 0xe9, 
	0x08, 0x43, 0x00, 0x01, 0x00, 0x47, 0x00, 0x01, 
	0x00, 0x01, 0x11, 0xe3, 0x22, 0xef, 0xff, 0xfe, 
	0xff, 0xfe, 0xff, 0xfe, 0xff, 0xff, 0xff, 0xff, 
	0xff, 0xff, 0xff, 0xff, 0x7d, 0x7f, 0x1b, 0x7b, 
	0x1a, 0xf3, 0x00, 0x05, 0x00, 0x01, 0x00, 0x01, 
	0x00, 0x01, 0x53, 0xf3, 0xff, 0xfe, 0xff, 0xfe, 
	0xff, 0xfe, 0xff, 0xfe, 0xff, 0xff, 0xff, 0xff, 
	0xff, 0xff, 0xff, 0xff, 0x9d, 0xfd, 0x23, 0xbb, 
	0x11, 0xe9, 0x00, 0x01, 0x00, 0x01, 0x00, 0x01, 
	0x00, 0x01, 0x22, 0xef, 0x6d, 0x3f, 0xff, 0xfe, 
	0xff, 0xfe, 0xff, 0xfe, 0xff, 0xff, 0xff, 0xff, 
	0xff, 0xff, 0xff, 0xff, 0xa6, 0x7f, 0x1b, 0x7b, 
	0x23, 0x79, 0x00, 0xd9, 0x00, 0x01, 0x00, 0x01, 
	0x00, 0x01, 0x85, 0xbd, 0xff, 0xfe, 0xff, 0xfe, 
	0xff, 0xfe, 0xff, 0xfe, 0xff, 0xfe, 0xff, 0xff, 
	0xff, 0xff, 0xff, 0xff, 0xff, 0xff, 0x23, 0xbb, 
	0x1a, 0xf5, 0x00, 0x01, 0x00, 0x01, 0x00, 0x01, 
	0x00, 0x05, 0x5c, 0xbd, 0xff, 0xfe, 0xff, 0xfe, 
	0xff, 0xfe, 0xff, 0xfe, 0xff, 0xff, 0xff, 0xff, 
	0xff, 0xff, 0xff, 0xff, 0xe7, 0x7f, 0x2b, 0xbb, 
	0x23, 0xbb, 0x12, 0x6f, 0x00, 0x01, 0x00, 0x01, 
	0x11, 0xe9, 0xcf, 0x3e, 0xff, 0xfe, 0xff, 0xfe, 
	0xff, 0xfe, 0xff, 0xfe, 0xff, 0xfe, 0xff, 0xff, 
	0xff, 0xff, 0xff, 0xff, 0xff, 0xff, 0x3b, 0xf9, 
	0x23, 0xbb, 0x11, 0xe9, 0x00, 0x07, 0x00, 0x01, 
	0x12, 0x6d, 0x4b, 0xf7, 0xff, 0xfe, 0xff, 0xfe, 
	0xff, 0xfe, 0xff, 0xfe, 0xff, 0xfe, 0xff, 0xff, 
	0xff, 0xff, 0xff, 0xff, 0xff, 0xff, 0x6d, 0x3f, 
	0x1b, 0x39, 0x23, 0xbb, 0x1a, 0xb3, 0x12, 0x71, 
	0x4c, 0x7d, 0xff, 0xfe, 0xff, 0xfe, 0xff, 0xfe, 
	0xff, 0xfe, 0xff, 0xfe, 0xff, 0xfe, 0xff, 0xff, 
	0xff, 0xff, 0xff, 0xff, 0xff, 0xff, 0x6c, 0xfb, 
	0x3b, 0xf9, 0x1a, 0xf5, 0x11, 0xe3, 0x11, 0xe1, 
	0x33, 0xfb, 0xef, 0xbf, 0xff, 0xfe, 0xff, 0xfe, 
	0xff, 0xfe, 0xff, 0xfe, 0xff, 0xfe, 0xff, 0xff, 
	0xff, 0xff, 0xff, 0xff, 0xff, 0xff, 0xdf, 0x7f, 
	0x2b, 0xbb, 0x13, 0x39, 0x1b, 0x7b, 0x23, 0x7b, 
	0xb6, 0xbe, 0xff, 0xfe, 0xff, 0xfe, 0xff, 0xfe, 
	0xff, 0xfe, 0xff, 0xfe, 0xff, 0xfe, 0xff, 0xfe, 
	0xff, 0xff, 0xf7, 0xff, 0xff, 0xff, 0xb6, 0xbf, 
	0x4c, 0x3b, 0x33, 0xb7, 0x1b, 0x79, 0x3b, 0xfb, 
	0xa6, 0x7f, 0xff, 0xfe, 0xff, 0xfe, 0xff, 0xfe, 
	0xff, 0xfe, 0xff, 0xfe, 0xff, 0xfe, 0xff, 0xfe, 
	0xff, 0xff, 0xff, 0xff, 0xff, 0xff, 0xff, 0xff, 
	0xc6, 0xff, 0x54, 0xbf, 0x4c, 0xbd, 0xb6, 0xbf, 
	0xff, 0xfe, 0xff, 0xfe, 0xff, 0xfe, 0xff, 0xfe, 
	0xff, 0xfe, 0xff, 0xfe, 0xff, 0xfe, 0xff, 0xfe, 
	0xff, 0xff, 0xff, 0xff, 0xff, 0xff, 0xff, 0xff, 
	0xd7, 0x3f, 0x4c, 0x7d, 0x6c, 0xfd, 0x9e, 0x3f, 
	0xff, 0xff, 0xff, 0xfe, 0xff, 0xfe, 0xff, 0xfe, 
	0xff, 0xfe, 0xff, 0xfe, 0xff, 0xfe, 0xff, 0xfe, 
	0xff, 0xff, 0xff, 0xff, 0xff, 0xff, 0xff, 0xff, 
	0xff, 0xff, 0xff, 0xff, 0xff, 0xff, 0xff, 0xfe, 
	0xff, 0xfe, 0xff, 0xfe, 0xff, 0xfe, 0xff, 0xfe, 
	0xff, 0xfe, 0xff, 0xfe, 0xff, 0xfe, 0xff, 0xfe, 
	0xff, 0xfe, 0xff, 0xff, 0xff, 0xff, 0xff, 0xff, 
	0xff, 0xff, 0xf7, 0xff, 0xff, 0xff, 0xff, 0xff, 
	0xff, 0xfe, 0xff, 0xfe, 0xff, 0xfe, 0xff, 0xfe, 
	0xff, 0xfe, 0xff, 0xfe, 0xff, 0xfe, 0xff, 0xfe, 
	0xff, 0xfe, 0xff, 0xfe, 0xff, 0xff, 0xff, 0xff, 
	0xff, 0xff, 0xff, 0xff, 0xff, 0xfe, 0xff, 0xfe, 
	0xff, 0xfe, 0xff, 0xfe, 0xff, 0xfe, 0xff, 0xfe, 
	0xff, 0xfe, 0xff, 0xfe, 0xff, 0xfe, 0xff, 0xfe, 
	0xff, 0xfe, 0xff, 0xfe, 0xff, 0xfe, 0xff, 0xff, 
	0xff, 0xff, 0xff, 0xff, 0xff, 0xfe, 0xff, 0xfe, 
	0xff, 0xfe, 0xff, 0xfe, 0xff, 0xfe, 0xff, 0xfe, 
	0xff, 0xfe, 0xff, 0xfe, 0xff, 0xfe, 0xff, 0xfe, 
	0xff, 0xfe, 0xff, 0xfe, 0xff, 0xfe, 0xff, 0xfe, 
	0xff, 0xfe, 0xff, 0xfe, 0xff, 0xfe, 0xff, 0xfe, 
	0xff, 0xfe, 0xff, 0xfe, 0xff, 0xfe, 0xff, 0xfe, 
	0xff, 0xfe, 0xff, 0xfe, 0xff, 0xfe, 0xff, 0xfe, 
	0xff, 0xfe, 0xff, 0xfe, 0xff, 0xfe, 0xff, 0xfe, 
	0xff, 0xfe, 0xff, 0xfe, 0xff, 0xfe, 0xff, 0xfe, 
	0xff, 0xfe, 0xff, 0xfe, 0xff, 0xfe, 0xff, 0xfe, 
	
};

Texture monteman_mario_eyes_up_unused_rgba16_rgba16[] = {
	0xff, 0xfe, 0xff, 0xfe, 0xff, 0xfe, 0xff, 0xfe, 
	0xff, 0xfe, 0xff, 0xfe, 0xff, 0xfe, 0xff, 0xfe, 
	0xff, 0xfe, 0xff, 0xfe, 0xff, 0xfe, 0xff, 0xfe, 
	0xff, 0xfe, 0xff, 0xfe, 0xff, 0xfe, 0xff, 0xfe, 
	0xff, 0xfe, 0xff, 0xfe, 0xff, 0xfe, 0xff, 0xfe, 
	0xff, 0xfe, 0xff, 0xfe, 0xff, 0xfe, 0xff, 0xfe, 
	0xff, 0xfe, 0xff, 0xfe, 0xff, 0xfe, 0xff, 0xfe, 
	0xff, 0xfe, 0xff, 0xfe, 0xff, 0xfe, 0xff, 0xfe, 
	0xff, 0xfe, 0xff, 0xfe, 0xff, 0xfe, 0xff, 0xfe, 
	0xff, 0xfe, 0xff, 0xfe, 0xff, 0xfe, 0xff, 0xfe, 
	0xff, 0xfe, 0xff, 0xfe, 0xff, 0xfe, 0xff, 0xfe, 
	0xff, 0xfe, 0xff, 0xfe, 0xff, 0xfe, 0xff, 0xfe, 
	0xff, 0xfe, 0xff, 0xfe, 0xff, 0xfe, 0xff, 0xfe, 
	0xff, 0xfe, 0xff, 0xfe, 0xff, 0xfe, 0xff, 0xfe, 
	0xff, 0xfe, 0xff, 0xfe, 0xff, 0xfe, 0xff, 0xfe, 
	0xff, 0xfe, 0xff, 0xfe, 0xff, 0xfe, 0xff, 0xfe, 
	0xff, 0xfe, 0xff, 0xfe, 0xff, 0xfe, 0xff, 0xfe, 
	0xff, 0xfe, 0xff, 0xfe, 0xff, 0xfe, 0xff, 0xfe, 
	0xff, 0xfe, 0xff, 0xfe, 0xff, 0xfe, 0xff, 0xfe, 
	0xff, 0xfe, 0xff, 0xfe, 0xff, 0xfe, 0xff, 0xfe, 
	0xff, 0xfe, 0xff, 0xfe, 0xff, 0xfe, 0xff, 0xfe, 
	0xff, 0xfe, 0xff, 0xfe, 0xff, 0xfe, 0xff, 0xfe, 
	0xff, 0xfe, 0xff, 0xfe, 0xff, 0xfe, 0xff, 0xfe, 
	0xff, 0xfe, 0xff, 0xfe, 0xff, 0xfe, 0xff, 0xfe, 
	0xff, 0xfe, 0xff, 0xfe, 0xff, 0xfe, 0xff, 0xfe, 
	0xff, 0xfe, 0xff, 0xfe, 0xff, 0xfe, 0xff, 0xfe, 
	0xff, 0xfe, 0xff, 0xfe, 0xff, 0xfe, 0xff, 0xfe, 
	0xff, 0xfe, 0xff, 0xfe, 0xff, 0xfe, 0xff, 0xfe, 
	0xff, 0xfe, 0xff, 0xfe, 0xff, 0xfe, 0xff, 0xfe, 
	0xff, 0xfe, 0xff, 0xfe, 0xff, 0xfe, 0xff, 0xfe, 
	0xff, 0xfe, 0xff, 0xfe, 0xff, 0xfe, 0xff, 0xfe, 
	0xff, 0xfe, 0xff, 0xfe, 0xff, 0xfe, 0xff, 0xfe, 
	0xff, 0xfe, 0xff, 0xfe, 0xff, 0xfe, 0x08, 0x02, 
	0x08, 0x02, 0x08, 0x02, 0x08, 0x02, 0x08, 0x02, 
	0x08, 0x02, 0x08, 0x02, 0xff, 0xfe, 0xff, 0xfe, 
	0xff, 0xfe, 0xff, 0xfe, 0xff, 0xfe, 0xff, 0xfe, 
	0xff, 0xfe, 0xff, 0xfe, 0xff, 0xfe, 0xff, 0xfe, 
	0xff, 0xfe, 0xff, 0xfe, 0x08, 0x02, 0x08, 0x02, 
	0x08, 0x02, 0x08, 0x02, 0x08, 0x02, 0x08, 0x02, 
	0x08, 0x02, 0xff, 0xfe, 0xff, 0xfe, 0xff, 0xfe, 
	0xff, 0xfe, 0xff, 0xfe, 0x08, 0x02, 0x08, 0x02, 
	0x18, 0x87, 0x00, 0x01, 0x08, 0x03, 0x08, 0x01, 
	0x10, 0x43, 0x08, 0x02, 0x08, 0x02, 0xff, 0xfe, 
	0xff, 0xfe, 0xff, 0xfe, 0xff, 0xfe, 0xff, 0xfe, 
	0xff, 0xfe, 0xff, 0xfe, 0xff, 0xfe, 0xff, 0xfe, 
	0xff, 0xfe, 0x08, 0x02, 0x08, 0x02, 0x08, 0x43, 
	0x08, 0x01, 0x08, 0x03, 0x00, 0x01, 0x18, 0x87, 
	0x08, 0x02, 0x08, 0x02, 0xff, 0xfe, 0xff, 0xfe, 
	0xff, 0xfe, 0x08, 0x02, 0x08, 0x02, 0x08, 0x43, 
	0x08, 0x03, 0x08, 0x03, 0x08, 0x03, 0x08, 0x03, 
	0x08, 0x43, 0x08, 0x03, 0x08, 0x02, 0x08, 0x02, 
	0xff, 0xfe, 0xff, 0xfe, 0xff, 0xfe, 0xff, 0xfe, 
	0xff, 0xfe, 0xff, 0xfe, 0xff, 0xfe, 0xff, 0xfe, 
	0x08, 0x02, 0x08, 0x02, 0x08, 0x01, 0x08, 0x43, 
	0x08, 0x01, 0x08, 0x03, 0x08, 0x01, 0x08, 0x03, 
	0x10, 0x45, 0x08, 0x02, 0x08, 0x02, 0xff, 0xfe, 
	0xff, 0xfe, 0x08, 0x02, 0x29, 0x4b, 0x00, 0x01, 
	0x41, 0xcf, 0x08, 0x02, 0x08, 0x02, 0x08, 0x02, 
	0x31, 0x8d, 0x00, 0x01, 0x20, 0xc9, 0x08, 0x02, 
	0xff, 0xfe, 0xff, 0xfe, 0xff, 0xfe, 0xff, 0xfe, 
	0xff, 0xfe, 0xff, 0xfe, 0xff, 0xfe, 0xff, 0xfe, 
	0x08, 0x02, 0x18, 0x85, 0x08, 0x01, 0x39, 0x8f, 
	0x08, 0x02, 0x08, 0x02, 0x08, 0x02, 0x41, 0xcf, 
	0x00, 0x01, 0x39, 0x8f, 0x08, 0x02, 0xff, 0xfe, 
	0xff, 0xfe, 0x08, 0x02, 0x08, 0x03, 0x08, 0x02, 
	0x08, 0x02, 0x08, 0x02, 0xff, 0xfe, 0x08, 0x02, 
	0x08, 0x02, 0x08, 0x02, 0x08, 0x03, 0x08, 0x02, 
	0xff, 0xfe, 0xff, 0xfe, 0xff, 0xfe, 0xff, 0xfe, 
	0xff, 0xfe, 0xff, 0xfe, 0xff, 0xfe, 0xff, 0xfe, 
	0x08, 0x02, 0x20, 0xc7, 0x08, 0x02, 0x08, 0x02, 
	0x08, 0x02, 0xff, 0xfe, 0x08, 0x02, 0x08, 0x02, 
	0x08, 0x02, 0x18, 0x87, 0x08, 0x02, 0xff, 0xfe, 
	0xff, 0xfe, 0x08, 0x02, 0x08, 0x02, 0xff, 0xfe, 
	0xff, 0xfe, 0x5c, 0xfe, 0x1b, 0x38, 0x23, 0xba, 
	0x23, 0x36, 0x12, 0xf6, 0x4c, 0xbe, 0xff, 0xfe, 
	0xff, 0xfe, 0xff, 0xfe, 0xff, 0xfe, 0xff, 0xfe, 
	0xff, 0xfe, 0xff, 0xfe, 0xff, 0xfe, 0xff, 0xfe, 
	0xff, 0xfe, 0x85, 0xbe, 0x12, 0xf6, 0x1b, 0x34, 
	0x23, 0xba, 0x1b, 0x7a, 0x33, 0xfa, 0xe7, 0xbe, 
	0x08, 0x02, 0x08, 0x02, 0x08, 0x02, 0xff, 0xfe, 
	0xff, 0xfe, 0xff, 0xfe, 0xff, 0xfe, 0xff, 0xfe, 
	0xdf, 0x7e, 0x2b, 0xba, 0x23, 0xbb, 0x1a, 0xf5, 
	0x00, 0x93, 0x00, 0x52, 0x1a, 0xb0, 0xd7, 0x3e, 
	0xff, 0xfe, 0xff, 0xfe, 0xff, 0xfe, 0xff, 0xfe, 
	0xff, 0xfe, 0xff, 0xfe, 0xff, 0xfe, 0xff, 0xfe, 
	0xf7, 0xfe, 0x3b, 0xf6, 0x00, 0xd8, 0x00, 0x4b, 
	0x12, 0x6d, 0x23, 0xbb, 0x1b, 0x78, 0xae, 0x7e, 
	0xff, 0xfe, 0xff, 0xfe, 0xff, 0xfe, 0xff, 0xfe, 
	0xff, 0xfe, 0xff, 0xfe, 0xff, 0xfe, 0xff, 0xfe, 
	0x9e, 0x3e, 0x1b, 0x7b, 0x23, 0xbb, 0x09, 0x1d, 
	0x00, 0x01, 0x00, 0x01, 0x00, 0x0b, 0x8d, 0xbe, 
	0xff, 0xfe, 0xff, 0xfe, 0xff, 0xfe, 0xff, 0xfe, 
	0xff, 0xfe, 0xff, 0xfe, 0xff, 0xfe, 0xff, 0xfe, 
	0xc6, 0xfe, 0x01, 0x1c, 0x00, 0x01, 0x00, 0x01, 
	0x00, 0x4f, 0x1b, 0x37, 0x1b, 0x7b, 0x6d, 0x3f, 
	0xff, 0xfe, 0xff, 0xfe, 0xff, 0xfe, 0xff, 0xfe, 
	0xff, 0xfe, 0xff, 0xfe, 0xff, 0xfe, 0xff, 0xfe, 
	0x7d, 0x7f, 0x1b, 0x7b, 0x1b, 0x35, 0x00, 0x05, 
	0x00, 0x01, 0x00, 0x01, 0x00, 0x01, 0x5c, 0x35, 
	0xff, 0xfe, 0xff, 0xfe, 0xff, 0xfe, 0xff, 0xfe, 
	0xff, 0xfe, 0xff, 0xfe, 0xff, 0xfe, 0xff, 0xfe, 
	0x95, 0xbc, 0x00, 0x01, 0x00, 0x01, 0x00, 0x01, 
	0x00, 0x01, 0x12, 0x2b, 0x23, 0xbb, 0x44, 0x7d, 
	0xff, 0xff, 0xff, 0xfe, 0xff, 0xfe, 0xff, 0xfe, 
	0xff, 0xfe, 0xff, 0xfe, 0xff, 0xfe, 0xff, 0xff, 
	0x65, 0x3f, 0x1b, 0x7b, 0x12, 0x2d, 0x00, 0x01, 
	0x00, 0x01, 0x00, 0x8d, 0x00, 0x01, 0x32, 0xe9, 
	0xff, 0xfe, 0xff, 0xfe, 0xff, 0xfe, 0xff, 0xfe, 
	0xff, 0xfe, 0xff, 0xfe, 0xff, 0xfe, 0xff, 0xfe, 
	0x6c, 0xb5, 0x00, 0x01, 0x00, 0x8f, 0x00, 0x01, 
	0x00, 0x01, 0x09, 0x63, 0x23, 0x7b, 0x33, 0xfd, 
	0xf7, 0xff, 0xff, 0xfe, 0xff, 0xfe, 0xff, 0xfe, 
	0xff, 0xfe, 0xff, 0xfe, 0xff, 0xfe, 0xff, 0xff, 
	0x54, 0xbd, 0x1b, 0x7b, 0x11, 0xe9, 0x00, 0x01, 
	0x21, 0xdd, 0xd6, 0xff, 0x6c, 0x31, 0x19, 0xe1, 
	0xf7, 0xff, 0xff, 0xfe, 0xff, 0xfe, 0xff, 0xfe, 
	0xff, 0xfe, 0xff, 0xfe, 0xff, 0xfe, 0xff, 0xff, 
	0x53, 0xef, 0x32, 0x61, 0xd6, 0xff, 0x53, 0xab, 
	0x00, 0x01, 0x09, 0x1d, 0x23, 0x7b, 0x2b, 0xbb, 
	0xe7, 0x7f, 0xff, 0xff, 0xff, 0xfe, 0xff, 0xfe, 
	0xff, 0xfe, 0xff, 0xfe, 0xff, 0xff, 0xff, 0xff, 
	0x44, 0x7d, 0x23, 0x7b, 0x09, 0xe7, 0x00, 0x01, 
	0x5b, 0xed, 0xff, 0xff, 0xbe, 0x7f, 0x11, 0x9f, 
	0xf7, 0xbf, 0xff, 0xfe, 0xff, 0xfe, 0xff, 0xfe, 
	0xff, 0xfe, 0xff, 0xfe, 0xff, 0xfe, 0xff, 0xff, 
	0x43, 0x2b, 0x74, 0x71, 0xff, 0xff, 0xa5, 0xfb, 
	0x00, 0x01, 0x00, 0xd9, 0x23, 0x79, 0x2b, 0xbb, 
	0xdf, 0x7f, 0xff, 0xff, 0xff, 0xfe, 0xff, 0xfe, 
	0xff, 0xfe, 0xff, 0xfe, 0xff, 0xff, 0xff, 0xff, 
	0x54, 0xbf, 0x1b, 0x7b, 0x11, 0xe9, 0x00, 0x01, 
	0x19, 0x9b, 0xbe, 0x7f, 0x5b, 0xed, 0x19, 0xe1, 
	0xf7, 0xff, 0xff, 0xff, 0xff, 0xfe, 0xff, 0xfe, 
	0xff, 0xfe, 0xff, 0xfe, 0xff, 0xfe, 0xff, 0xff, 
	0x4b, 0xaf, 0x2a, 0x1f, 0xbe, 0x7f, 0x4b, 0x69, 
	0x00, 0x01, 0x01, 0x1d, 0x23, 0x79, 0x2b, 0xfb, 
	0xef, 0xbf, 0xff, 0xff, 0xff, 0xfe, 0xff, 0xfe, 
	0xff, 0xfe, 0xff, 0xfe, 0xff, 0xff, 0xff, 0xff, 
	0x6d, 0x3f, 0x1b, 0x7b, 0x12, 0x2b, 0x00, 0x01, 
	0x00, 0x01, 0x00, 0x01, 0x00, 0x01, 0x2a, 0xa9, 
	0xff, 0xff, 0xff, 0xff, 0xff, 0xfe, 0xff, 0xfe, 
	0xff, 0xfe, 0xff, 0xfe, 0xff, 0xff, 0xff, 0xff, 
	0x64, 0x75, 0x00, 0x01, 0x00, 0x05, 0x00, 0x01, 
	0x00, 0x01, 0x09, 0x61, 0x23, 0x7b, 0x33, 0xfd, 
	0xf7, 0xff, 0xff, 0xff, 0xff, 0xff, 0xff, 0xfe, 
	0xff, 0xfe, 0xff, 0xff, 0xff, 0xff, 0xff, 0xff, 
	0x7d, 0x7f, 0x1b, 0x7b, 0x1a, 0xf3, 0x00, 0x05, 
	0x00, 0x01, 0x00, 0x01, 0x00, 0x01, 0x53, 0xf3, 
	0xff, 0xff, 0xff, 0xff, 0xff, 0xfe, 0xff, 0xfe, 
	0xff, 0xfe, 0xff, 0xfe, 0xff, 0xff, 0xff, 0xff, 
	0x8d, 0x7d, 0x00, 0x01, 0x00, 0x01, 0x00, 0x01, 
	0x00, 0x01, 0x12, 0x29, 0x1b, 0xbb, 0x4c, 0x7d, 
	0xff, 0xff, 0xff, 0xff, 0xff, 0xff, 0xff, 0xfe, 
	0xff, 0xfe, 0xff, 0xff, 0xff, 0xff, 0xff, 0xff, 
	0xa6, 0x7f, 0x1b, 0x7b, 0x23, 0x79, 0x00, 0xd9, 
	0x00, 0x01, 0x00, 0x01, 0x00, 0x01, 0x85, 0xbd, 
	0xff, 0xff, 0xff, 0xff, 0xff, 0xfe, 0xff, 0xfe, 
	0xff, 0xfe, 0xff, 0xfe, 0xff, 0xff, 0xff, 0xff, 
	0xbe, 0xbf, 0x00, 0xd9, 0x00, 0x01, 0x00, 0x01, 
	0x00, 0x05, 0x1a, 0xf5, 0x1b, 0x7b, 0x75, 0x7f, 
	0xff, 0xff, 0xff, 0xff, 0xff, 0xff, 0xff, 0xfe, 
	0xff, 0xfe, 0xff, 0xff, 0xff, 0xff, 0xff, 0xff, 
	0xe7, 0x7f, 0x2b, 0xbb, 0x23, 0xbb, 0x12, 0x6f, 
	0x00, 0x01, 0x00, 0x01, 0x11, 0xe9, 0xcf, 0x3f, 
	0xff, 0xff, 0xff, 0xff, 0xff, 0xfe, 0xff, 0xfe, 
	0xff, 0xfe, 0xff, 0xfe, 0xff, 0xff, 0xff, 0xff, 
	0xf7, 0xff, 0x2b, 0x75, 0x00, 0x0b, 0x00, 0x01, 
	0x09, 0xe7, 0x23, 0xbb, 0x1b, 0x7b, 0xb6, 0xbf, 
	0xff, 0xff, 0xff, 0xff, 0xff, 0xff, 0xff, 0xfe, 
	0xff, 0xfe, 0xff, 0xff, 0xff, 0xff, 0xff, 0xff, 
	0xff, 0xff, 0x6d, 0x3f, 0x1b, 0x39, 0x23, 0xbb, 
	0x1a, 0xb3, 0x12, 0x71, 0x4c, 0x7d, 0xff, 0xff, 
	0xff, 0xff, 0xff, 0xff, 0xff, 0xfe, 0xff, 0xfe, 
	0xff, 0xfe, 0xff, 0xfe, 0xff, 0xff, 0xff, 0xff, 
	0xff, 0xff, 0x7d, 0x7f, 0x0a, 0x73, 0x12, 0xaf, 
	0x23, 0x79, 0x1b, 0x7b, 0x3c, 0x3d, 0xef, 0xbf, 
	0xff, 0xff, 0xff, 0xff, 0xff, 0xff, 0xff, 0xfe, 
	0xff, 0xfe, 0xff, 0xff, 0xff, 0xff, 0xff, 0xff, 
	0xff, 0xff, 0xff, 0xff, 0x2b, 0xbb, 0x13, 0x39, 
	0x1b, 0x7b, 0x23, 0x7b, 0xff, 0xff, 0xff, 0xff, 
	0xff, 0xff, 0xff, 0xff, 0xff, 0xfe, 0xff, 0xfe, 
	0xff, 0xfe, 0xff, 0xfe, 0xff, 0xff, 0xff, 0xff, 
	0xff, 0xff, 0xff, 0xff, 0x3c, 0x3d, 0x13, 0x7b, 
	0x1b, 0x7b, 0x13, 0x39, 0xff, 0xff, 0xff, 0xff, 
	0xff, 0xff, 0xff, 0xff, 0xff, 0xff, 0xff, 0xfe, 
	0xff, 0xfe, 0xff, 0xfe, 0xff, 0xff, 0xff, 0xff, 
	0xff, 0xff, 0xff, 0xff, 0xff, 0xff, 0xff, 0xff, 
	0xff, 0xff, 0xff, 0xff, 0xff, 0xff, 0xff, 0xff, 
	0xff, 0xff, 0xff, 0xff, 0xff, 0xfe, 0xff, 0xfe, 
	0xff, 0xfe, 0xff, 0xfe, 0xff, 0xff, 0xff, 0xff, 
	0xff, 0xff, 0xff, 0xff, 0xff, 0xff, 0xff, 0xff, 
	0xff, 0xff, 0xff, 0xff, 0xff, 0xff, 0xff, 0xff, 
	0xff, 0xff, 0xff, 0xff, 0xff, 0xff, 0xff, 0xfe, 
	0xff, 0xfe, 0xff, 0xfe, 0xff, 0xff, 0xff, 0xff, 
	0xff, 0xff, 0xff, 0xff, 0xff, 0xff, 0xff, 0xff, 
	0xff, 0xff, 0xff, 0xff, 0xff, 0xff, 0xff, 0xff, 
	0xff, 0xff, 0xff, 0xff, 0xff, 0xfe, 0xff, 0xfe, 
	0xff, 0xfe, 0xff, 0xfe, 0xff, 0xfe, 0xff, 0xff, 
	0xff, 0xff, 0xff, 0xff, 0xff, 0xff, 0xff, 0xff, 
	0xff, 0xff, 0xff, 0xff, 0xff, 0xff, 0xff, 0xff, 
	0xff, 0xff, 0xff, 0xff, 0xff, 0xfe, 0xff, 0xfe, 
	0xff, 0xfe, 0xff, 0xfe, 0xff, 0xff, 0xff, 0xff, 
	0xff, 0xff, 0xff, 0xff, 0xff, 0xff, 0xff, 0xff, 
	0xff, 0xff, 0xff, 0xff, 0xff, 0xff, 0xff, 0xff, 
	0xff, 0xff, 0xff, 0xfe, 0xff, 0xfe, 0xff, 0xfe, 
	0xff, 0xfe, 0xff, 0xfe, 0xff, 0xfe, 0xff, 0xff, 
	0xff, 0xff, 0xff, 0xff, 0xff, 0xff, 0xff, 0xff, 
	0xff, 0xff, 0xff, 0xff, 0xff, 0xff, 0xff, 0xff, 
	0xff, 0xff, 0xff, 0xff, 0xff, 0xfe, 0xff, 0xfe, 
	0xff, 0xfe, 0xff, 0xfe, 0xff, 0xfe, 0xff, 0xff, 
	0xff, 0xff, 0xff, 0xff, 0xff, 0xff, 0xff, 0xff, 
	0xff, 0xff, 0xff, 0xff, 0xff, 0xff, 0xff, 0xff, 
	0xff, 0xff, 0xff, 0xfe, 0xff, 0xfe, 0xff, 0xfe, 
	0xff, 0xfe, 0xff, 0xfe, 0xff, 0xfe, 0xff, 0xff, 
	0xff, 0xff, 0xff, 0xff, 0xff, 0xff, 0xff, 0xff, 
	0xff, 0xff, 0xff, 0xff, 0xff, 0xff, 0xff, 0xff, 
	0xff, 0xff, 0xff, 0xff, 0xff, 0xfe, 0xff, 0xfe, 
	0xff, 0xfe, 0xff, 0xfe, 0xff, 0xfe, 0xff, 0xff, 
	0xff, 0xff, 0xff, 0xff, 0xff, 0xff, 0xff, 0xff, 
	0xff, 0xff, 0xff, 0xff, 0xff, 0xff, 0xff, 0xff, 
	0xff, 0xfe, 0xff, 0xfe, 0xff, 0xfe, 0xff, 0xfe, 
	0xff, 0xfe, 0xff, 0xfe, 0xff, 0xfe, 0xff, 0xfe, 
	0xff, 0xff, 0xff, 0xff, 0xff, 0xff, 0xff, 0xff, 
	0xff, 0xff, 0xff, 0xff, 0xff, 0xff, 0xff, 0xff, 
	0xff, 0xff, 0xff, 0xfe, 0xff, 0xfe, 0xff, 0xfe, 
	0xff, 0xfe, 0xff, 0xfe, 0xff, 0xfe, 0xff, 0xfe, 
	0xff, 0xff, 0xff, 0xff, 0xff, 0xff, 0xff, 0xff, 
	0xff, 0xff, 0xff, 0xff, 0xff, 0xff, 0xff, 0xff, 
	0xff, 0xfe, 0xff, 0xfe, 0xff, 0xfe, 0xff, 0xfe, 
	0xff, 0xfe, 0xff, 0xfe, 0xff, 0xfe, 0xff, 0xfe, 
	0xff, 0xff, 0xff, 0xff, 0xff, 0xff, 0xff, 0xff, 
	0xff, 0xff, 0xff, 0xff, 0xff, 0xff, 0xff, 0xff, 
	0xff, 0xff, 0xff, 0xfe, 0xff, 0xfe, 0xff, 0xfe, 
	0xff, 0xfe, 0xff, 0xfe, 0xff, 0xfe, 0xff, 0xfe, 
	0xff, 0xff, 0xff, 0xff, 0xff, 0xff, 0xff, 0xff, 
	0xff, 0xff, 0xff, 0xff, 0xff, 0xff, 0xff, 0xfe, 
	0xff, 0xfe, 0xff, 0xfe, 0xff, 0xfe, 0xff, 0xfe, 
	0xff, 0xfe, 0xff, 0xfe, 0xff, 0xfe, 0xff, 0xfe, 
	0xff, 0xfe, 0xff, 0xff, 0xff, 0xff, 0xff, 0xff, 
	0xff, 0xff, 0xff, 0xff, 0xff, 0xff, 0xff, 0xff, 
	0xff, 0xfe, 0xff, 0xfe, 0xff, 0xfe, 0xff, 0xfe, 
	0xff, 0xfe, 0xff, 0xfe, 0xff, 0xfe, 0xff, 0xfe, 
	0xff, 0xfe, 0xff, 0xfe, 0xff, 0xff, 0xff, 0xff, 
	0xff, 0xff, 0xff, 0xff, 0xff, 0xfe, 0xff, 0xfe, 
	0xff, 0xfe, 0xff, 0xfe, 0xff, 0xfe, 0xff, 0xfe, 
	0xff, 0xfe, 0xff, 0xfe, 0xff, 0xfe, 0xff, 0xfe, 
	0xff, 0xfe, 0xff, 0xfe, 0xff, 0xfe, 0xff, 0xff, 
	0xff, 0xff, 0xff, 0xff, 0xff, 0xfe, 0xff, 0xfe, 
	0xff, 0xfe, 0xff, 0xfe, 0xff, 0xfe, 0xff, 0xfe, 
	0xff, 0xfe, 0xff, 0xfe, 0xff, 0xfe, 0xff, 0xfe, 
	0xff, 0xfe, 0xff, 0xfe, 0xff, 0xfe, 0xff, 0xfe, 
	0xff, 0xfe, 0xff, 0xfe, 0xff, 0xfe, 0xff, 0xfe, 
	0xff, 0xfe, 0xff, 0xfe, 0xff, 0xfe, 0xff, 0xfe, 
	0xff, 0xfe, 0xff, 0xfe, 0xff, 0xfe, 0xff, 0xfe, 
	0xff, 0xfe, 0xff, 0xfe, 0xff, 0xfe, 0xff, 0xfe, 
	0xff, 0xfe, 0xff, 0xfe, 0xff, 0xfe, 0xff, 0xfe, 
	0xff, 0xfe, 0xff, 0xfe, 0xff, 0xfe, 0xff, 0xfe, 
	
};

Texture monteman_mario_eyes_down_unused_rgba16_rgba16[] = {
	0xff, 0xfe, 0xff, 0xfe, 0xff, 0xfe, 0xff, 0xfe, 
	0xff, 0xfe, 0xff, 0xfe, 0xff, 0xfe, 0xff, 0xfe, 
	0xff, 0xfe, 0xff, 0xfe, 0xff, 0xfe, 0xff, 0xfe, 
	0xff, 0xfe, 0xff, 0xfe, 0xff, 0xfe, 0xff, 0xfe, 
	0xff, 0xfe, 0xff, 0xfe, 0xff, 0xfe, 0xff, 0xfe, 
	0xff, 0xfe, 0xff, 0xfe, 0xff, 0xfe, 0xff, 0xfe, 
	0xff, 0xfe, 0xff, 0xfe, 0xff, 0xfe, 0xff, 0xfe, 
	0xff, 0xfe, 0xff, 0xfe, 0xff, 0xfe, 0xff, 0xfe, 
	0xff, 0xfe, 0xff, 0xfe, 0xff, 0xfe, 0xff, 0xfe, 
	0xff, 0xfe, 0xff, 0xfe, 0xff, 0xfe, 0xff, 0xfe, 
	0xff, 0xfe, 0xff, 0xfe, 0xff, 0xfe, 0xff, 0xfe, 
	0xff, 0xfe, 0xff, 0xfe, 0xff, 0xfe, 0xff, 0xfe, 
	0xff, 0xfe, 0xff, 0xfe, 0xff, 0xfe, 0xff, 0xfe, 
	0xff, 0xfe, 0xff, 0xfe, 0xff, 0xfe, 0xff, 0xfe, 
	0xff, 0xfe, 0xff, 0xfe, 0xff, 0xfe, 0xff, 0xfe, 
	0xff, 0xfe, 0xff, 0xfe, 0xff, 0xfe, 0xff, 0xfe, 
	0xff, 0xfe, 0xff, 0xfe, 0xff, 0xfe, 0xff, 0xfe, 
	0xff, 0xfe, 0xff, 0xfe, 0xff, 0xfe, 0xff, 0xfe, 
	0xff, 0xfe, 0xff, 0xfe, 0xff, 0xfe, 0xff, 0xfe, 
	0xff, 0xfe, 0xff, 0xfe, 0xff, 0xfe, 0xff, 0xfe, 
	0xff, 0xfe, 0xff, 0xfe, 0xff, 0xfe, 0xff, 0xfe, 
	0xff, 0xfe, 0xff, 0xfe, 0xff, 0xfe, 0xff, 0xfe, 
	0xff, 0xfe, 0xff, 0xfe, 0xff, 0xfe, 0xff, 0xfe, 
	0xff, 0xfe, 0xff, 0xfe, 0xff, 0xfe, 0xff, 0xfe, 
	0xff, 0xfe, 0xff, 0xfe, 0xff, 0xfe, 0xff, 0xfe, 
	0xff, 0xfe, 0xff, 0xfe, 0xff, 0xfe, 0xff, 0xfe, 
	0xff, 0xfe, 0xff, 0xfe, 0xff, 0xfe, 0xff, 0xfe, 
	0xff, 0xfe, 0xff, 0xfe, 0xff, 0xfe, 0xff, 0xfe, 
	0xff, 0xfe, 0xff, 0xfe, 0xff, 0xfe, 0xff, 0xfe, 
	0xff, 0xfe, 0xff, 0xfe, 0xff, 0xfe, 0xff, 0xfe, 
	0xff, 0xfe, 0xff, 0xfe, 0xff, 0xfe, 0xff, 0xfe, 
	0xff, 0xfe, 0xff, 0xfe, 0xff, 0xfe, 0xff, 0xfe, 
	0xff, 0xfe, 0x08, 0x02, 0x08, 0x02, 0x08, 0x02, 
	0x08, 0x02, 0x08, 0x02, 0x08, 0x02, 0x08, 0x02, 
	0x08, 0x02, 0x08, 0x02, 0xff, 0xfe, 0xff, 0xfe, 
	0xff, 0xfe, 0xff, 0xfe, 0xff, 0xfe, 0xff, 0xfe, 
	0xff, 0xfe, 0xff, 0xfe, 0xff, 0xfe, 0xff, 0xfe, 
	0xff, 0xfe, 0x08, 0x02, 0x08, 0x02, 0x08, 0x02, 
	0x08, 0x02, 0x08, 0x02, 0x08, 0x02, 0x08, 0x02, 
	0x08, 0x02, 0xff, 0xfe, 0xff, 0xfe, 0xff, 0xfe, 
	0xff, 0xfe, 0x08, 0x02, 0x08, 0x02, 0x08, 0x02, 
	0x18, 0x87, 0x00, 0x01, 0x08, 0x03, 0x08, 0x01, 
	0x08, 0x43, 0x08, 0x02, 0x08, 0x02, 0xff, 0xfe, 
	0xff, 0xfe, 0xff, 0xfe, 0xff, 0xfe, 0xff, 0xfe, 
	0xff, 0xfe, 0xff, 0xfe, 0xff, 0xfe, 0xff, 0xfe, 
	0xff, 0xfe, 0x08, 0x02, 0x08, 0x02, 0x10, 0x43, 
	0x08, 0x01, 0x08, 0x03, 0x00, 0x01, 0x18, 0x87, 
	0x08, 0x02, 0x08, 0x02, 0xff, 0xfe, 0xff, 0xfe, 
	0xff, 0xfe, 0x08, 0x02, 0x08, 0x02, 0x10, 0x45, 
	0x08, 0x03, 0x08, 0x01, 0x08, 0x03, 0x08, 0x01, 
	0x08, 0x43, 0x08, 0x01, 0x08, 0x02, 0x08, 0x02, 
	0xff, 0xfe, 0xff, 0xfe, 0xff, 0xfe, 0xff, 0xfe, 
	0xff, 0xfe, 0xff, 0xfe, 0xff, 0xfe, 0xff, 0xfe, 
	0xff, 0xfe, 0x08, 0x02, 0x08, 0x03, 0x08, 0x43, 
	0x08, 0x03, 0x08, 0x03, 0x08, 0x03, 0x08, 0x03, 
	0x08, 0x43, 0x08, 0x02, 0x08, 0x02, 0xff, 0xfe, 
	0xff, 0xfe, 0x08, 0x02, 0x39, 0x8f, 0x00, 0x01, 
	0x41, 0xcf, 0x08, 0x02, 0x08, 0x02, 0x08, 0x02, 
	0x39, 0x8f, 0x08, 0x01, 0x18, 0x85, 0x08, 0x02, 
	0xff, 0xfe, 0xff, 0xfe, 0xff, 0xfe, 0xff, 0xfe, 
	0xff, 0xfe, 0xff, 0xfe, 0xff, 0xfe, 0xff, 0xfe, 
	0x08, 0x02, 0x20, 0xc9, 0x00, 0x01, 0x31, 0x8d, 
	0x08, 0x02, 0x08, 0x02, 0x08, 0x02, 0x41, 0xcf, 
	0x00, 0x01, 0x29, 0x4b, 0x08, 0x02, 0xff, 0xfe, 
	0xff, 0xfe, 0x08, 0x02, 0x18, 0x87, 0x08, 0x02, 
	0x08, 0x02, 0xff, 0xfe, 0xff, 0xfe, 0xff, 0xfe, 
	0x08, 0x02, 0x08, 0x02, 0x20, 0xc7, 0x08, 0x02, 
	0xff, 0xfe, 0xff, 0xfe, 0xff, 0xfe, 0xff, 0xfe, 
	0xff, 0xfe, 0xff, 0xfe, 0xff, 0xfe, 0xff, 0xfe, 
	0x08, 0x02, 0x18, 0xc7, 0x08, 0x02, 0x08, 0x02, 
	0x08, 0x02, 0xff, 0xfe, 0x08, 0x02, 0x08, 0x02, 
	0x08, 0x02, 0x18, 0xc7, 0x08, 0x02, 0xff, 0xfe, 
	0xff, 0xfe, 0x08, 0x02, 0x08, 0x02, 0x08, 0x02, 
	0xff, 0xfe, 0xff, 0xfe, 0xff, 0xfe, 0xff, 0xfe, 
	0xff, 0xfe, 0x08, 0x02, 0x08, 0x02, 0x08, 0x02, 
	0xff, 0xfe, 0xff, 0xfe, 0xff, 0xfe, 0xff, 0xfe, 
	0xff, 0xfe, 0xff, 0xfe, 0xff, 0xfe, 0xff, 0xfe, 
	0x08, 0x02, 0x08, 0x02, 0x08, 0x02, 0xff, 0xfe, 
	0xff, 0xfe, 0xff, 0xfe, 0xff, 0xfe, 0xff, 0xfe, 
	0x08, 0x02, 0x08, 0x02, 0x08, 0x02, 0xff, 0xfe, 
	0xff, 0xfe, 0xff, 0xfe, 0xff, 0xfe, 0xff, 0xfe, 
	0xff, 0xfe, 0xff, 0xfe, 0xff, 0xff, 0xff, 0xff, 
	0xff, 0xff, 0xff, 0xfe, 0xff, 0xfe, 0xff, 0xfe, 
	0xff, 0xfe, 0xff, 0xfe, 0xff, 0xfe, 0xff, 0xfe, 
	0xff, 0xfe, 0xff, 0xfe, 0xff, 0xfe, 0xff, 0xfe, 
	0xff, 0xfe, 0xff, 0xfe, 0xff, 0xfe, 0xff, 0xff, 
	0xff, 0xff, 0xff, 0xff, 0xff, 0xfe, 0xff, 0xfe, 
	0xff, 0xfe, 0xff, 0xfe, 0xff, 0xfe, 0xff, 0xfe, 
	0xff, 0xfe, 0xff, 0xfe, 0xff, 0xfe, 0xff, 0xfe, 
	0xff, 0xff, 0xff, 0xff, 0xff, 0xff, 0xff, 0xff, 
	0xff, 0xff, 0xff, 0xff, 0xff, 0xfe, 0xff, 0xfe, 
	0xff, 0xfe, 0xff, 0xfe, 0xff, 0xfe, 0xff, 0xfe, 
	0xff, 0xfe, 0xff, 0xfe, 0xff, 0xfe, 0xff, 0xfe, 
	0xff, 0xfe, 0xf7, 0xbf, 0xff, 0xff, 0xff, 0xff, 
	0xff, 0xff, 0xff, 0xff, 0xff, 0xff, 0xff, 0xfe, 
	0xff, 0xfe, 0xff, 0xfe, 0xff, 0xfe, 0xff, 0xfe, 
	0xff, 0xfe, 0xff, 0xfe, 0xff, 0xfe, 0xff, 0xff, 
	0xff, 0xff, 0xff, 0xff, 0xff, 0xff, 0xff, 0xff, 
	0xff, 0xff, 0xff, 0xff, 0xff, 0xff, 0xff, 0xfe, 
	0xff, 0xfe, 0xff, 0xfe, 0xff, 0xfe, 0xff, 0xfe, 
	0xff, 0xfe, 0xff, 0xfe, 0xff, 0xfe, 0xff, 0xfe, 
	0xff, 0xff, 0xff, 0xff, 0xff, 0xff, 0xff, 0xff, 
	0xff, 0xff, 0xff, 0xff, 0xff, 0xff, 0xff, 0xff, 
	0xff, 0xfe, 0xff, 0xfe, 0xff, 0xfe, 0xff, 0xfe, 
	0xff, 0xfe, 0xff, 0xfe, 0xff, 0xfe, 0xff, 0xff, 
	0xff, 0xff, 0xff, 0xff, 0xff, 0xff, 0xff, 0xff, 
	0xff, 0xff, 0xff, 0xff, 0xff, 0xff, 0xff, 0xff, 
	0xff, 0xfe, 0xff, 0xfe, 0xff, 0xfe, 0xff, 0xfe, 
	0xff, 0xfe, 0xff, 0xfe, 0xff, 0xfe, 0xff, 0xfe, 
	0xff, 0xff, 0xff, 0xff, 0xff, 0xff, 0xff, 0xff, 
	0xff, 0xff, 0xff, 0xff, 0xff, 0xff, 0xff, 0xff, 
	0xff, 0xff, 0xff, 0xfe, 0xff, 0xfe, 0xff, 0xfe, 
	0xff, 0xfe, 0xff, 0xfe, 0xff, 0xff, 0xff, 0xff, 
	0xff, 0xff, 0xff, 0xff, 0xff, 0xff, 0xff, 0xff, 
	0xff, 0xff, 0xff, 0xff, 0xff, 0xff, 0xff, 0xff, 
	0xff, 0xff, 0xff, 0xfe, 0xff, 0xfe, 0xff, 0xfe, 
	0xff, 0xfe, 0xff, 0xfe, 0xff, 0xfe, 0xff, 0xff, 
	0xff, 0xff, 0xff, 0xff, 0xff, 0xff, 0xff, 0xff, 
	0xff, 0xff, 0xff, 0xff, 0xff, 0xff, 0xff, 0xff, 
	0xff, 0xff, 0xff, 0xfe, 0xff, 0xfe, 0xff, 0xfe, 
	0xff, 0xfe, 0xff, 0xfe, 0xff, 0xff, 0xff, 0xff, 
	0xff, 0xff, 0xff, 0xff, 0xff, 0xff, 0xff, 0xff, 
	0xff, 0xff, 0xff, 0xff, 0xff, 0xff, 0xff, 0xff, 
	0xff, 0xff, 0xff, 0xfe, 0xff, 0xfe, 0xff, 0xfe, 
	0xff, 0xfe, 0xff, 0xfe, 0xff, 0xfe, 0xff, 0xff, 
	0xff, 0xff, 0xff, 0xff, 0xff, 0xff, 0xff, 0xff, 
	0xff, 0xff, 0xff, 0xff, 0xff, 0xff, 0xff, 0xff, 
	0xff, 0xff, 0xff, 0xff, 0xff, 0xfe, 0xff, 0xfe, 
	0xff, 0xfe, 0xff, 0xfe, 0xff, 0xff, 0xff, 0xff, 
	0xff, 0xff, 0xff, 0xff, 0xff, 0xff, 0xff, 0xff, 
	0xff, 0xff, 0xff, 0xff, 0xff, 0xff, 0xff, 0xff, 
	0xff, 0xff, 0xff, 0xfe, 0xff, 0xfe, 0xff, 0xfe, 
	0xff, 0xfe, 0xff, 0xfe, 0xff, 0xff, 0xff, 0xff, 
	0xff, 0xff, 0xff, 0xff, 0xff, 0xff, 0xff, 0xff, 
	0xff, 0xff, 0xff, 0xff, 0xff, 0xff, 0xff, 0xff, 
	0xff, 0xff, 0xff, 0xff, 0xff, 0xfe, 0xff, 0xfe, 
	0xff, 0xfe, 0xff, 0xff, 0xff, 0xff, 0xff, 0xff, 
	0xff, 0xff, 0xff, 0xff, 0xff, 0xff, 0xff, 0xff, 
	0xff, 0xff, 0xff, 0xff, 0xff, 0xff, 0xff, 0xff, 
	0xff, 0xff, 0xff, 0xff, 0xff, 0xfe, 0xff, 0xfe, 
	0xff, 0xfe, 0xff, 0xfe, 0xff, 0xff, 0xff, 0xff, 
	0xff, 0xff, 0xff, 0xff, 0xff, 0xff, 0xff, 0xff, 
	0xf7, 0xff, 0xff, 0xff, 0xff, 0xff, 0xff, 0xff, 
	0xff, 0xff, 0xff, 0xff, 0xff, 0xfe, 0xff, 0xfe, 
	0xff, 0xfe, 0xff, 0xff, 0xff, 0xff, 0xff, 0xff, 
	0xff, 0xff, 0xff, 0xff, 0xff, 0xff, 0xff, 0xff, 
	0xff, 0xff, 0xff, 0xff, 0xff, 0xff, 0xff, 0xff, 
	0xff, 0xff, 0xff, 0xff, 0xff, 0xfe, 0xff, 0xfe, 
	0xff, 0xfe, 0xff, 0xfe, 0xff, 0xff, 0xff, 0xff, 
	0xff, 0xff, 0xff, 0xff, 0xff, 0xff, 0xff, 0xff, 
	0xff, 0xff, 0xff, 0xff, 0xff, 0xff, 0xff, 0xff, 
	0xff, 0xff, 0xff, 0xff, 0xff, 0xff, 0xff, 0xfe, 
	0xff, 0xfe, 0xff, 0xff, 0xff, 0xff, 0xff, 0xff, 
	0xff, 0xff, 0xff, 0xff, 0x13, 0x39, 0x2b, 0xbb, 
	0x54, 0xbd, 0x44, 0x7d, 0xff, 0xff, 0xff, 0xff, 
	0xff, 0xff, 0xff, 0xff, 0xff, 0xfe, 0xff, 0xfe, 
	0xff, 0xfe, 0xff, 0xfe, 0xff, 0xff, 0xff, 0xff, 
	0xff, 0xff, 0xff, 0xff, 0x23, 0xbb, 0x1b, 0x7b, 
	0x1b, 0x79, 0x2b, 0xbb, 0xff, 0xff, 0xff, 0xff, 
	0xff, 0xff, 0xff, 0xff, 0xff, 0xff, 0xff, 0xfe, 
	0xff, 0xfe, 0xff, 0xff, 0xff, 0xff, 0xff, 0xff, 
	0xe7, 0xbf, 0x33, 0xfb, 0x2b, 0xbb, 0x23, 0xbb, 
	0x1b, 0x35, 0x12, 0xf7, 0x85, 0xbf, 0xff, 0xff, 
	0xff, 0xff, 0xff, 0xff, 0xff, 0xfe, 0xff, 0xfe, 
	0xff, 0xfe, 0xff, 0xfe, 0xff, 0xff, 0xff, 0xff, 
	0xff, 0xff, 0x4c, 0xbf, 0x12, 0xf7, 0x23, 0x37, 
	0x23, 0xbb, 0x1b, 0x39, 0x5c, 0xff, 0xff, 0xff, 
	0xff, 0xff, 0xff, 0xff, 0xff, 0xff, 0xff, 0xfe, 
	0xff, 0xfe, 0xff, 0xff, 0xff, 0xff, 0xff, 0xff, 
	0x4b, 0xf7, 0x4b, 0xf7, 0x09, 0x9f, 0x19, 0x57, 
	0x11, 0xe9, 0x1a, 0xf5, 0x4c, 0x39, 0xff, 0xff, 
	0xff, 0xff, 0xff, 0xff, 0xff, 0xfe, 0xff, 0xfe, 
	0xff, 0xfe, 0xff, 0xfe, 0xff, 0xff, 0xff, 0xff, 
	0xd7, 0x3f, 0x1a, 0xb1, 0x00, 0x53, 0x00, 0x93, 
	0x1a, 0xf5, 0x23, 0xbb, 0x2b, 0xbb, 0xdf, 0x7f, 
	0xff, 0xff, 0xff, 0xff, 0xff, 0xff, 0xff, 0xfe, 
	0xff, 0xfe, 0xff, 0xff, 0xff, 0xff, 0xff, 0xff, 
	0x22, 0xef, 0x09, 0x19, 0x00, 0x01, 0x00, 0x01, 
	0x00, 0x01, 0x11, 0xe9, 0x1a, 0xf5, 0xff, 0xff, 
	0xff, 0xff, 0xff, 0xff, 0xff, 0xfe, 0xff, 0xfe, 
	0xff, 0xfe, 0xff, 0xfe, 0xff, 0xff, 0xff, 0xff, 
	0x8d, 0xbf, 0x00, 0x0b, 0x00, 0x01, 0x00, 0x01, 
	0x09, 0x1d, 0x23, 0xbb, 0x1b, 0x7b, 0x9e, 0x3f, 
	0xff, 0xff, 0xff, 0xff, 0xff, 0xff, 0xff, 0xfe, 
	0xff, 0xfe, 0xff, 0xff, 0xff, 0xff, 0x6d, 0x3f, 
	0x22, 0xef, 0x00, 0x01, 0x00, 0x01, 0x00, 0x01, 
	0x00, 0x4b, 0x00, 0x01, 0x23, 0xbb, 0xbe, 0xbf, 
	0xff, 0xff, 0xff, 0xff, 0xff, 0xfe, 0xff, 0xfe, 
	0xff, 0xfe, 0xff, 0xfe, 0xff, 0xff, 0xff, 0xff, 
	0x5c, 0x35, 0x00, 0x01, 0x00, 0x01, 0x00, 0x01, 
	0x00, 0x05, 0x1b, 0x35, 0x1b, 0x7b, 0x7d, 0x7f, 
	0xff, 0xff, 0xff, 0xff, 0xff, 0xfe, 0xff, 0xfe, 
	0xff, 0xfe, 0xff, 0xfe, 0xff, 0xff, 0x4b, 0xf7, 
	0x11, 0xe9, 0x00, 0x01, 0x00, 0x01, 0x00, 0x8f, 
	0x00, 0x01, 0x00, 0x01, 0x23, 0xbb, 0x23, 0xbb, 
	0xff, 0xff, 0xff, 0xfe, 0xff, 0xfe, 0xff, 0xfe, 
	0xff, 0xfe, 0xff, 0xfe, 0xff, 0xff, 0xff, 0xff, 
	0x32, 0xe9, 0x00, 0x01, 0x00, 0x8d, 0x00, 0x01, 
	0x00, 0x01, 0x12, 0x2d, 0x1b, 0x7b, 0x65, 0x3f, 
	0xff, 0xff, 0xff, 0xff, 0xff, 0xfe, 0xff, 0xfe, 
	0xff, 0xfe, 0xff, 0xfe, 0xff, 0xff, 0x1a, 0xf5, 
	0x11, 0xe9, 0x00, 0x01, 0x53, 0xab, 0xd6, 0xff, 
	0x32, 0x61, 0x00, 0x01, 0x11, 0xe9, 0x23, 0xbb, 
	0xff, 0xff, 0xff, 0xfe, 0xff, 0xfe, 0xff, 0xfe, 
	0xff, 0xfe, 0xff, 0xfe, 0xff, 0xfe, 0xf7, 0xff, 
	0x19, 0xe1, 0x6c, 0x31, 0xd6, 0xff, 0x21, 0xdd, 
	0x00, 0x01, 0x11, 0xe9, 0x1b, 0x7b, 0x54, 0xbd, 
	0xff, 0xff, 0xff, 0xff, 0xff, 0xfe, 0xff, 0xfe, 
	0xff, 0xfe, 0xff, 0xfe, 0xff, 0xff, 0x11, 0xe9, 
	0x11, 0x9f, 0x00, 0x01, 0xa5, 0xfb, 0xff, 0xff, 
	0x74, 0x71, 0x00, 0x01, 0x11, 0xe9, 0x23, 0xbb, 
	0xff, 0xff, 0xff, 0xfe, 0xff, 0xfe, 0xff, 0xfe, 
	0xff, 0xfe, 0xff, 0xfe, 0xff, 0xfe, 0xf7, 0xbf, 
	0x11, 0x9f, 0xbe, 0x7f, 0xff, 0xff, 0x5b, 0xed, 
	0x00, 0x01, 0x09, 0xe7, 0x23, 0x7b, 0x44, 0x7d, 
	0xff, 0xff, 0xff, 0xfe, 0xff, 0xfe, 0xff, 0xfe, 
	0xff, 0xfe, 0xff, 0xfe, 0xff, 0xfe, 0x22, 0xef, 
	0x11, 0xa1, 0x00, 0x01, 0x4b, 0x69, 0xbe, 0x7f, 
	0x2a, 0x1f, 0x00, 0x01, 0x11, 0xe9, 0x23, 0xbb, 
	0xff, 0xfe, 0xff, 0xfe, 0xff, 0xfe, 0xff, 0xfe, 
	0xff, 0xfe, 0xff, 0xfe, 0xff, 0xfe, 0xf7, 0xfe, 
	0x19, 0xe1, 0x5b, 0xed, 0xbe, 0x7f, 0x19, 0x9b, 
	0x00, 0x01, 0x11, 0xe9, 0x1b, 0x7b, 0x54, 0xbf, 
	0xff, 0xff, 0xff, 0xfe, 0xff, 0xfe, 0xff, 0xfe, 
	0xff, 0xfe, 0xff, 0xfe, 0xff, 0xfe, 0x22, 0xef, 
	0x11, 0xe3, 0x00, 0x01, 0x00, 0x01, 0x00, 0x47, 
	0x00, 0x01, 0x08, 0x43, 0x11, 0xe9, 0x23, 0xbb, 
	0xff, 0xfe, 0xff, 0xfe, 0xff, 0xfe, 0xff, 0xfe, 
	0xff, 0xfe, 0xff, 0xfe, 0xff, 0xfe, 0xff, 0xfe, 
	0x2a, 0xa9, 0x00, 0x01, 0x00, 0x01, 0x00, 0x01, 
	0x00, 0x01, 0x12, 0x2b, 0x1b, 0x7b, 0x6d, 0x3f, 
	0xff, 0xfe, 0xff, 0xfe, 0xff, 0xfe, 0xff, 0xfe, 
	0xff, 0xfe, 0xff, 0xfe, 0xff, 0xfe, 0x6d, 0x3e, 
	0x22, 0xef, 0x00, 0x01, 0x00, 0x01, 0x00, 0x01, 
	0x00, 0x01, 0x11, 0xe9, 0x23, 0xbb, 0x9d, 0xfc, 
	0xff, 0xfe, 0xff, 0xfe, 0xff, 0xfe, 0xff, 0xfe, 
	0xff, 0xfe, 0xff, 0xfe, 0xff, 0xfe, 0xff, 0xfe, 
	0x53, 0xf2, 0x00, 0x01, 0x00, 0x01, 0x00, 0x01, 
	0x00, 0x05, 0x1a, 0xf3, 0x1b, 0x7b, 0x7d, 0x7f, 
	0xff, 0xfe, 0xff, 0xfe, 0xff, 0xfe, 0xff, 0xfe, 
	0xff, 0xfe, 0xff, 0xfe, 0xff, 0xfe, 0xff, 0xfe, 
	0x5c, 0xbc, 0x00, 0x04, 0x00, 0x01, 0x00, 0x01, 
	0x00, 0x01, 0x1a, 0xf4, 0x23, 0xba, 0xff, 0xfe, 
	0xff, 0xfe, 0xff, 0xfe, 0xff, 0xfe, 0xff, 0xfe, 
	0xff, 0xfe, 0xff, 0xfe, 0xff, 0xfe, 0xff, 0xfe, 
	0x85, 0xbc, 0x00, 0x00, 0x00, 0x01, 0x00, 0x01, 
	0x00, 0xd9, 0x23, 0x79, 0x1b, 0x7a, 0xa6, 0x7e, 
	0xff, 0xfe, 0xff, 0xfe, 0xff, 0xfe, 0xff, 0xfe, 
	0xff, 0xfe, 0xff, 0xfe, 0xff, 0xfe, 0xff, 0xfe, 
	0x4b, 0xf6, 0x12, 0x6c, 0x00, 0x00, 0x00, 0x06, 
	0x11, 0xe8, 0x23, 0xba, 0x3b, 0xf8, 0xff, 0xfe, 
	0xff, 0xfe, 0xff, 0xfe, 0xff, 0xfe, 0xff, 0xfe, 
	0xff, 0xfe, 0xff, 0xfe, 0xff, 0xfe, 0xff, 0xfe, 
	0xcf, 0x3e, 0x11, 0xe8, 0x00, 0x00, 0x00, 0x00, 
	0x12, 0x6e, 0x23, 0xba, 0x2b, 0xba, 0xe7, 0x7e, 
	0xff, 0xfe, 0xff, 0xfe, 0xff, 0xfe, 0xff, 0xfe, 
	
};

Texture monteman_mario_eyes_dead_rgba16_ia8[] = {
	0x00, 0x00, 0x01, 0x01, 0x01, 0x00, 0x00, 0x00, 
	0x00, 0x00, 0x00, 0x01, 0x01, 0x01, 0x00, 0x00, 
	0x00, 0x02, 0x07, 0x09, 0x05, 0x02, 0x00, 0x00, 
	0x00, 0x00, 0x02, 0x05, 0x08, 0x08, 0x07, 0x03, 
	0x00, 0x02, 0x0a, 0x0f, 0x0b, 0x06, 0x01, 0x00, 
	0x00, 0x01, 0x06, 0x0b, 0x0f, 0x0c, 0x06, 0x02, 
	0x00, 0x02, 0x09, 0x0d, 0x0f, 0x09, 0x03, 0x01, 
	0x01, 0x03, 0x09, 0x0f, 0x0f, 0x0a, 0x03, 0x00, 
	0x00, 0x01, 0x03, 0x08, 0x0f, 0x0c, 0x07, 0x03, 
	0x03, 0x07, 0x0c, 0x0f, 0x0a, 0x05, 0x01, 0x00, 
	0x00, 0x00, 0x01, 0x03, 0x07, 0x0d, 0x0d, 0x09, 
	0x09, 0x0d, 0x0f, 0x0f, 0x07, 0x01, 0x00, 0x00, 
	0x00, 0x00, 0x00, 0x00, 0x04, 0x0b, 0x0e, 0x0f, 
	0x0f, 0x0f, 0x0e, 0x08, 0x04, 0x00, 0x00, 0x00, 
	0x00, 0x00, 0x00, 0x00, 0x02, 0x06, 0x0b, 0x0f, 
	0x0f, 0x0f, 0x0c, 0x05, 0x01, 0x00, 0x00, 0x00, 
	0x00, 0x00, 0x00, 0x00, 0x02, 0x07, 0x0b, 0x0f, 
	0x0f, 0x0c, 0x07, 0x02, 0x00, 0x00, 0x00, 0x00, 
	0x00, 0x00, 0x00, 0x01, 0x05, 0x0c, 0x0f, 0x0f, 
	0x0f, 0x0c, 0x07, 0x03, 0x00, 0x00, 0x00, 0x00, 
	0x00, 0x00, 0x01, 0x04, 0x08, 0x0f, 0x0e, 0x09, 
	0x09, 0x0d, 0x0c, 0x07, 0x03, 0x01, 0x00, 0x00, 
	0x00, 0x01, 0x04, 0x09, 0x0e, 0x0f, 0x0c, 0x05, 
	0x05, 0x0b, 0x0f, 0x0f, 0x09, 0x04, 0x01, 0x00, 
	0x00, 0x03, 0x0a, 0x0f, 0x0f, 0x0b, 0x07, 0x02, 
	0x02, 0x06, 0x0b, 0x0f, 0x0e, 0x09, 0x02, 0x00, 
	0x01, 0x04, 0x0c, 0x0f, 0x0f, 0x08, 0x02, 0x00, 
	0x00, 0x02, 0x05, 0x0a, 0x0f, 0x0b, 0x03, 0x00, 
	0x00, 0x02, 0x07, 0x08, 0x07, 0x04, 0x01, 0x00, 
	0x00, 0x00, 0x01, 0x04, 0x07, 0x07, 0x02, 0x00, 
	0x00, 0x00, 0x01, 0x01, 0x01, 0x00, 0x00, 0x00, 
	0x00, 0x00, 0x00, 0x00, 0x00, 0x01, 0x00, 0x00, 
	
};

Texture monteman_mario_eyes_half_closed_rgba16_rgba16[] = {
	0xff, 0xfe, 0xff, 0xfe, 0xff, 0xfe, 0xff, 0xfe, 
	0xff, 0xfe, 0xff, 0xfe, 0xff, 0xfe, 0xff, 0xfe, 
	0xff, 0xfe, 0xff, 0xfe, 0xff, 0xfe, 0xff, 0xfe, 
	0xff, 0xfe, 0xff, 0xfe, 0xff, 0xfe, 0xff, 0xfe, 
	0xff, 0xfe, 0xff, 0xfe, 0xff, 0xfe, 0xff, 0xfe, 
	0xff, 0xfe, 0xff, 0xfe, 0xff, 0xfe, 0xff, 0xfe, 
	0xff, 0xfe, 0xff, 0xfe, 0xff, 0xfe, 0xff, 0xfe, 
	0xff, 0xfe, 0xff, 0xfe, 0xff, 0xfe, 0xff, 0xfe, 
	0xff, 0xfe, 0xff, 0xfe, 0xff, 0xfe, 0xff, 0xfe, 
	0xff, 0xfe, 0xff, 0xfe, 0xff, 0xfe, 0xff, 0xfe, 
	0xff, 0xfe, 0xff, 0xfe, 0xff, 0xfe, 0xff, 0xfe, 
	0xff, 0xfe, 0xff, 0xfe, 0xff, 0xfe, 0xff, 0xfe, 
	0xff, 0xfe, 0xff, 0xfe, 0xff, 0xfe, 0xff, 0xfe, 
	0xff, 0xfe, 0xff, 0xfe, 0xff, 0xfe, 0xff, 0xfe, 
	0xff, 0xfe, 0xff, 0xfe, 0xff, 0xfe, 0xff, 0xfe, 
	0xff, 0xfe, 0xff, 0xfe, 0xff, 0xfe, 0xff, 0xfe, 
	0xff, 0xfe, 0xff, 0xfe, 0xff, 0xfe, 0xff, 0xfe, 
	0xff, 0xfe, 0xff, 0xfe, 0xff, 0xfe, 0xff, 0xfe, 
	0xff, 0xfe, 0xff, 0xfe, 0xff, 0xfe, 0xff, 0xfe, 
	0xff, 0xfe, 0xff, 0xfe, 0xff, 0xfe, 0xff, 0xfe, 
	0xff, 0xfe, 0xff, 0xfe, 0xff, 0xfe, 0xff, 0xfe, 
	0xff, 0xfe, 0xff, 0xfe, 0xff, 0xfe, 0xff, 0xfe, 
	0xff, 0xfe, 0xff, 0xfe, 0xff, 0xfe, 0xff, 0xfe, 
	0xff, 0xfe, 0xff, 0xfe, 0xff, 0xfe, 0xff, 0xfe, 
	0xff, 0xfe, 0xff, 0xfe, 0xff, 0xfe, 0x08, 0x02, 
	0x08, 0x02, 0x08, 0x02, 0x08, 0x02, 0x08, 0x02, 
	0x08, 0x02, 0x08, 0x02, 0xff, 0xfe, 0xff, 0xfe, 
	0xff, 0xfe, 0xff, 0xfe, 0xff, 0xfe, 0xff, 0xfe, 
	0xff, 0xfe, 0xff, 0xfe, 0xff, 0xfe, 0xff, 0xfe, 
	0xff, 0xfe, 0xff, 0xfe, 0xff, 0xfe, 0x08, 0x02, 
	0x08, 0x02, 0x08, 0x02, 0x08, 0x02, 0x08, 0x02, 
	0xff, 0xfe, 0xff, 0xfe, 0xff, 0xfe, 0xff, 0xfe, 
	0xff, 0xfe, 0xff, 0xfe, 0x08, 0x02, 0x08, 0x02, 
	0x18, 0x87, 0x00, 0x01, 0x08, 0x03, 0x08, 0x01, 
	0x10, 0x43, 0x08, 0x02, 0x08, 0x02, 0xff, 0xfe, 
	0xff, 0xfe, 0xff, 0xfe, 0xff, 0xfe, 0xff, 0xfe, 
	0xff, 0xfe, 0xff, 0xfe, 0xff, 0xfe, 0xff, 0xfe, 
	0xff, 0xfe, 0xff, 0xfe, 0x08, 0x02, 0x08, 0x43, 
	0x08, 0x01, 0x08, 0x03, 0x08, 0x03, 0x08, 0x03, 
	0x08, 0x02, 0xff, 0xfe, 0xff, 0xfe, 0xff, 0xfe, 
	0xff, 0xfe, 0x08, 0x02, 0x08, 0x02, 0x08, 0x43, 
	0x08, 0x03, 0x08, 0x03, 0x08, 0x03, 0x08, 0x03, 
	0x08, 0x43, 0x08, 0x03, 0x08, 0x02, 0x08, 0x02, 
	0xff, 0xfe, 0xff, 0xfe, 0xff, 0xfe, 0xff, 0xfe, 
	0xff, 0xfe, 0xff, 0xfe, 0xff, 0xfe, 0xff, 0xfe, 
	0x08, 0x02, 0x08, 0x02, 0x08, 0x01, 0x08, 0x43, 
	0x08, 0x01, 0x08, 0x03, 0x08, 0x01, 0x08, 0x03, 
	0x10, 0x45, 0x08, 0x02, 0xff, 0xfe, 0xff, 0xfe, 
	0xff, 0xfe, 0x08, 0x02, 0x29, 0x4b, 0x00, 0x01, 
	0x41, 0xcf, 0x08, 0x02, 0x08, 0x02, 0x08, 0x02, 
	0x31, 0x8d, 0x00, 0x01, 0x20, 0xc9, 0x08, 0x02, 
	0xff, 0xfe, 0xff, 0xfe, 0xff, 0xfe, 0xff, 0xfe, 
	0xff, 0xfe, 0xff, 0xfe, 0xff, 0xfe, 0xff, 0xfe, 
	0x08, 0x02, 0x18, 0x85, 0x08, 0x01, 0x39, 0x8f, 
	0x08, 0x02, 0x08, 0x02, 0x08, 0x02, 0x41, 0xcf, 
	0x00, 0x01, 0x39, 0x8f, 0x08, 0x02, 0xff, 0xfe, 
	0xff, 0xfe, 0x08, 0x02, 0x08, 0x03, 0x08, 0x02, 
	0x08, 0x02, 0x08, 0x02, 0xff, 0xfe, 0xff, 0xfe, 
	0x08, 0x02, 0x08, 0x02, 0x18, 0xc7, 0x08, 0x02, 
	0xff, 0xfe, 0xff, 0xfe, 0xff, 0xfe, 0xff, 0xfe, 
	0xff, 0xfe, 0xff, 0xfe, 0xff, 0xfe, 0xff, 0xfe, 
	0x08, 0x02, 0x20, 0xc7, 0x08, 0x02, 0x08, 0x02, 
	0x08, 0x02, 0xff, 0xfe, 0x08, 0x02, 0x08, 0x02, 
	0x08, 0x02, 0x08, 0x03, 0x08, 0x02, 0xff, 0xfe, 
	0xff, 0xfe, 0x08, 0x02, 0x08, 0x02, 0x08, 0x02, 
	0xff, 0xfe, 0xff, 0xfe, 0xff, 0xfe, 0xff, 0xfe, 
	0xff, 0xfe, 0xff, 0xfe, 0x08, 0x02, 0x08, 0x02, 
	0xff, 0xfe, 0xff, 0xfe, 0xff, 0xfe, 0xff, 0xfe, 
	0xff, 0xfe, 0xff, 0xfe, 0xff, 0xfe, 0xff, 0xfe, 
	0xff, 0xfe, 0x08, 0x02, 0x08, 0x02, 0xff, 0xfe, 
	0xff, 0xfe, 0xff, 0xfe, 0xff, 0xfe, 0xff, 0xfe, 
	0xff, 0xfe, 0x08, 0x02, 0xff, 0xfe, 0xff, 0xfe, 
	0xff, 0xfe, 0xff, 0xfe, 0xff, 0xfe, 0xff, 0xfe, 
	0xff, 0xfe, 0xff, 0xfe, 0xff, 0xfe, 0xff, 0xfe, 
	0xff, 0xfe, 0xff, 0xfe, 0xff, 0xfe, 0xff, 0xfe, 
	0xff, 0xfe, 0xff, 0xfe, 0xff, 0xfe, 0xff, 0xfe, 
	0xff, 0xfe, 0xff, 0xfe, 0xff, 0xfe, 0xff, 0xfe, 
	0xff, 0xfe, 0xff, 0xfe, 0xff, 0xfe, 0xff, 0xfe, 
	0xff, 0xfe, 0xff, 0xfe, 0xff, 0xfe, 0xff, 0xfe, 
	0xff, 0xfe, 0xff, 0xfe, 0xff, 0xfe, 0xff, 0xfe, 
	0xff, 0xfe, 0xff, 0xfe, 0xff, 0xfe, 0xff, 0xfe, 
	0xff, 0xfe, 0xff, 0xfe, 0xff, 0xfe, 0xff, 0xfe, 
	0xff, 0xfe, 0xff, 0xfe, 0xff, 0xfe, 0xff, 0xfe, 
	0xff, 0xfe, 0xff, 0xfe, 0xff, 0xfe, 0xff, 0xfe, 
	0xff, 0xfe, 0xff, 0xfe, 0xff, 0xfe, 0xff, 0xfe, 
	0xff, 0xfe, 0xff, 0xfe, 0xff, 0xfe, 0xff, 0xfe, 
	0xff, 0xfe, 0xff, 0xfe, 0xff, 0xfe, 0xff, 0xfe, 
	0xff, 0xfe, 0xff, 0xfe, 0xff, 0xfe, 0xff, 0xfe, 
	0xff, 0xfe, 0xff, 0xfe, 0xff, 0xfe, 0xff, 0xfe, 
	0xff, 0xfe, 0xff, 0xfe, 0xff, 0xfe, 0xff, 0xfe, 
	0xff, 0xfe, 0xff, 0xfe, 0xff, 0xfe, 0xff, 0xfe, 
	0xff, 0xfe, 0xff, 0xfe, 0xff, 0xfe, 0xff, 0xfe, 
	0xff, 0xfe, 0xff, 0xfe, 0xff, 0xfe, 0xff, 0xfe, 
	0xff, 0xfe, 0xff, 0xfe, 0xff, 0xfe, 0xff, 0xfe, 
	0xff, 0xfe, 0xff, 0xfe, 0xff, 0xfe, 0xff, 0xfe, 
	0xff, 0xfe, 0xff, 0xfe, 0xff, 0xfe, 0xff, 0xfe, 
	0xff, 0xfe, 0xff, 0xfe, 0xff, 0xfe, 0xff, 0xfe, 
	0xff, 0xfe, 0xff, 0xfe, 0xff, 0xfe, 0xff, 0xfe, 
	0xff, 0xfe, 0xff, 0xfe, 0xff, 0xfe, 0xff, 0xfe, 
	0xff, 0xfe, 0xff, 0xfe, 0xff, 0xfe, 0xff, 0xfe, 
	0xff, 0xfe, 0xff, 0xfe, 0xff, 0xfe, 0xff, 0xfe, 
	0xff, 0xfe, 0xff, 0xfe, 0xff, 0xfe, 0xff, 0xfe, 
	0xff, 0xfe, 0xff, 0xfe, 0xff, 0xfe, 0xff, 0xfe, 
	0xff, 0xfe, 0xff, 0xfe, 0xff, 0xfe, 0xff, 0xfe, 
	0xff, 0xfe, 0xff, 0xfe, 0xff, 0xfe, 0xff, 0xfe, 
	0xff, 0xfe, 0xff, 0xfe, 0xff, 0xfe, 0xff, 0xfe, 
	0xff, 0xfe, 0xff, 0xfe, 0xff, 0xfe, 0xff, 0xfe, 
	0xff, 0xfe, 0xff, 0xfe, 0xff, 0xfe, 0xff, 0xfe, 
	0xff, 0xfe, 0xff, 0xfe, 0xff, 0xfe, 0xff, 0xfe, 
	0xff, 0xfe, 0xff, 0xfe, 0xff, 0xfe, 0xff, 0xfe, 
	0xff, 0xfe, 0xff, 0xfe, 0xff, 0xfe, 0xff, 0xfe, 
	0xff, 0xfe, 0xff, 0xfe, 0xff, 0xfe, 0xff, 0xfe, 
	0xff, 0xfe, 0xff, 0xfe, 0xff, 0xfe, 0xff, 0xfe, 
	0xff, 0xfe, 0xff, 0xfe, 0xff, 0xfe, 0xff, 0xfe, 
	0xff, 0xfe, 0xff, 0xfe, 0xff, 0xfe, 0xff, 0xfe, 
	0xff, 0xfe, 0xff, 0xfe, 0xff, 0xfe, 0xff, 0xfe, 
	0xff, 0xfe, 0xff, 0xfe, 0xff, 0xfe, 0xff, 0xfe, 
	0xff, 0xfe, 0xff, 0xfe, 0xff, 0xfe, 0xff, 0xfe, 
	0xff, 0xfe, 0xff, 0xfe, 0xff, 0xfe, 0xff, 0xfe, 
	0xff, 0xfe, 0xff, 0xfe, 0xff, 0xfe, 0xff, 0xfe, 
	0xff, 0xfe, 0xff, 0xfe, 0xff, 0xfe, 0xff, 0xfe, 
	0xff, 0xfe, 0xff, 0xfe, 0xff, 0xfe, 0xff, 0xfe, 
	0xff, 0xfe, 0xff, 0xfe, 0xff, 0xfe, 0xff, 0xfe, 
	0xff, 0xfe, 0xff, 0xfe, 0xff, 0xfe, 0xff, 0xfe, 
	0xff, 0xfe, 0xff, 0xfe, 0xff, 0xfe, 0xff, 0xfe, 
	0xff, 0xfe, 0xff, 0xfe, 0xff, 0xfe, 0xff, 0xfe, 
	0xff, 0xfe, 0xff, 0xfe, 0xff, 0xfe, 0xff, 0xfe, 
	0xff, 0xfe, 0xff, 0xfe, 0xff, 0xfe, 0xff, 0xfe, 
	0xff, 0xfe, 0xff, 0xfe, 0xff, 0xfe, 0x8c, 0x62, 
	0x73, 0x9d, 0x52, 0x95, 0x18, 0xc7, 0x00, 0x01, 
	0x00, 0x01, 0x00, 0x01, 0x00, 0x01, 0x00, 0x01, 
	0x42, 0x11, 0xff, 0xfe, 0xff, 0xfe, 0xff, 0xfe, 
	0xff, 0xfe, 0xff, 0xfe, 0xff, 0xfe, 0x42, 0x11, 
	0x00, 0x01, 0x00, 0x01, 0x00, 0x01, 0x00, 0x01, 
	0x18, 0xc7, 0x21, 0x09, 0x52, 0x95, 0x8c, 0x63, 
	0x8c, 0x62, 0xff, 0xfe, 0xff, 0xfe, 0xff, 0xfe, 
	0xff, 0xfe, 0x84, 0x21, 0x9c, 0xe7, 0x73, 0x9d, 
	0x42, 0x11, 0x21, 0x09, 0x18, 0xc7, 0x00, 0x01, 
	0x00, 0x01, 0x00, 0x01, 0x00, 0x01, 0x00, 0x01, 
	0x00, 0x01, 0x32, 0xe9, 0xff, 0xfe, 0xff, 0xfe, 
	0xff, 0xfe, 0xff, 0xfe, 0x00, 0x01, 0x00, 0x01, 
	0x00, 0x01, 0x00, 0x01, 0x00, 0x01, 0x00, 0x01, 
	0x00, 0x01, 0x21, 0x09, 0x21, 0x09, 0x42, 0x11, 
	0x73, 0x9d, 0x8c, 0x63, 0x9c, 0xe7, 0xff, 0xfe, 
	0xff, 0xfe, 0xff, 0xff, 0xff, 0xff, 0xff, 0xff, 
	0xff, 0xff, 0xff, 0xff, 0x54, 0xbd, 0x1b, 0x7b, 
	0x11, 0xe9, 0x00, 0x01, 0x21, 0xdd, 0xd6, 0xff, 
	0x6c, 0x31, 0x19, 0xe1, 0xf7, 0xfe, 0xff, 0xfe, 
	0xff, 0xfe, 0xff, 0xfe, 0x53, 0xef, 0x32, 0x61, 
	0xd6, 0xff, 0x53, 0xab, 0x00, 0x01, 0x09, 0x1d, 
	0x23, 0x7b, 0x2b, 0xbb, 0xe7, 0x7f, 0xff, 0xff, 
	0xff, 0xff, 0xff, 0xff, 0xff, 0xff, 0xff, 0xfe, 
	0xff, 0xfe, 0xff, 0xff, 0xff, 0xff, 0xff, 0xff, 
	0xff, 0xff, 0xff, 0xff, 0x44, 0x7d, 0x23, 0x7b, 
	0x09, 0xe7, 0x00, 0x01, 0x5b, 0xed, 0xff, 0xff, 
	0xbe, 0x7f, 0x11, 0x9f, 0xf7, 0xbe, 0xff, 0xfe, 
	0xff, 0xfe, 0xff, 0xfe, 0x43, 0x2b, 0x74, 0x71, 
	0xff, 0xff, 0xa5, 0xfb, 0x00, 0x01, 0x00, 0xd9, 
	0x23, 0x79, 0x2b, 0xbb, 0xdf, 0x7f, 0xff, 0xff, 
	0xff, 0xff, 0xff, 0xff, 0xff, 0xff, 0xff, 0xfe, 
	0xff, 0xfe, 0xff, 0xff, 0xff, 0xff, 0xff, 0xff, 
	0xff, 0xff, 0xff, 0xff, 0x54, 0xbf, 0x1b, 0x7b, 
	0x11, 0xe9, 0x00, 0x01, 0x19, 0x9b, 0xbe, 0x7f, 
	0x5b, 0xed, 0x19, 0xe1, 0xf7, 0xfe, 0xff, 0xfe, 
	0xff, 0xfe, 0xff, 0xfe, 0x4b, 0xaf, 0x2a, 0x1f, 
	0xbe, 0x7f, 0x4b, 0x69, 0x00, 0x01, 0x01, 0x1d, 
	0x23, 0x79, 0x2b, 0xfb, 0xef, 0xbf, 0xff, 0xff, 
	0xff, 0xff, 0xff, 0xff, 0xff, 0xff, 0xff, 0xfe, 
	0xff, 0xfe, 0xff, 0xff, 0xff, 0xff, 0xff, 0xff, 
	0xff, 0xff, 0xff, 0xff, 0x6d, 0x3f, 0x1b, 0x7b, 
	0x12, 0x2b, 0x00, 0x01, 0x00, 0x01, 0x00, 0x01, 
	0x00, 0x01, 0x2a, 0xa9, 0xff, 0xfe, 0xff, 0xfe, 
	0xff, 0xfe, 0xff, 0xfe, 0x64, 0x75, 0x00, 0x01, 
	0x00, 0x05, 0x00, 0x01, 0x00, 0x01, 0x09, 0x61, 
	0x23, 0x7b, 0x33, 0xfd, 0xf7, 0xff, 0xff, 0xff, 
	0xff, 0xff, 0xff, 0xff, 0xff, 0xff, 0xff, 0xfe, 
	0xff, 0xfe, 0xff, 0xfe, 0xff, 0xff, 0xff, 0xff, 
	0xff, 0xff, 0xff, 0xff, 0x7d, 0x7f, 0x1b, 0x7b, 
	0x1a, 0xf3, 0x00, 0x05, 0x00, 0x01, 0x00, 0x01, 
	0x00, 0x01, 0x53, 0xf3, 0xff, 0xfe, 0xff, 0xfe, 
	0xff, 0xfe, 0xff, 0xfe, 0x8d, 0x7d, 0x00, 0x01, 
	0x00, 0x01, 0x00, 0x01, 0x00, 0x01, 0x12, 0x29, 
	0x1b, 0xbb, 0x4c, 0x7d, 0xff, 0xff, 0xff, 0xff, 
	0xff, 0xff, 0xff, 0xff, 0xff, 0xff, 0xff, 0xfe, 
	0xff, 0xfe, 0xff, 0xfe, 0xff, 0xff, 0xff, 0xff, 
	0xff, 0xff, 0xff, 0xff, 0xa6, 0x7f, 0x1b, 0x7b, 
	0x23, 0x79, 0x00, 0xd9, 0x00, 0x01, 0x00, 0x01, 
	0x00, 0x01, 0x85, 0xbd, 0xff, 0xfe, 0xff, 0xfe, 
	0xff, 0xfe, 0xff, 0xfe, 0xbe, 0xbe, 0x00, 0xd9, 
	0x00, 0x01, 0x00, 0x01, 0x00, 0x05, 0x1a, 0xf5, 
	0x1b, 0x7b, 0x75, 0x7f, 0xff, 0xff, 0xff, 0xff, 
	0xff, 0xff, 0xff, 0xff, 0xff, 0xfe, 0xff, 0xfe, 
	0xff, 0xfe, 0xff, 0xfe, 0xff, 0xff, 0xff, 0xff, 
	0xff, 0xff, 0xff, 0xff, 0xe7, 0x7f, 0x2b, 0xbb, 
	0x23, 0xbb, 0x12, 0x6f, 0x00, 0x01, 0x00, 0x01, 
	0x11, 0xe9, 0xcf, 0x3e, 0xff, 0xfe, 0xff, 0xfe, 
	0xff, 0xfe, 0xff, 0xfe, 0xf7, 0xfe, 0x2b, 0x75, 
	0x00, 0x0b, 0x00, 0x01, 0x09, 0xe7, 0x23, 0xbb, 
	0x1b, 0x7b, 0xb6, 0xbf, 0xff, 0xff, 0xff, 0xff, 
	0xff, 0xff, 0xff, 0xff, 0xff, 0xfe, 0xff, 0xfe, 
	0xff, 0xfe, 0xff, 0xfe, 0xff, 0xfe, 0xff, 0xff, 
	0xff, 0xff, 0xff, 0xff, 0xff, 0xff, 0x6d, 0x3f, 
	0x1b, 0x39, 0x23, 0xbb, 0x1a, 0xb3, 0x12, 0x71, 
	0x4c, 0x7d, 0xff, 0xfe, 0xff, 0xfe, 0xff, 0xfe, 
	0xff, 0xfe, 0xff, 0xfe, 0xff, 0xfe, 0x7d, 0x7f, 
	0x0a, 0x73, 0x12, 0xaf, 0x23, 0x79, 0x1b, 0x7b, 
	0x3c, 0x3d, 0xef, 0xbf, 0xff, 0xff, 0xff, 0xff, 
	0xff, 0xff, 0xff, 0xff, 0xff, 0xfe, 0xff, 0xfe, 
	0xff, 0xfe, 0xff, 0xfe, 0xff, 0xfe, 0xff, 0xff, 
	0xff, 0xff, 0xff, 0xff, 0xff, 0xff, 0xdf, 0x7f, 
	0x2b, 0xbb, 0x13, 0x39, 0x1b, 0x7b, 0x23, 0x7b, 
	0xb6, 0xbe, 0xff, 0xfe, 0xff, 0xfe, 0xff, 0xfe, 
	0xff, 0xfe, 0xff, 0xfe, 0xff, 0xfe, 0xe7, 0x7e, 
	0x3c, 0x3d, 0x13, 0x7b, 0x1b, 0x7b, 0x13, 0x39, 
	0xa6, 0x7f, 0xff, 0xff, 0xff, 0xff, 0xff, 0xff, 
	0xff, 0xff, 0xff, 0xfe, 0xff, 0xfe, 0xff, 0xfe, 
	0xff, 0xfe, 0xff, 0xfe, 0xff, 0xfe, 0xff, 0xfe, 
	0xff, 0xff, 0xff, 0xff, 0xff, 0xff, 0xff, 0xff, 
	0xc6, 0xff, 0x54, 0xbf, 0x4c, 0xbd, 0xb6, 0xbf, 
	0xff, 0xfe, 0xff, 0xfe, 0xff, 0xfe, 0xff, 0xfe, 
	0xff, 0xfe, 0xff, 0xfe, 0xff, 0xfe, 0xff, 0xfe, 
	0xcf, 0x3f, 0x5c, 0xff, 0x4c, 0x7d, 0xa6, 0x7f, 
	0xff, 0xff, 0xff, 0xff, 0xff, 0xff, 0xff, 0xff, 
	0xff, 0xff, 0xff, 0xfe, 0xff, 0xfe, 0xff, 0xfe, 
	0xff, 0xfe, 0xff, 0xfe, 0xff, 0xfe, 0xff, 0xfe, 
	0xff, 0xff, 0xff, 0xff, 0xff, 0xff, 0xff, 0xff, 
	0xff, 0xff, 0xff, 0xff, 0xff, 0xff, 0xff, 0xfe, 
	0xff, 0xfe, 0xff, 0xfe, 0xff, 0xfe, 0xff, 0xfe, 
	0xff, 0xfe, 0xff, 0xfe, 0xff, 0xfe, 0xff, 0xfe, 
	0xff, 0xfe, 0xff, 0xff, 0xff, 0xff, 0xff, 0xff, 
	0xff, 0xff, 0xff, 0xff, 0xff, 0xff, 0xff, 0xff, 
	0xff, 0xfe, 0xff, 0xfe, 0xff, 0xfe, 0xff, 0xfe, 
	0xff, 0xfe, 0xff, 0xfe, 0xff, 0xfe, 0xff, 0xfe, 
	0xff, 0xfe, 0xff, 0xfe, 0xff, 0xff, 0xff, 0xff, 
	0xff, 0xff, 0xff, 0xff, 0xff, 0xfe, 0xff, 0xfe, 
	0xff, 0xfe, 0xff, 0xfe, 0xff, 0xfe, 0xff, 0xfe, 
	0xff, 0xfe, 0xff, 0xfe, 0xff, 0xfe, 0xff, 0xfe, 
	0xff, 0xfe, 0xff, 0xfe, 0xff, 0xfe, 0xff, 0xff, 
	0xff, 0xff, 0xff, 0xff, 0xff, 0xfe, 0xff, 0xfe, 
	0xff, 0xfe, 0xff, 0xfe, 0xff, 0xfe, 0xff, 0xfe, 
	0xff, 0xfe, 0xff, 0xfe, 0xff, 0xfe, 0xff, 0xfe, 
	0xff, 0xfe, 0xff, 0xfe, 0xff, 0xfe, 0xff, 0xfe, 
	0xff, 0xfe, 0xff, 0xfe, 0xff, 0xfe, 0xff, 0xfe, 
	0xff, 0xfe, 0xff, 0xfe, 0xff, 0xfe, 0xff, 0xfe, 
	0xff, 0xfe, 0xff, 0xfe, 0xff, 0xfe, 0xff, 0xfe, 
	0xff, 0xfe, 0xff, 0xfe, 0xff, 0xfe, 0xff, 0xfe, 
	0xff, 0xfe, 0xff, 0xfe, 0xff, 0xfe, 0xff, 0xfe, 
	0xff, 0xfe, 0xff, 0xfe, 0xff, 0xfe, 0xff, 0xfe, 
	0xff, 0xfe, 0xff, 0xfe, 0xff, 0xfe, 0xff, 0xfe, 
	0xff, 0xfe, 0xff, 0xfe, 0xff, 0xfe, 0xff, 0xfe, 
	0xff, 0xfe, 0xff, 0xfe, 0xff, 0xfe, 0xff, 0xfe, 
	0xff, 0xfe, 0xff, 0xfe, 0xff, 0xfe, 0xff, 0xfe, 
	0xff, 0xfe, 0xff, 0xfe, 0xff, 0xfe, 0xff, 0xfe, 
	0xff, 0xfe, 0xff, 0xfe, 0xff, 0xfe, 0xff, 0xfe, 
	0xff, 0xfe, 0xff, 0xfe, 0xff, 0xfe, 0xff, 0xfe, 
	0xff, 0xfe, 0xff, 0xfe, 0xff, 0xfe, 0xff, 0xfe, 
	
};

Texture monteman_mario_eyes_closed_rgba16_rgba16[] = {
	0xff, 0xfe, 0xff, 0xfe, 0xff, 0xfe, 0xff, 0xfe, 
	0xff, 0xfe, 0xff, 0xfe, 0xff, 0xfe, 0xff, 0xfe, 
	0xff, 0xfe, 0xff, 0xfe, 0xff, 0xfe, 0xff, 0xfe, 
	0xff, 0xfe, 0xff, 0xfe, 0xff, 0xfe, 0xff, 0xfe, 
	0xff, 0xfe, 0xff, 0xfe, 0xff, 0xfe, 0xff, 0xfe, 
	0xff, 0xfe, 0xff, 0xfe, 0xff, 0xfe, 0xff, 0xfe, 
	0xff, 0xfe, 0xff, 0xfe, 0xff, 0xfe, 0xff, 0xfe, 
	0xff, 0xfe, 0xff, 0xfe, 0xff, 0xfe, 0xff, 0xfe, 
	0xff, 0xfe, 0xff, 0xfe, 0xff, 0xfe, 0xff, 0xfe, 
	0xff, 0xfe, 0xff, 0xfe, 0xff, 0xfe, 0xff, 0xfe, 
	0xff, 0xfe, 0xff, 0xfe, 0xff, 0xfe, 0xff, 0xfe, 
	0xff, 0xfe, 0xff, 0xfe, 0xff, 0xfe, 0xff, 0xfe, 
	0xff, 0xfe, 0xff, 0xfe, 0xff, 0xfe, 0xff, 0xfe, 
	0xff, 0xfe, 0xff, 0xfe, 0xff, 0xfe, 0xff, 0xfe, 
	0xff, 0xfe, 0xff, 0xfe, 0xff, 0xfe, 0xff, 0xfe, 
	0xff, 0xfe, 0xff, 0xfe, 0xff, 0xfe, 0xff, 0xfe, 
	0xff, 0xfe, 0xff, 0xfe, 0xff, 0xfe, 0xff, 0xfe, 
	0xff, 0xfe, 0xff, 0xfe, 0xff, 0xfe, 0xff, 0xfe, 
	0xff, 0xfe, 0xff, 0xfe, 0xff, 0xfe, 0xff, 0xfe, 
	0xff, 0xfe, 0xff, 0xfe, 0xff, 0xfe, 0xff, 0xfe, 
	0xff, 0xfe, 0xff, 0xfe, 0xff, 0xfe, 0xff, 0xfe, 
	0xff, 0xfe, 0xff, 0xfe, 0xff, 0xfe, 0xff, 0xfe, 
	0xff, 0xfe, 0xff, 0xfe, 0xff, 0xfe, 0xff, 0xfe, 
	0xff, 0xfe, 0xff, 0xfe, 0xff, 0xfe, 0xff, 0xfe, 
	0xff, 0xfe, 0xff, 0xfe, 0xff, 0xfe, 0x08, 0x02, 
	0x08, 0x02, 0x08, 0x02, 0x08, 0x02, 0x08, 0x02, 
	0x08, 0x02, 0x08, 0x02, 0xff, 0xfe, 0xff, 0xfe, 
	0xff, 0xfe, 0xff, 0xfe, 0xff, 0xfe, 0xff, 0xfe, 
	0xff, 0xfe, 0xff, 0xfe, 0xff, 0xfe, 0xff, 0xfe, 
	0xff, 0xfe, 0xff, 0xfe, 0x08, 0x02, 0x08, 0x02, 
	0x08, 0x02, 0x08, 0x02, 0x08, 0x02, 0x08, 0x02, 
	0x08, 0x02, 0xff, 0xfe, 0xff, 0xfe, 0xff, 0xfe, 
	0xff, 0xfe, 0xff, 0xfe, 0x08, 0x02, 0x08, 0x02, 
	0x18, 0x87, 0x00, 0x01, 0x08, 0x03, 0x08, 0x01, 
	0x10, 0x43, 0x08, 0x02, 0x08, 0x02, 0xff, 0xfe, 
	0xff, 0xfe, 0xff, 0xfe, 0xff, 0xfe, 0xff, 0xfe, 
	0xff, 0xfe, 0xff, 0xfe, 0xff, 0xfe, 0xff, 0xfe, 
	0xff, 0xfe, 0x08, 0x02, 0x08, 0x02, 0x08, 0x43, 
	0x08, 0x01, 0x08, 0x03, 0x00, 0x01, 0x18, 0x87, 
	0x08, 0x02, 0x08, 0x02, 0xff, 0xfe, 0xff, 0xfe, 
	0xff, 0xfe, 0x08, 0x02, 0x08, 0x02, 0x08, 0x43, 
	0x08, 0x03, 0x08, 0x03, 0x08, 0x03, 0x08, 0x03, 
	0x08, 0x43, 0x08, 0x03, 0x08, 0x02, 0xff, 0xfe, 
	0xff, 0xfe, 0xff, 0xfe, 0xff, 0xfe, 0xff, 0xfe, 
	0xff, 0xfe, 0xff, 0xfe, 0xff, 0xfe, 0xff, 0xfe, 
	0x08, 0x02, 0x08, 0x02, 0x08, 0x01, 0x08, 0x43, 
	0x08, 0x01, 0x08, 0x03, 0x08, 0x01, 0x08, 0x03, 
	0x10, 0x45, 0x08, 0x02, 0x08, 0x02, 0xff, 0xfe, 
	0xff, 0xfe, 0x08, 0x02, 0x29, 0x4b, 0x00, 0x01, 
	0x41, 0xcf, 0x08, 0x02, 0x08, 0x02, 0x08, 0x02, 
	0x31, 0x8d, 0x00, 0x01, 0x08, 0x03, 0x08, 0x02, 
	0xff, 0xfe, 0xff, 0xfe, 0xff, 0xfe, 0xff, 0xfe, 
	0xff, 0xfe, 0xff, 0xfe, 0xff, 0xfe, 0xff, 0xfe, 
	0x08, 0x02, 0x18, 0x85, 0x08, 0x01, 0x39, 0x8f, 
	0x08, 0x02, 0x08, 0x02, 0x08, 0x02, 0x08, 0x03, 
	0x00, 0x01, 0x39, 0x8f, 0x08, 0x02, 0xff, 0xfe, 
	0xff, 0xfe, 0x08, 0x02, 0x18, 0xc7, 0x08, 0x02, 
	0x08, 0x02, 0xff, 0xfe, 0xff, 0xfe, 0xff, 0xfe, 
	0xff, 0xfe, 0x08, 0x02, 0x18, 0xc7, 0x08, 0x02, 
	0xff, 0xfe, 0xff, 0xfe, 0xff, 0xfe, 0xff, 0xfe, 
	0xff, 0xfe, 0xff, 0xfe, 0xff, 0xfe, 0xff, 0xfe, 
	0x08, 0x02, 0x20, 0xc7, 0x08, 0x02, 0x08, 0x02, 
	0x08, 0x02, 0xff, 0xfe, 0xff, 0xfe, 0x08, 0x02, 
	0x08, 0x02, 0x18, 0x87, 0x08, 0x02, 0xff, 0xfe, 
	0xff, 0xfe, 0xff, 0xfe, 0x08, 0x02, 0x08, 0x02, 
	0xff, 0xfe, 0xff, 0xfe, 0xff, 0xfe, 0xff, 0xfe, 
	0xff, 0xfe, 0x08, 0x02, 0x08, 0x02, 0xff, 0xfe, 
	0xff, 0xfe, 0xff, 0xfe, 0xff, 0xfe, 0xff, 0xfe, 
	0xff, 0xfe, 0xff, 0xfe, 0xff, 0xfe, 0xff, 0xfe, 
	0x08, 0x02, 0x08, 0x02, 0x08, 0x02, 0xff, 0xfe, 
	0xff, 0xfe, 0xff, 0xfe, 0xff, 0xfe, 0xff, 0xfe, 
	0x08, 0x02, 0x08, 0x02, 0x08, 0x02, 0xff, 0xfe, 
	0xff, 0xfe, 0xff, 0xfe, 0xff, 0xfe, 0xff, 0xfe, 
	0xff, 0xfe, 0xff, 0xfe, 0xff, 0xfe, 0xff, 0xfe, 
	0xff, 0xfe, 0xff, 0xfe, 0xff, 0xfe, 0xff, 0xfe, 
	0xff, 0xfe, 0xff, 0xfe, 0xff, 0xfe, 0xff, 0xfe, 
	0xff, 0xfe, 0xff, 0xfe, 0xff, 0xfe, 0xff, 0xfe, 
	0xff, 0xfe, 0xff, 0xfe, 0xff, 0xfe, 0xff, 0xfe, 
	0xff, 0xfe, 0xff, 0xfe, 0xff, 0xfe, 0xff, 0xfe, 
	0xff, 0xfe, 0xff, 0xfe, 0xff, 0xfe, 0xff, 0xfe, 
	0xff, 0xfe, 0xff, 0xfe, 0xff, 0xfe, 0xff, 0xfe, 
	0xff, 0xfe, 0xff, 0xfe, 0xff, 0xfe, 0xff, 0xfe, 
	0xff, 0xfe, 0xff, 0xfe, 0xff, 0xfe, 0xff, 0xfe, 
	0xff, 0xfe, 0xff, 0xfe, 0xff, 0xfe, 0xff, 0xfe, 
	0xff, 0xfe, 0xff, 0xfe, 0xff, 0xfe, 0xff, 0xfe, 
	0xff, 0xfe, 0xff, 0xfe, 0xff, 0xfe, 0xff, 0xfe, 
	0xff, 0xfe, 0xff, 0xfe, 0xff, 0xfe, 0xff, 0xfe, 
	0xff, 0xfe, 0xff, 0xfe, 0xff, 0xfe, 0xff, 0xfe, 
	0xff, 0xfe, 0xff, 0xfe, 0xff, 0xfe, 0xff, 0xfe, 
	0xff, 0xfe, 0xff, 0xfe, 0xff, 0xfe, 0xff, 0xfe, 
	0xff, 0xfe, 0xff, 0xfe, 0xff, 0xfe, 0xff, 0xfe, 
	0xff, 0xfe, 0xff, 0xfe, 0xff, 0xfe, 0xff, 0xfe, 
	0xff, 0xfe, 0xff, 0xfe, 0xff, 0xfe, 0xff, 0xfe, 
	0xff, 0xfe, 0xff, 0xfe, 0xff, 0xfe, 0xff, 0xfe, 
	0xff, 0xfe, 0xff, 0xfe, 0xff, 0xfe, 0xff, 0xfe, 
	0xff, 0xfe, 0xff, 0xfe, 0xff, 0xfe, 0xff, 0xfe, 
	0xff, 0xfe, 0xff, 0xfe, 0xff, 0xfe, 0xff, 0xfe, 
	0xff, 0xfe, 0xff, 0xfe, 0xff, 0xfe, 0xff, 0xfe, 
	0xff, 0xfe, 0xff, 0xfe, 0xff, 0xfe, 0xff, 0xfe, 
	0xff, 0xfe, 0xff, 0xfe, 0xff, 0xfe, 0xff, 0xfe, 
	0xff, 0xfe, 0xff, 0xfe, 0xff, 0xfe, 0xff, 0xfe, 
	0xff, 0xfe, 0xff, 0xfe, 0xff, 0xfe, 0xff, 0xfe, 
	0xff, 0xfe, 0xff, 0xfe, 0xff, 0xfe, 0xff, 0xfe, 
	0xff, 0xfe, 0xff, 0xfe, 0xff, 0xfe, 0xff, 0xfe, 
	0xff, 0xfe, 0xff, 0xfe, 0xff, 0xfe, 0xff, 0xfe, 
	0xff, 0xfe, 0xff, 0xfe, 0xff, 0xfe, 0xff, 0xfe, 
	0xff, 0xfe, 0xff, 0xfe, 0xff, 0xfe, 0xff, 0xfe, 
	0xff, 0xfe, 0xff, 0xfe, 0xff, 0xfe, 0xff, 0xfe, 
	0xff, 0xfe, 0xff, 0xfe, 0xff, 0xfe, 0xff, 0xfe, 
	0xff, 0xfe, 0xff, 0xfe, 0xff, 0xfe, 0xff, 0xfe, 
	0xff, 0xfe, 0xff, 0xfe, 0xff, 0xfe, 0xff, 0xfe, 
	0xff, 0xfe, 0xff, 0xfe, 0xff, 0xfe, 0xff, 0xfe, 
	0xff, 0xfe, 0xff, 0xfe, 0xff, 0xfe, 0xff, 0xfe, 
	0xff, 0xfe, 0xff, 0xfe, 0xff, 0xfe, 0xff, 0xfe, 
	0xff, 0xfe, 0xff, 0xfe, 0xff, 0xfe, 0xff, 0xfe, 
	0xff, 0xfe, 0xff, 0xfe, 0xff, 0xfe, 0xff, 0xfe, 
	0xff, 0xfe, 0xff, 0xfe, 0xff, 0xfe, 0xff, 0xfe, 
	0xff, 0xfe, 0xff, 0xfe, 0xff, 0xfe, 0xff, 0xfe, 
	0xff, 0xfe, 0xff, 0xfe, 0xff, 0xfe, 0xff, 0xfe, 
	0xff, 0xfe, 0xff, 0xfe, 0xff, 0xfe, 0xff, 0xfe, 
	0xff, 0xfe, 0xff, 0xfe, 0xff, 0xfe, 0xff, 0xfe, 
	0xff, 0xfe, 0xff, 0xfe, 0xff, 0xfe, 0xff, 0xfe, 
	0xff, 0xfe, 0xff, 0xfe, 0xff, 0xfe, 0xff, 0xfe, 
	0xff, 0xfe, 0xff, 0xfe, 0xff, 0xfe, 0xff, 0xfe, 
	0xff, 0xfe, 0xff, 0xfe, 0xff, 0xfe, 0xff, 0xfe, 
	0xff, 0xfe, 0xff, 0xfe, 0xff, 0xfe, 0xff, 0xfe, 
	0xff, 0xfe, 0xff, 0xfe, 0xff, 0xfe, 0xff, 0xfe, 
	0xff, 0xfe, 0xff, 0xfe, 0xff, 0xfe, 0xff, 0xfe, 
	0xff, 0xfe, 0xff, 0xfe, 0xff, 0xfe, 0xff, 0xfe, 
	0xff, 0xfe, 0xff, 0xfe, 0xff, 0xfe, 0xff, 0xfe, 
	0xff, 0xfe, 0xff, 0xfe, 0xff, 0xfe, 0xff, 0xfe, 
	0xff, 0xfe, 0xff, 0xfe, 0xff, 0xfe, 0xff, 0xfe, 
	0xff, 0xfe, 0xff, 0xfe, 0xff, 0xfe, 0xff, 0xfe, 
	0xff, 0xfe, 0xff, 0xfe, 0xff, 0xfe, 0xff, 0xfe, 
	0xff, 0xfe, 0xff, 0xfe, 0xff, 0xfe, 0xff, 0xfe, 
	0xff, 0xfe, 0xff, 0xfe, 0xff, 0xfe, 0xff, 0xfe, 
	0xff, 0xfe, 0xff, 0xfe, 0xff, 0xfe, 0xff, 0xfe, 
	0xff, 0xfe, 0xff, 0xfe, 0xff, 0xfe, 0xff, 0xfe, 
	0xff, 0xfe, 0xff, 0xfe, 0xff, 0xfe, 0xff, 0xfe, 
	0xff, 0xfe, 0xff, 0xfe, 0xff, 0xfe, 0xff, 0xfe, 
	0xff, 0xfe, 0xff, 0xfe, 0xff, 0xfe, 0xff, 0xfe, 
	0xff, 0xfe, 0xff, 0xfe, 0xff, 0xfe, 0xff, 0xfe, 
	0xff, 0xfe, 0xff, 0xfe, 0xff, 0xfe, 0xff, 0xfe, 
	0xff, 0xfe, 0xff, 0xfe, 0xff, 0xfe, 0xff, 0xfe, 
	0xff, 0xfe, 0xff, 0xfe, 0xff, 0xfe, 0xff, 0xfe, 
	0xff, 0xfe, 0xff, 0xfe, 0xff, 0xfe, 0xff, 0xfe, 
	0xff, 0xfe, 0xff, 0xfe, 0xff, 0xfe, 0xff, 0xfe, 
	0xff, 0xfe, 0xff, 0xfe, 0xf7, 0xfe, 0xff, 0xfe, 
	0xff, 0xfe, 0xff, 0xfe, 0xff, 0xfe, 0xff, 0xfe, 
	0xff, 0xfe, 0xff, 0xfe, 0xff, 0xfe, 0xff, 0xfe, 
	0xff, 0xfe, 0xff, 0xfe, 0xff, 0xfe, 0xff, 0xfe, 
	0xff, 0xfe, 0xff, 0xfe, 0xff, 0xfe, 0xff, 0xfe, 
	0xff, 0xfe, 0xff, 0xfe, 0xff, 0xfe, 0xff, 0xfe, 
	0xff, 0xfe, 0xff, 0xfe, 0xff, 0xfe, 0xff, 0xfe, 
	0xff, 0xfe, 0xff, 0xfe, 0xff, 0xfe, 0xff, 0xfe, 
	0xff, 0xfe, 0xff, 0xfe, 0xff, 0xfe, 0xff, 0xfe, 
	0xff, 0xfe, 0xff, 0xfe, 0xff, 0xfe, 0xff, 0xfe, 
	0xff, 0xfe, 0xff, 0xfe, 0xff, 0xfe, 0xff, 0xfe, 
	0xff, 0xfe, 0xff, 0xfe, 0xff, 0xfe, 0xff, 0xfe, 
	0xff, 0xfe, 0xff, 0xfe, 0xff, 0xfe, 0xff, 0xfe, 
	0xff, 0xfe, 0xff, 0xfe, 0xff, 0xfe, 0xff, 0xfe, 
	0xff, 0xfe, 0xff, 0xfe, 0xff, 0xfe, 0xff, 0xfe, 
	0xff, 0xfe, 0xff, 0xfe, 0xff, 0xfe, 0xff, 0xfe, 
	0xff, 0xfe, 0xff, 0xfe, 0xff, 0xfe, 0xff, 0xfe, 
	0xff, 0xfe, 0xff, 0xfe, 0xff, 0xfe, 0xff, 0xfe, 
	0xff, 0xfe, 0xff, 0xfe, 0xff, 0xfe, 0xff, 0xfe, 
	0xff, 0xfe, 0xff, 0xfe, 0xff, 0xfe, 0xff, 0xfe, 
	0xff, 0xfe, 0xff, 0xfe, 0xff, 0xfe, 0xff, 0xfe, 
	0xff, 0xfe, 0xff, 0xfe, 0xff, 0xfe, 0xff, 0xfe, 
	0xff, 0xfe, 0xff, 0xfe, 0xff, 0xfe, 0xff, 0xfe, 
	0xff, 0xfe, 0xff, 0xfe, 0xff, 0xfe, 0xff, 0xfe, 
	0xff, 0xfe, 0xff, 0xfe, 0xff, 0xfe, 0xff, 0xfe, 
	0xff, 0xfe, 0xff, 0xfe, 0xff, 0xfe, 0xff, 0xfe, 
	0xff, 0xfe, 0xff, 0xfe, 0xff, 0xfe, 0xff, 0xfe, 
	0xff, 0xfe, 0xff, 0xfe, 0xff, 0xfe, 0xff, 0xfe, 
	0xff, 0xfe, 0xff, 0xfe, 0xff, 0xfe, 0xff, 0xfe, 
	0xff, 0xfe, 0xff, 0xfe, 0xff, 0xfe, 0xff, 0xfe, 
	0xff, 0xfe, 0xff, 0xfe, 0xff, 0xfe, 0xff, 0xfe, 
	0xff, 0xfe, 0xff, 0xfe, 0xff, 0xfe, 0xff, 0xfe, 
	0xff, 0xfe, 0xff, 0xfe, 0xff, 0xfe, 0xff, 0xfe, 
	0xff, 0xfe, 0xff, 0xfe, 0xff, 0xfe, 0xff, 0xfe, 
	0xff, 0xfe, 0xff, 0xfe, 0xff, 0xfe, 0xff, 0xfe, 
	0xff, 0xfe, 0xff, 0xfe, 0xff, 0xfe, 0xff, 0xfe, 
	0xff, 0xfe, 0xff, 0xfe, 0xff, 0xfe, 0xff, 0xfe, 
	0xff, 0xfe, 0xff, 0xfe, 0xff, 0xfe, 0xff, 0xfe, 
	0xff, 0xfe, 0xff, 0xfe, 0xff, 0xfe, 0xff, 0xfe, 
	0xff, 0xfe, 0xff, 0xfe, 0xff, 0xfe, 0xff, 0xfe, 
	0xff, 0xfe, 0xff, 0xfe, 0xff, 0xfe, 0xff, 0xfe, 
	0xff, 0xfe, 0xff, 0xfe, 0xff, 0xfe, 0xff, 0xfe, 
	0xff, 0xfe, 0xff, 0xfe, 0xff, 0xfe, 0xff, 0xfe, 
	0xff, 0xfe, 0xff, 0xfe, 0xff, 0xfe, 0xff, 0xfe, 
	0xff, 0xfe, 0xff, 0xfe, 0xff, 0xfe, 0xff, 0xfe, 
	0x08, 0x02, 0x08, 0x02, 0x08, 0x02, 0x08, 0x02, 
	0x08, 0x02, 0xff, 0xfe, 0xff, 0xfe, 0xff, 0xfe, 
	0xff, 0xfe, 0xff, 0xfe, 0x08, 0x02, 0x08, 0x02, 
	0x08, 0x02, 0x08, 0x02, 0x08, 0x02, 0xff, 0xfe, 
	0xff, 0xfe, 0x08, 0x02, 0x08, 0x02, 0x08, 0x02, 
	0x08, 0x02, 0x08, 0x02, 0xff, 0xfe, 0xff, 0xfe, 
	0xff, 0xfe, 0xff, 0xfe, 0xff, 0xfe, 0x08, 0x02, 
	0x08, 0x02, 0x08, 0x02, 0x08, 0x02, 0x08, 0x02, 
	0x08, 0x02, 0x00, 0x01, 0x00, 0x01, 0x31, 0x8d, 
	0x08, 0x02, 0x08, 0x02, 0x08, 0x02, 0x08, 0x02, 
	0x08, 0x02, 0x08, 0x02, 0x08, 0x02, 0x31, 0x8d, 
	0x00, 0x05, 0x00, 0x05, 0x08, 0x02, 0xff, 0xfe, 
	0xff, 0xfe, 0x08, 0x02, 0x00, 0x05, 0x00, 0x05, 
	0x31, 0x8d, 0x08, 0x02, 0x08, 0x02, 0x08, 0x02, 
	0x08, 0x02, 0x08, 0x02, 0x08, 0x02, 0x08, 0x02, 
	0x31, 0x8d, 0x08, 0x43, 0x08, 0x43, 0x08, 0x02, 
	0xff, 0xfe, 0x08, 0x02, 0x08, 0x43, 0x00, 0x01, 
	0x00, 0x01, 0x21, 0x09, 0x21, 0x09, 0x21, 0x09, 
	0x21, 0x09, 0x21, 0x09, 0x00, 0x01, 0x00, 0x01, 
	0x00, 0x01, 0x08, 0x02, 0x08, 0x02, 0xff, 0xfe, 
	0xff, 0xfe, 0x08, 0x02, 0x08, 0x02, 0x00, 0x01, 
	0x00, 0x01, 0x21, 0x09, 0x21, 0x09, 0x21, 0x09, 
	0x21, 0x09, 0x21, 0x09, 0x21, 0x09, 0x08, 0x43, 
	0x08, 0x43, 0x08, 0x43, 0x08, 0x02, 0x08, 0x02, 
	0xff, 0xfe, 0x08, 0x02, 0x08, 0x02, 0x08, 0x43, 
	0x08, 0x43, 0x08, 0x43, 0x08, 0x43, 0x00, 0x05, 
	0x00, 0x05, 0x00, 0x05, 0x00, 0x05, 0x00, 0x01, 
	0x08, 0x02, 0xff, 0xfe, 0xff, 0xfe, 0xff, 0xfe, 
	0xff, 0xfe, 0xff, 0xfe, 0x08, 0x02, 0x08, 0x02, 
	0x00, 0x05, 0x00, 0x01, 0x00, 0x01, 0x00, 0x01, 
	0x00, 0x05, 0x08, 0x43, 0x08, 0x43, 0x08, 0x43, 
	0x08, 0x02, 0x08, 0x02, 0x08, 0x02, 0xff, 0xfe, 
	0xff, 0xfe, 0xff, 0xfe, 0x08, 0x02, 0x08, 0x02, 
	0x08, 0x02, 0x08, 0x02, 0x08, 0x02, 0x08, 0x02, 
	0x08, 0x02, 0x08, 0x02, 0x08, 0x02, 0x08, 0x02, 
	0x08, 0x02, 0xff, 0xfe, 0xff, 0xfe, 0xff, 0xfe, 
	0xff, 0xfe, 0xff, 0xfe, 0xff, 0xfe, 0x08, 0x02, 
	0x08, 0x02, 0x08, 0x02, 0x08, 0x02, 0x08, 0x02, 
	0x08, 0x02, 0x08, 0x02, 0x08, 0x02, 0x08, 0x02, 
	0x08, 0x02, 0xff, 0xfe, 0xff, 0xfe, 0xff, 0xfe, 
	0xff, 0xfe, 0xff, 0xfe, 0xff, 0xfe, 0xff, 0xfe, 
	0xff, 0xfe, 0xff, 0xfe, 0xff, 0xfe, 0xff, 0xfe, 
	0xff, 0xfe, 0xff, 0xfe, 0xff, 0xfe, 0xff, 0xfe, 
	0xff, 0xfe, 0xff, 0xfe, 0xff, 0xfe, 0xff, 0xfe, 
	0xff, 0xfe, 0xff, 0xfe, 0xff, 0xfe, 0xff, 0xfe, 
	0xff, 0xfe, 0xff, 0xfe, 0xff, 0xfe, 0xff, 0xfe, 
	0xff, 0xfe, 0xff, 0xfe, 0xff, 0xfe, 0xff, 0xfe, 
	0xff, 0xfe, 0xff, 0xfe, 0xff, 0xfe, 0xff, 0xfe, 
	0xff, 0xfe, 0xff, 0xfe, 0xff, 0xfe, 0xff, 0xfe, 
	0xff, 0xfe, 0xff, 0xfe, 0xff, 0xfe, 0xff, 0xfe, 
	0xff, 0xfe, 0xff, 0xfe, 0xff, 0xfe, 0xff, 0xfe, 
	0xff, 0xfe, 0xff, 0xfe, 0xff, 0xfe, 0xff, 0xfe, 
	0xff, 0xfe, 0xff, 0xfe, 0xff, 0xfe, 0xff, 0xfe, 
	0xff, 0xfe, 0xff, 0xfe, 0xff, 0xfe, 0xff, 0xfe, 
	0xff, 0xfe, 0xff, 0xfe, 0xff, 0xfe, 0xff, 0xfe, 
	0xff, 0xfe, 0xff, 0xfe, 0xff, 0xfe, 0xff, 0xfe, 
	0xff, 0xfe, 0xff, 0xfe, 0xff, 0xfe, 0xff, 0xfe, 
	0xff, 0xfe, 0xff, 0xfe, 0xff, 0xfe, 0xff, 0xfe, 
	0xff, 0xfe, 0xff, 0xfe, 0xff, 0xfe, 0xff, 0xfe, 
	0xff, 0xfe, 0xff, 0xfe, 0xff, 0xfe, 0xff, 0xfe, 
	0xff, 0xfe, 0xff, 0xfe, 0xff, 0xfe, 0xff, 0xfe, 
	0xff, 0xfe, 0xff, 0xfe, 0xff, 0xfe, 0xff, 0xfe, 
	0xff, 0xfe, 0xff, 0xfe, 0xff, 0xfe, 0xff, 0xfe, 
	0xff, 0xfe, 0xff, 0xfe, 0xff, 0xfe, 0xff, 0xfe, 
	
};

Texture monteman_mario_eyes_dead_rgba16_rgba16[] = {
	0xff, 0xfe, 0xff, 0xfe, 0xff, 0xfe, 0xff, 0xfe, 
	0xff, 0xfe, 0xff, 0xfe, 0xff, 0xfe, 0xff, 0xfe, 
	0xff, 0xfe, 0xff, 0xfe, 0xff, 0xfe, 0xff, 0xfe, 
	0xff, 0xfe, 0xff, 0xfe, 0xff, 0xfe, 0xff, 0xfe, 
	0xff, 0xfe, 0xff, 0xfe, 0xff, 0xfe, 0xff, 0xfe, 
	0xff, 0xfe, 0xff, 0xfe, 0xff, 0xfe, 0xff, 0xfe, 
	0xff, 0xfe, 0xff, 0xfe, 0xff, 0xfe, 0xff, 0xfe, 
	0xff, 0xfe, 0xff, 0xfe, 0xff, 0xfe, 0xff, 0xfe, 
	0xff, 0xfe, 0xff, 0xfe, 0xff, 0xfe, 0xff, 0xfe, 
	0xff, 0xfe, 0xff, 0xfe, 0xff, 0xfe, 0xff, 0xfe, 
	0xff, 0xfe, 0xff, 0xfe, 0xff, 0xfe, 0xff, 0xfe, 
	0xff, 0xfe, 0xff, 0xfe, 0xff, 0xfe, 0xff, 0xfe, 
	0xff, 0xfe, 0xff, 0xfe, 0xff, 0xfe, 0xff, 0xfe, 
	0xff, 0xfe, 0xff, 0xfe, 0xff, 0xfe, 0xff, 0xfe, 
	0xff, 0xfe, 0xff, 0xfe, 0xff, 0xfe, 0xff, 0xfe, 
	0xff, 0xfe, 0xff, 0xfe, 0xff, 0xfe, 0xff, 0xfe, 
	0xff, 0xfe, 0xff, 0xfe, 0xff, 0xfe, 0xff, 0xfe, 
	0xff, 0xfe, 0xff, 0xfe, 0xff, 0xfe, 0xff, 0xfe, 
	0xff, 0xfe, 0xff, 0xfe, 0xff, 0xfe, 0xff, 0xfe, 
	0xff, 0xfe, 0xff, 0xfe, 0xff, 0xfe, 0xff, 0xfe, 
	0xff, 0xfe, 0xff, 0xfe, 0xff, 0xfe, 0xff, 0xfe, 
	0xff, 0xfe, 0xff, 0xfe, 0xff, 0xfe, 0xff, 0xfe, 
	0xff, 0xfe, 0xff, 0xfe, 0xff, 0xfe, 0xff, 0xfe, 
	0xff, 0xfe, 0xff, 0xfe, 0xff, 0xfe, 0xff, 0xfe, 
	0xff, 0xfe, 0xff, 0xfe, 0xff, 0xfe, 0xff, 0xfe, 
	0xff, 0xfe, 0xff, 0xfe, 0xff, 0xfe, 0xff, 0xfe, 
	0xff, 0xfe, 0xff, 0xfe, 0xff, 0xfe, 0xff, 0xfe, 
	0xff, 0xfe, 0xff, 0xfe, 0xff, 0xfe, 0xff, 0xfe, 
	0xff, 0xfe, 0xff, 0xfe, 0xff, 0xfe, 0xff, 0xfe, 
	0xff, 0xfe, 0xff, 0xfe, 0xff, 0xfe, 0xff, 0xfe, 
	0xff, 0xfe, 0xff, 0xfe, 0xff, 0xfe, 0xff, 0xfe, 
	0xff, 0xfe, 0xff, 0xfe, 0xff, 0xfe, 0xff, 0xfe, 
	0xff, 0xfe, 0xff, 0xfe, 0xff, 0xfe, 0xff, 0xfe, 
	0xff, 0xfe, 0xff, 0xfe, 0xff, 0xfe, 0xff, 0xfe, 
	0xff, 0xfe, 0xff, 0xfe, 0xff, 0xfe, 0xff, 0xfe, 
	0xff, 0xfe, 0xff, 0xfe, 0xff, 0xfe, 0xff, 0xfe, 
	0xff, 0xfe, 0xff, 0xfe, 0xff, 0xfe, 0xff, 0xfe, 
	0xff, 0xfe, 0xff, 0xfe, 0xff, 0xfe, 0xff, 0xfe, 
	0xff, 0xfe, 0xff, 0xfe, 0xff, 0xfe, 0xff, 0xfe, 
	0xff, 0xfe, 0xff, 0xfe, 0xff, 0xfe, 0xff, 0xfe, 
	0xff, 0xfe, 0xff, 0xfe, 0xff, 0xfe, 0xff, 0xfe, 
	0xff, 0xfe, 0xff, 0xfe, 0xff, 0xfe, 0xff, 0xfe, 
	0xff, 0xfe, 0xff, 0xfe, 0xff, 0xfe, 0xff, 0xfe, 
	0xff, 0xfe, 0xff, 0xfe, 0xff, 0xfe, 0xff, 0xfe, 
	0xff, 0xfe, 0xff, 0xfe, 0xff, 0xfe, 0xff, 0xfe, 
	0xff, 0xfe, 0xff, 0xfe, 0xff, 0xfe, 0xff, 0xfe, 
	0xff, 0xfe, 0xff, 0xfe, 0xff, 0xfe, 0xff, 0xfe, 
	0xff, 0xfe, 0xff, 0xfe, 0xff, 0xfe, 0xff, 0xfe, 
	0xff, 0xfe, 0xff, 0xfe, 0xff, 0xfe, 0xff, 0xfe, 
	0xff, 0xfe, 0xff, 0xfe, 0xff, 0xfe, 0xff, 0xfe, 
	0x00, 0x00, 0x00, 0x00, 0x00, 0x01, 0xff, 0xfe, 
	0xff, 0xfe, 0xff, 0xfe, 0xff, 0xfe, 0xff, 0xfe, 
	0xff, 0xfe, 0xff, 0xfe, 0xff, 0xfe, 0xff, 0xfe, 
	0x00, 0x00, 0x00, 0x01, 0x00, 0x00, 0x00, 0x00, 
	0xff, 0xfe, 0xff, 0xfe, 0xff, 0xfe, 0xff, 0xfe, 
	0xff, 0xfe, 0xff, 0xfe, 0xff, 0xfe, 0xff, 0xfe, 
	0xff, 0xfe, 0xff, 0xfe, 0xff, 0xfe, 0xff, 0xfe, 
	0xff, 0xfe, 0xff, 0xfe, 0x00, 0x00, 0x00, 0x00, 
	0x00, 0x01, 0x00, 0x01, 0x00, 0x01, 0x00, 0x01, 
	0xff, 0xfe, 0xff, 0xfe, 0xff, 0xfe, 0xff, 0xfe, 
	0xff, 0xfe, 0xff, 0xfe, 0xff, 0xfe, 0xff, 0xfe, 
	0x00, 0x00, 0x00, 0x01, 0x00, 0x01, 0x00, 0x01, 
	0x00, 0x00, 0x00, 0x00, 0xff, 0xfe, 0xff, 0xfe, 
	0xff, 0xfe, 0xff, 0xfe, 0xff, 0xfe, 0xff, 0xfe, 
	0xff, 0xfe, 0xff, 0xfe, 0xff, 0xfe, 0xff, 0xfe, 
	0x00, 0x00, 0x00, 0x00, 0x00, 0x01, 0x00, 0x01, 
	0x00, 0x01, 0x00, 0x01, 0x00, 0x01, 0x00, 0x00, 
	0xff, 0xfe, 0xff, 0xfe, 0xff, 0xfe, 0xff, 0xfe, 
	0xff, 0xfe, 0xff, 0xfe, 0xff, 0xfe, 0xff, 0xfe, 
	0xff, 0xfe, 0x00, 0x00, 0x00, 0x01, 0x00, 0x01, 
	0x00, 0x01, 0x00, 0x01, 0x00, 0x00, 0x00, 0x00, 
	0xff, 0xfe, 0xff, 0xfe, 0xff, 0xfe, 0xff, 0xfe, 
	0xff, 0xfe, 0xff, 0xfe, 0xff, 0xfe, 0x00, 0x00, 
	0x00, 0x01, 0x00, 0x01, 0x00, 0x01, 0x00, 0x01, 
	0x00, 0x00, 0x00, 0x00, 0xff, 0xfe, 0xff, 0xfe, 
	0xff, 0xfe, 0xff, 0xfe, 0xff, 0xfe, 0xff, 0xfe, 
	0xff, 0xfe, 0xff, 0xfe, 0xff, 0xfe, 0xff, 0xfe, 
	0xff, 0xfe, 0xff, 0xfe, 0xff, 0xfe, 0x00, 0x00, 
	0x00, 0x01, 0x00, 0x01, 0x00, 0x01, 0x00, 0x01, 
	0x00, 0x00, 0xff, 0xfe, 0xff, 0xfe, 0xff, 0xfe, 
	0xff, 0xfe, 0xff, 0xfe, 0x00, 0x00, 0x00, 0x01, 
	0x00, 0x01, 0x00, 0x01, 0x00, 0x00, 0xff, 0xfe, 
	0xff, 0xfe, 0xff, 0xfe, 0xff, 0xfe, 0xff, 0xfe, 
	0xff, 0xfe, 0xff, 0xfe, 0xff, 0xfe, 0xff, 0xfe, 
	0xff, 0xfe, 0xff, 0xfe, 0xff, 0xfe, 0xff, 0xfe, 
	0xff, 0xfe, 0xff, 0xfe, 0xff, 0xfe, 0xff, 0xfe, 
	0x00, 0x00, 0x00, 0x00, 0x00, 0x00, 0x00, 0x01, 
	0x00, 0x01, 0xff, 0xfe, 0xff, 0xfe, 0xff, 0xfe, 
	0xff, 0xfe, 0xff, 0xfe, 0xff, 0xfe, 0x00, 0x00, 
	0xff, 0xfe, 0xff, 0xfe, 0xff, 0xff, 0xff, 0xff, 
	0xff, 0xff, 0xff, 0xff, 0xff, 0xfe, 0xff, 0xfe, 
	0xff, 0xfe, 0xff, 0xfe, 0xff, 0xfe, 0xff, 0xfe, 
	0xff, 0xfe, 0xff, 0xfe, 0xff, 0xfe, 0xff, 0xfe, 
	0xff, 0xfe, 0xff, 0xfe, 0xff, 0xfe, 0xff, 0xff, 
	0xff, 0xff, 0xff, 0xff, 0xff, 0xff, 0xff, 0xfe, 
	0xff, 0xfe, 0xff, 0xfe, 0xff, 0xfe, 0xff, 0xfe, 
	0xff, 0xfe, 0xff, 0xfe, 0xff, 0xfe, 0xff, 0xfe, 
	0xff, 0xff, 0xff, 0xff, 0xff, 0xff, 0xff, 0xff, 
	0xff, 0xff, 0xff, 0xff, 0xff, 0xff, 0xff, 0xff, 
	0xff, 0xfe, 0xff, 0xfe, 0xff, 0xfe, 0xff, 0xfe, 
	0xff, 0xfe, 0xff, 0xfe, 0xff, 0xfe, 0xff, 0xfe, 
	0xff, 0xfe, 0xff, 0xff, 0xff, 0xff, 0xff, 0xff, 
	0xff, 0xff, 0xff, 0xff, 0xff, 0xff, 0xff, 0xff, 
	0xff, 0xff, 0xff, 0xfe, 0xff, 0xfe, 0xff, 0xfe, 
	0xff, 0xfe, 0xff, 0xfe, 0xff, 0xfe, 0xef, 0x7b, 
	0xef, 0x7b, 0xff, 0xff, 0xff, 0xff, 0xff, 0xff, 
	0xff, 0xff, 0xff, 0xff, 0xef, 0x7b, 0xef, 0x7b, 
	0xff, 0xfe, 0xff, 0xfe, 0xff, 0xfe, 0xff, 0xfe, 
	0xff, 0xfe, 0xff, 0xfe, 0xff, 0xfe, 0xff, 0xfe, 
	0xef, 0x7b, 0xef, 0x7b, 0xff, 0xff, 0xff, 0xff, 
	0xff, 0xff, 0xff, 0xff, 0xff, 0xff, 0xff, 0xff, 
	0xef, 0x7b, 0xff, 0xfe, 0xff, 0xfe, 0xff, 0xfe, 
	0xff, 0xfe, 0xff, 0xfe, 0xef, 0x7a, 0x00, 0x01, 
	0x00, 0x01, 0xce, 0x73, 0xff, 0xff, 0xff, 0xff, 
	0xff, 0xff, 0xce, 0x73, 0x00, 0x01, 0x00, 0x01, 
	0x73, 0x9d, 0xff, 0xfe, 0xff, 0xfe, 0xff, 0xfe, 
	0xff, 0xfe, 0xff, 0xfe, 0xff, 0xfe, 0xef, 0x7b, 
	0x00, 0x01, 0x00, 0x01, 0x42, 0x11, 0xff, 0xff, 
	0xff, 0xff, 0xff, 0xff, 0xe7, 0x39, 0x42, 0x11, 
	0x00, 0x01, 0xef, 0x7b, 0xff, 0xfe, 0xff, 0xfe, 
	0xff, 0xfe, 0xff, 0xfe, 0xff, 0xff, 0x21, 0x09, 
	0x00, 0x01, 0x42, 0x11, 0xff, 0xff, 0xff, 0xff, 
	0xff, 0xff, 0x42, 0x11, 0x00, 0x01, 0x00, 0x01, 
	0xce, 0x73, 0xff, 0xfe, 0xff, 0xfe, 0xff, 0xfe, 
	0xff, 0xfe, 0xff, 0xfe, 0xff, 0xfe, 0xff, 0xff, 
	0x42, 0x11, 0x00, 0x01, 0x00, 0x01, 0xce, 0x73, 
	0xff, 0xff, 0xff, 0xff, 0x42, 0x11, 0x00, 0x01, 
	0x00, 0x01, 0xef, 0x7b, 0xff, 0xfe, 0xff, 0xfe, 
	0xff, 0xfe, 0xff, 0xfe, 0xff, 0xff, 0x5a, 0xd7, 
	0x00, 0x01, 0x00, 0x01, 0xce, 0x73, 0xff, 0xff, 
	0xce, 0x73, 0x00, 0x01, 0x00, 0x01, 0x42, 0x11, 
	0xff, 0xff, 0xff, 0xff, 0xff, 0xfe, 0xff, 0xfe, 
	0xff, 0xfe, 0xff, 0xfe, 0xff, 0xfe, 0xff, 0xff, 
	0xce, 0x73, 0x00, 0x01, 0x00, 0x01, 0x42, 0x11, 
	0xff, 0xff, 0xce, 0x73, 0x00, 0x01, 0x00, 0x01, 
	0x42, 0x11, 0xff, 0xff, 0xff, 0xfe, 0xff, 0xfe, 
	0xff, 0xfe, 0xff, 0xfe, 0xff, 0xff, 0xe7, 0x39, 
	0x42, 0x11, 0x00, 0x01, 0x42, 0x11, 0xce, 0x73, 
	0x42, 0x11, 0x00, 0x01, 0x00, 0x01, 0xce, 0x73, 
	0xff, 0xff, 0xff, 0xff, 0xff, 0xfe, 0xff, 0xfe, 
	0xff, 0xfe, 0xff, 0xfe, 0xff, 0xff, 0xff, 0xff, 
	0xff, 0xff, 0x42, 0x11, 0x00, 0x01, 0x00, 0x01, 
	0xb5, 0xad, 0x42, 0x11, 0x00, 0x01, 0x42, 0x11, 
	0xe7, 0x39, 0xff, 0xff, 0xff, 0xff, 0xff, 0xfe, 
	0xff, 0xfe, 0xff, 0xff, 0xff, 0xff, 0xff, 0xff, 
	0xe7, 0x39, 0x21, 0x09, 0x00, 0x01, 0x08, 0x43, 
	0x00, 0x01, 0x00, 0x01, 0x42, 0x11, 0xff, 0xff, 
	0xff, 0xff, 0xff, 0xff, 0xff, 0xfe, 0xff, 0xfe, 
	0xff, 0xfe, 0xff, 0xfe, 0xff, 0xff, 0xff, 0xff, 
	0xff, 0xff, 0xe7, 0x39, 0x21, 0x09, 0x00, 0x01, 
	0x08, 0x43, 0x00, 0x01, 0x00, 0x01, 0xce, 0x73, 
	0xff, 0xff, 0xff, 0xff, 0xff, 0xff, 0xff, 0xfe, 
	0xff, 0xfe, 0xff, 0xff, 0xff, 0xff, 0xff, 0xff, 
	0xff, 0xff, 0x5a, 0xd7, 0x00, 0x01, 0x00, 0x01, 
	0x00, 0x01, 0x00, 0x01, 0xce, 0x73, 0xff, 0xff, 
	0xff, 0xff, 0xff, 0xff, 0xff, 0xfe, 0xff, 0xfe, 
	0xff, 0xfe, 0xff, 0xfe, 0xff, 0xff, 0xff, 0xff, 
	0xff, 0xff, 0xff, 0xff, 0x5a, 0xd7, 0x00, 0x01, 
	0x00, 0x01, 0x00, 0x01, 0x42, 0x11, 0xff, 0xff, 
	0xff, 0xff, 0xff, 0xff, 0xff, 0xff, 0xff, 0xfe, 
	0xff, 0xfe, 0xff, 0xff, 0xff, 0xff, 0xff, 0xff, 
	0xff, 0xff, 0xce, 0x73, 0x08, 0x43, 0x00, 0x01, 
	0x00, 0x01, 0x42, 0x11, 0xff, 0xff, 0xff, 0xff, 
	0xff, 0xff, 0xff, 0xff, 0xff, 0xfe, 0xff, 0xfe, 
	0xff, 0xfe, 0xff, 0xfe, 0xff, 0xff, 0xff, 0xff, 
	0xff, 0xff, 0xff, 0xff, 0xce, 0x73, 0x00, 0x01, 
	0x00, 0x01, 0x00, 0x01, 0xb5, 0xad, 0xff, 0xff, 
	0xff, 0xff, 0xff, 0xff, 0xff, 0xff, 0xff, 0xfe, 
	0xff, 0xfe, 0xff, 0xff, 0xff, 0xff, 0xff, 0xff, 
	0xff, 0xff, 0x42, 0x11, 0x00, 0x01, 0x00, 0x01, 
	0x00, 0x01, 0xb5, 0xad, 0xff, 0xff, 0xff, 0xff, 
	0xff, 0xff, 0xff, 0xff, 0xff, 0xfe, 0xff, 0xfe, 
	0xff, 0xfe, 0xff, 0xfe, 0xff, 0xff, 0xff, 0xff, 
	0xff, 0xff, 0xff, 0xff, 0xce, 0x73, 0x00, 0x01, 
	0x00, 0x01, 0x00, 0x01, 0x42, 0x11, 0xe7, 0x39, 
	0xff, 0xff, 0xff, 0xff, 0xff, 0xff, 0xff, 0xfe, 
	0xff, 0xfe, 0xff, 0xff, 0xff, 0xff, 0xff, 0xff, 
	0xce, 0x73, 0x00, 0x01, 0x00, 0x01, 0x08, 0x43, 
	0x00, 0x01, 0x42, 0x11, 0xe7, 0x39, 0xff, 0xff, 
	0xff, 0xff, 0xff, 0xff, 0xff, 0xfe, 0xff, 0xfe, 
	0xff, 0xfe, 0xff, 0xfe, 0xff, 0xff, 0xff, 0xff, 
	0xff, 0xff, 0xe7, 0x39, 0x42, 0x11, 0x00, 0x01, 
	0x08, 0x43, 0x00, 0x01, 0x00, 0x01, 0x5a, 0xd7, 
	0xff, 0xff, 0xff, 0xff, 0xff, 0xff, 0xff, 0xfe, 
	0xff, 0xfe, 0xff, 0xfe, 0xff, 0xff, 0xe7, 0x39, 
	0x42, 0x11, 0x00, 0x01, 0x00, 0x01, 0xb5, 0xad, 
	0x21, 0x09, 0x00, 0x01, 0x42, 0x11, 0xe7, 0x39, 
	0xff, 0xff, 0xff, 0xff, 0xff, 0xfe, 0xff, 0xfe, 
	0xff, 0xfe, 0xff, 0xfe, 0xff, 0xff, 0xff, 0xff, 
	0xff, 0xff, 0x42, 0x11, 0x00, 0x01, 0x00, 0x01, 
	0x9c, 0xe7, 0x00, 0x01, 0x00, 0x01, 0x21, 0x09, 
	0xe7, 0x39, 0xff, 0xff, 0xff, 0xff, 0xff, 0xfe, 
	0xff, 0xfe, 0xff, 0xfe, 0xff, 0xff, 0x42, 0x11, 
	0x00, 0x01, 0x00, 0x01, 0x42, 0x11, 0xe7, 0x39, 
	0x5a, 0xd7, 0x00, 0x01, 0x00, 0x01, 0x5a, 0xd7, 
	0xff, 0xff, 0xff, 0xff, 0xff, 0xfe, 0xff, 0xfe, 
	0xff, 0xfe, 0xff, 0xfe, 0xff, 0xfe, 0xff, 0xff, 
	0xce, 0x73, 0x00, 0x01, 0x00, 0x01, 0x42, 0x11, 
	0xe7, 0x39, 0x42, 0x11, 0x00, 0x01, 0x00, 0x01, 
	0x42, 0x11, 0xff, 0xff, 0xff, 0xfe, 0xff, 0xfe, 
	0xff, 0xfe, 0xff, 0xfe, 0xce, 0x73, 0x00, 0x01, 
	0x00, 0x01, 0x21, 0x09, 0xe7, 0x39, 0xff, 0xff, 
	0xe7, 0x39, 0x42, 0x11, 0x00, 0x01, 0x21, 0x09, 
	0xff, 0xff, 0xff, 0xfe, 0xff, 0xfe, 0xff, 0xfe, 
	0xff, 0xfe, 0xff, 0xfe, 0xff, 0xfe, 0xff, 0xff, 
	0x42, 0x11, 0x00, 0x01, 0x00, 0x01, 0xce, 0x73, 
	0xff, 0xff, 0xce, 0x73, 0x00, 0x01, 0x00, 0x01, 
	0x00, 0x01, 0xef, 0x7b, 0xff, 0xfe, 0xff, 0xfe, 
	0xff, 0xfe, 0xff, 0xfe, 0x73, 0x9c, 0x00, 0x01, 
	0x00, 0x01, 0x5a, 0xd7, 0xff, 0xff, 0xff, 0xff, 
	0xff, 0xff, 0xe7, 0x39, 0x42, 0x11, 0x10, 0x85, 
	0xef, 0x7b, 0xff, 0xfe, 0xff, 0xfe, 0xff, 0xfe, 
	0xff, 0xfe, 0xff, 0xfe, 0xff, 0xfe, 0xef, 0x7b, 
	0x00, 0x01, 0x00, 0x01, 0x42, 0x11, 0xff, 0xff, 
	0xff, 0xff, 0xff, 0xff, 0x42, 0x11, 0x00, 0x01, 
	0x00, 0x01, 0xef, 0x7b, 0xff, 0xfe, 0xff, 0xfe, 
	0xff, 0xfe, 0xff, 0xfe, 0xff, 0xfe, 0xef, 0x7b, 
	0xef, 0x7b, 0xff, 0xff, 0xff, 0xff, 0xff, 0xff, 
	0xff, 0xff, 0xff, 0xff, 0xff, 0xff, 0xef, 0x7b, 
	0xff, 0xfe, 0xff, 0xfe, 0xff, 0xfe, 0xff, 0xfe, 
	0xff, 0xfe, 0xff, 0xfe, 0xff, 0xfe, 0xff, 0xfe, 
	0xef, 0x7b, 0xef, 0x7b, 0xff, 0xff, 0xff, 0xff, 
	0xff, 0xff, 0xff, 0xff, 0xff, 0xff, 0xef, 0x7b, 
	0xef, 0x7b, 0xff, 0xfe, 0xff, 0xfe, 0xff, 0xfe, 
	0xff, 0xfe, 0xff, 0xfe, 0xff, 0xfe, 0xff, 0xfe, 
	0xff, 0xff, 0xff, 0xff, 0xff, 0xff, 0xff, 0xff, 
	0xff, 0xff, 0xff, 0xff, 0xff, 0xff, 0xff, 0xff, 
	0xff, 0xfe, 0xff, 0xfe, 0xff, 0xfe, 0xff, 0xfe, 
	0xff, 0xfe, 0xff, 0xfe, 0xff, 0xfe, 0xff, 0xfe, 
	0xff, 0xff, 0xff, 0xff, 0xff, 0xff, 0xff, 0xff, 
	0xff, 0xff, 0xff, 0xff, 0xff, 0xff, 0xff, 0xff, 
	0xff, 0xff, 0xff, 0xfe, 0xff, 0xfe, 0xff, 0xfe, 
	0xff, 0xfe, 0xff, 0xfe, 0xff, 0xfe, 0xff, 0xfe, 
	0xff, 0xff, 0xff, 0xff, 0xff, 0xff, 0xff, 0xff, 
	0xff, 0xff, 0xff, 0xff, 0xff, 0xff, 0xff, 0xfe, 
	0xff, 0xfe, 0xff, 0xfe, 0xff, 0xfe, 0xff, 0xfe, 
	0xff, 0xfe, 0xff, 0xfe, 0xff, 0xfe, 0xff, 0xfe, 
	0xff, 0xfe, 0xff, 0xff, 0xff, 0xff, 0xff, 0xff, 
	0xff, 0xff, 0xff, 0xff, 0xff, 0xff, 0xff, 0xff, 
	0xff, 0xfe, 0xff, 0xfe, 0xff, 0xfe, 0xff, 0xfe, 
	0xff, 0xfe, 0xff, 0xfe, 0xff, 0xfe, 0xff, 0xfe, 
	0xff, 0xfe, 0xff, 0xfe, 0xff, 0xff, 0xff, 0xff, 
	0xff, 0xff, 0xff, 0xff, 0xff, 0xfe, 0xff, 0xfe, 
	0xff, 0xfe, 0xff, 0xfe, 0xff, 0xfe, 0xff, 0xfe, 
	0xff, 0xfe, 0xff, 0xfe, 0xff, 0xfe, 0xff, 0xfe, 
	0xff, 0xfe, 0xff, 0xfe, 0xff, 0xfe, 0xff, 0xff, 
	0xff, 0xff, 0xff, 0xff, 0xff, 0xfe, 0xff, 0xfe, 
	0xff, 0xfe, 0xff, 0xfe, 0xff, 0xfe, 0xff, 0xfe, 
	0xff, 0xfe, 0xff, 0xfe, 0xff, 0xfe, 0xff, 0xfe, 
	0xff, 0xfe, 0xff, 0xfe, 0xff, 0xfe, 0xff, 0xfe, 
	0xff, 0xfe, 0xff, 0xfe, 0xff, 0xfe, 0xff, 0xfe, 
	0xff, 0xfe, 0xff, 0xfe, 0xff, 0xfe, 0xff, 0xfe, 
	0xff, 0xfe, 0xff, 0xfe, 0xff, 0xfe, 0xff, 0xfe, 
	0xff, 0xfe, 0xff, 0xfe, 0xff, 0xfe, 0xff, 0xfe, 
	0xff, 0xfe, 0xff, 0xfe, 0xff, 0xfe, 0xff, 0xfe, 
	0xff, 0xfe, 0xff, 0xfe, 0xff, 0xfe, 0xff, 0xfe, 
	
};

Vtx monteman_Butt_mesh_layer_1_vtx_0[16] = {
	{{{25, -32, -38}, 0, {0, 0}, {0x55, 0xB2, 0xCC, 0xFF}}},
	{{{25, -32, 38}, 0, {0, 0}, {0x55, 0xB2, 0x34, 0xFF}}},
	{{{-6, -42, 30}, 0, {0, 0}, {0xE3, 0x90, 0x35, 0xFF}}},
	{{{23, 3, 62}, 0, {0, 0}, {0x5C, 0x09, 0x57, 0xFF}}},
	{{{25, 50, -25}, 0, {0, 0}, {0x53, 0x55, 0xD3, 0xFF}}},
	{{{23, 3, -62}, 0, {0, 0}, {0x5C, 0x09, 0xA9, 0xFF}}},
	{{{-6, -42, -30}, 0, {0, 0}, {0xE3, 0x90, 0xCB, 0xFF}}},
	{{{-33, -25, -14}, 0, {0, 0}, {0x93, 0xCB, 0xDB, 0xFF}}},
	{{{-33, -25, 14}, 0, {0, 0}, {0x93, 0xCB, 0x25, 0xFF}}},
	{{{9, -1, 70}, 0, {0, 0}, {0xF9, 0xF3, 0x7E, 0xFF}}},
	{{{-1, 53, 23}, 0, {0, 0}, {0xD9, 0x6D, 0x34, 0xFF}}},
	{{{25, 50, 25}, 0, {0, 0}, {0x53, 0x55, 0x2D, 0xFF}}},
	{{{-1, 53, -23}, 0, {0, 0}, {0xD9, 0x6D, 0xCC, 0xFF}}},
	{{{9, -1, -70}, 0, {0, 0}, {0xF9, 0xF3, 0x82, 0xFF}}},
	{{{-34, 25, -9}, 0, {0, 0}, {0x90, 0x30, 0xDD, 0xFF}}},
	{{{-34, 25, 9}, 0, {0, 0}, {0x90, 0x30, 0x23, 0xFF}}},
};

Gfx monteman_Butt_mesh_layer_1_tri_0[] = {
	gsSPVertex(monteman_Butt_mesh_layer_1_vtx_0 + 0, 16, 0),
	gsSP2Triangles(0, 1, 2, 0, 3, 1, 0, 0),
	gsSP2Triangles(0, 4, 3, 0, 0, 5, 4, 0),
	gsSP2Triangles(6, 5, 0, 0, 2, 6, 0, 0),
	gsSP2Triangles(7, 6, 2, 0, 2, 8, 7, 0),
	gsSP2Triangles(9, 8, 2, 0, 2, 3, 9, 0),
	gsSP2Triangles(1, 3, 2, 0, 9, 3, 10, 0),
	gsSP2Triangles(10, 3, 11, 0, 4, 11, 3, 0),
	gsSP2Triangles(11, 4, 12, 0, 4, 5, 12, 0),
	gsSP2Triangles(12, 5, 13, 0, 13, 5, 6, 0),
	gsSP2Triangles(6, 7, 13, 0, 7, 14, 13, 0),
	gsSP2Triangles(14, 7, 8, 0, 8, 15, 14, 0),
	gsSP2Triangles(8, 9, 15, 0, 10, 15, 9, 0),
	gsSP2Triangles(15, 10, 12, 0, 12, 10, 11, 0),
	gsSP2Triangles(12, 14, 15, 0, 14, 12, 13, 0),
	gsSPEndDisplayList(),
};

Vtx monteman_Torso_mesh_layer_1_vtx_0[34] = {
	{{{60, 7, 68}, 0, {836, 44}, {0x0A, 0x60, 0x52, 0xFF}}},
	{{{62, 25, 37}, 0, {-80, 248}, {0x25, 0x46, 0x63, 0xFF}}},
	{{{23, -11, 57}, 0, {664, 1348}, {0xE7, 0xEB, 0x7B, 0xFF}}},
	{{{49, -12, 81}, 0, {1240, 308}, {0xDB, 0xF2, 0x79, 0xFF}}},
	{{{66, -27, 67}, 0, {788, 32}, {0x17, 0xA4, 0x54, 0xFF}}},
	{{{62, -43, 43}, 0, {72, 244}, {0x06, 0x86, 0x22, 0xFF}}},
	{{{84, -10, 67}, 0, {2440, -2204}, {0x60, 0x16, 0x50, 0xFF}}},
	{{{60, 7, 68}, 0, {1968, -2596}, {0x0A, 0x60, 0x52, 0xFF}}},
	{{{97, -15, 43}, 0, {2604, -2204}, {0x6A, 0xF1, 0x44, 0xFF}}},
	{{{66, -27, 67}, 0, {2012, -1924}, {0x17, 0xA4, 0x54, 0xFF}}},
	{{{62, -43, 43}, 0, {1828, -1772}, {0x06, 0x86, 0x22, 0xFF}}},
	{{{62, 25, 37}, 0, {1756, -2908}, {0x25, 0x46, 0x63, 0xFF}}},
	{{{97, 12, 22}, 0, {2584, -2660}, {0x6B, 0x30, 0x30, 0xFF}}},
	{{{91, 35, 0}, 0, {2420, -3052}, {0x6B, 0x44, 0x00, 0xFF}}},
	{{{81, 44, 19}, 0, {2172, -3200}, {0x45, 0x5B, 0x38, 0xFF}}},
	{{{81, 44, -19}, 0, {2172, -3200}, {0x45, 0x5B, 0xC8, 0xFF}}},
	{{{97, 12, -22}, 0, {2584, -2660}, {0x6B, 0x30, 0xD0, 0xFF}}},
	{{{97, 12, -22}, 0, {742, -1858}, {0x6B, 0x30, 0xD0, 0xFF}}},
	{{{97, 12, 22}, 0, {742, -1858}, {0x6B, 0x30, 0x30, 0xFF}}},
	{{{103, -15, -28}, 0, {1502, -1454}, {0x7A, 0xF3, 0xDF, 0xFF}}},
	{{{103, -15, 28}, 0, {1502, -1454}, {0x7A, 0xF3, 0x21, 0xFF}}},
	{{{101, -37, 0}, 0, {2102, -1596}, {0x55, 0xA2, 0x00, 0xFF}}},
	{{{97, -15, -43}, 0, {2604, -2204}, {0x6A, 0xF1, 0xBC, 0xFF}}},
	{{{62, -43, -43}, 0, {1828, -1772}, {0x06, 0x86, 0xDE, 0xFF}}},
	{{{66, -27, -67}, 0, {2012, -1924}, {0x17, 0xA4, 0xAC, 0xFF}}},
	{{{84, -10, -67}, 0, {2440, -2204}, {0x60, 0x16, 0xB0, 0xFF}}},
	{{{49, -12, -81}, 0, {1240, 308}, {0xDB, 0xF2, 0x87, 0xFF}}},
	{{{60, 7, -68}, 0, {1968, -2596}, {0x0A, 0x60, 0xAE, 0xFF}}},
	{{{62, 25, -37}, 0, {1756, -2908}, {0x25, 0x46, 0x9D, 0xFF}}},
	{{{66, -27, -67}, 0, {788, 32}, {0x17, 0xA4, 0xAC, 0xFF}}},
	{{{62, -43, -43}, 0, {72, 244}, {0x06, 0x86, 0xDE, 0xFF}}},
	{{{23, -11, -57}, 0, {664, 1348}, {0xE7, 0xEB, 0x85, 0xFF}}},
	{{{60, 7, -68}, 0, {836, 44}, {0x0A, 0x60, 0xAE, 0xFF}}},
	{{{62, 25, -37}, 0, {-80, 248}, {0x25, 0x46, 0x9D, 0xFF}}},
};

Gfx monteman_Torso_mesh_layer_1_tri_0[] = {
	gsSPVertex(monteman_Torso_mesh_layer_1_vtx_0 + 0, 34, 0),
	gsSP2Triangles(0, 1, 2, 0, 0, 2, 3, 0),
	gsSP2Triangles(3, 2, 4, 0, 2, 5, 4, 0),
	gsSP2Triangles(3, 4, 6, 0, 3, 6, 7, 0),
	gsSP2Triangles(7, 6, 8, 0, 8, 6, 9, 0),
	gsSP2Triangles(9, 10, 8, 0, 8, 11, 7, 0),
	gsSP2Triangles(12, 13, 14, 0, 15, 14, 13, 0),
	gsSP2Triangles(15, 13, 16, 0, 17, 13, 18, 0),
	gsSP2Triangles(19, 17, 18, 0, 18, 20, 19, 0),
	gsSP2Triangles(20, 21, 19, 0, 22, 23, 24, 0),
	gsSP2Triangles(24, 25, 22, 0, 25, 24, 26, 0),
	gsSP2Triangles(25, 26, 27, 0, 22, 25, 27, 0),
	gsSP2Triangles(27, 28, 22, 0, 29, 30, 31, 0),
	gsSP2Triangles(29, 31, 26, 0, 26, 31, 32, 0),
	gsSP1Triangle(31, 33, 32, 0),
	gsSPEndDisplayList(),
};

Vtx monteman_Torso_mesh_layer_1_vtx_1[44] = {
	{{{23, -11, 57}, 0, {-1086, 868}, {0xE7, 0xEB, 0x7B, 0xFF}}},
	{{{25, -35, 36}, 0, {-464, 852}, {0xF3, 0x8D, 0x35, 0xFF}}},
	{{{62, -43, 43}, 0, {136, -736}, {0x06, 0x86, 0x22, 0xFF}}},
	{{{101, -37, 0}, 0, {378, -2422}, {0x55, 0xA2, 0x00, 0xFF}}},
	{{{25, -40, 0}, 0, {-342, 872}, {0xFE, 0x81, 0x00, 0xFF}}},
	{{{25, -35, -36}, 0, {-464, 852}, {0xF3, 0x8D, 0xCB, 0xFF}}},
	{{{62, -43, -43}, 0, {136, -736}, {0x06, 0x86, 0xDE, 0xFF}}},
	{{{23, -11, -57}, 0, {-1086, 868}, {0xE7, 0xEB, 0x85, 0xFF}}},
	{{{32, 51, 31}, 0, {834, 1040}, {0x0E, 0x5F, 0x53, 0xFF}}},
	{{{23, -11, 57}, 0, {2002, 1182}, {0xE7, 0xEB, 0x7B, 0xFF}}},
	{{{62, 25, 37}, 0, {1106, -832}, {0x25, 0x46, 0x63, 0xFF}}},
	{{{81, 44, 19}, 0, {262, -1768}, {0x45, 0x5B, 0x38, 0xFF}}},
	{{{32, 61, 0}, 0, {-598, 1110}, {0x0B, 0x7E, 0x00, 0xFF}}},
	{{{81, 44, -19}, 0, {-1458, -1768}, {0x45, 0x5B, 0xC8, 0xFF}}},
	{{{32, 51, -31}, 0, {-2032, 1040}, {0x0E, 0x5F, 0xAD, 0xFF}}},
	{{{62, 25, -37}, 0, {-2304, -832}, {0x25, 0x46, 0x9D, 0xFF}}},
	{{{23, -11, -57}, 0, {-3200, 1182}, {0xE7, 0xEB, 0x85, 0xFF}}},
	{{{97, 12, 22}, 0, {742, -1858}, {0x6B, 0x30, 0x30, 0xFF}}},
	{{{81, 44, 19}, 0, {-116, -2914}, {0x45, 0x5B, 0x38, 0xFF}}},
	{{{62, 25, 37}, 0, {438, -4040}, {0x25, 0x46, 0x63, 0xFF}}},
	{{{97, -15, 43}, 0, {1514, -1850}, {0x6A, 0xF1, 0x44, 0xFF}}},
	{{{103, -15, 28}, 0, {1502, -1454}, {0x7A, 0xF3, 0x21, 0xFF}}},
	{{{101, -37, 0}, 0, {2102, -1596}, {0x55, 0xA2, 0x00, 0xFF}}},
	{{{62, -43, 43}, 0, {2356, -3948}, {0x06, 0x86, 0x22, 0xFF}}},
	{{{62, -43, -43}, 0, {2356, -3948}, {0x06, 0x86, 0xDE, 0xFF}}},
	{{{97, -15, -43}, 0, {1514, -1850}, {0x6A, 0xF1, 0xBC, 0xFF}}},
	{{{103, -15, -28}, 0, {1502, -1454}, {0x7A, 0xF3, 0xDF, 0xFF}}},
	{{{97, 12, -22}, 0, {742, -1858}, {0x6B, 0x30, 0xD0, 0xFF}}},
	{{{62, 25, -37}, 0, {438, -4040}, {0x25, 0x46, 0x9D, 0xFF}}},
	{{{81, 44, -19}, 0, {-116, -2914}, {0x45, 0x5B, 0xC8, 0xFF}}},
	{{{25, -40, 0}, 0, {524, -512}, {0xFE, 0x81, 0x00, 0xFF}}},
	{{{25, -35, 36}, 0, {1384, -468}, {0xF3, 0x8D, 0x35, 0xFF}}},
	{{{-43, -32, 38}, 0, {1258, -3078}, {0xAF, 0xAA, 0x2E, 0xFF}}},
	{{{23, -11, 57}, 0, {1868, -778}, {0xE7, 0xEB, 0x7B, 0xFF}}},
	{{{-45, 3, 62}, 0, {1820, -3260}, {0xB1, 0x03, 0x64, 0xFF}}},
	{{{32, 51, 31}, 0, {1260, -736}, {0x0E, 0x5F, 0x53, 0xFF}}},
	{{{-43, 50, 25}, 0, {936, -3430}, {0xAC, 0x55, 0x2B, 0xFF}}},
	{{{32, 61, 0}, 0, {502, -836}, {0x0B, 0x7E, 0x00, 0xFF}}},
	{{{-43, 50, -25}, 0, {-278, -3520}, {0xAC, 0x55, 0xD5, 0xFF}}},
	{{{32, 51, -31}, 0, {-248, -848}, {0x0E, 0x5F, 0xAD, 0xFF}}},
	{{{-45, 3, -62}, 0, {-1148, -3482}, {0xB1, 0x03, 0x9C, 0xFF}}},
	{{{23, -11, -57}, 0, {-868, -984}, {0xE7, 0xEB, 0x85, 0xFF}}},
	{{{-43, -32, -38}, 0, {-556, -3214}, {0xAF, 0xAA, 0xD2, 0xFF}}},
	{{{25, -35, -36}, 0, {-338, -598}, {0xF3, 0x8D, 0xCB, 0xFF}}},
};

Gfx monteman_Torso_mesh_layer_1_tri_1[] = {
	gsSPVertex(monteman_Torso_mesh_layer_1_vtx_1 + 0, 44, 0),
	gsSP2Triangles(0, 1, 2, 0, 2, 1, 3, 0),
	gsSP2Triangles(3, 1, 4, 0, 4, 5, 3, 0),
	gsSP2Triangles(3, 5, 6, 0, 6, 5, 7, 0),
	gsSP2Triangles(8, 9, 10, 0, 10, 11, 8, 0),
	gsSP2Triangles(12, 8, 11, 0, 11, 13, 12, 0),
	gsSP2Triangles(13, 14, 12, 0, 14, 13, 15, 0),
	gsSP2Triangles(15, 16, 14, 0, 17, 18, 19, 0),
	gsSP2Triangles(17, 19, 20, 0, 20, 21, 17, 0),
	gsSP2Triangles(22, 21, 20, 0, 20, 23, 22, 0),
	gsSP2Triangles(22, 24, 25, 0, 25, 26, 22, 0),
	gsSP2Triangles(27, 26, 25, 0, 25, 28, 27, 0),
	gsSP2Triangles(28, 29, 27, 0, 30, 31, 32, 0),
	gsSP2Triangles(33, 32, 31, 0, 33, 34, 32, 0),
	gsSP2Triangles(35, 34, 33, 0, 35, 36, 34, 0),
	gsSP2Triangles(36, 35, 37, 0, 37, 38, 36, 0),
	gsSP2Triangles(37, 39, 38, 0, 40, 38, 39, 0),
	gsSP2Triangles(41, 40, 39, 0, 42, 40, 41, 0),
	gsSP2Triangles(43, 42, 41, 0, 42, 43, 30, 0),
	gsSP2Triangles(32, 42, 30, 0, 42, 32, 38, 0),
	gsSP2Triangles(38, 32, 36, 0, 32, 34, 36, 0),
	gsSP1Triangle(38, 40, 42, 0),
	gsSPEndDisplayList(),
};

Vtx monteman_Head_DL_mesh_layer_1_vtx_0[42] = {
	{{{178, 21, 40}, 0, {154, 46}, {0x69, 0xBE, 0x1D, 0xFF}}},
	{{{185, 21, 0}, 0, {0, 26}, {0x78, 0x09, 0x28, 0xFF}}},
	{{{168, 76, 0}, 0, {0, 273}, {0x5E, 0x41, 0xC8, 0xFF}}},
	{{{160, 67, 39}, 0, {120, 263}, {0x1B, 0x63, 0x4B, 0xFF}}},
	{{{126, 30, 66}, 0, {233, 218}, {0xBD, 0x1E, 0x68, 0xFF}}},
	{{{123, 50, 55}, 0, {221, 298}, {0x15, 0x41, 0x6B, 0xFF}}},
	{{{78, 39, 49}, 0, {297, 384}, {0xC1, 0x3C, 0x5C, 0xFF}}},
	{{{56, 30, 66}, 0, {298, 408}, {0x9A, 0xE4, 0x46, 0xFF}}},
	{{{32, 43, 49}, 0, {324, 525}, {0xD2, 0x68, 0xC7, 0xFF}}},
	{{{29, 18, 53}, 0, {328, 441}, {0xF6, 0x84, 0xE6, 0xFF}}},
	{{{106, 20, 60}, 0, {1112, -668}, {0xE5, 0xD2, 0x73, 0xFF}}},
	{{{-3, 32, 54}, 0, {334, 580}, {0xCE, 0x8C, 0xF3, 0xFF}}},
	{{{106, 20, 60}, 0, {270, 238}, {0xE5, 0xD2, 0x73, 0xFF}}},
	{{{94, -12, 49}, 0, {312, 154}, {0xE4, 0xB4, 0x61, 0xFF}}},
	{{{129, -43, 47}, 0, {306, -52}, {0x12, 0x83, 0x0B, 0xFF}}},
	{{{50, -16, 29}, 0, {353, 260}, {0xD9, 0x92, 0x31, 0xFF}}},
	{{{48, -35, 0}, 0, {384, 194}, {0x33, 0x94, 0xD6, 0xFF}}},
	{{{6, -38, 0}, 0, {384, 300}, {0x11, 0xAE, 0xA1, 0xFF}}},
	{{{50, -16, -29}, 0, {414, 260}, {0x15, 0xAD, 0xA2, 0xFF}}},
	{{{129, -43, -47}, 0, {461, -52}, {0x5D, 0xB2, 0xDA, 0xFF}}},
	{{{94, -12, -49}, 0, {455, 154}, {0xE1, 0xB5, 0x9E, 0xFF}}},
	{{{126, 30, -66}, 0, {534, 218}, {0xC2, 0xEA, 0x93, 0xFF}}},
	{{{106, 20, -60}, 0, {497, 238}, {0x00, 0xC5, 0x8F, 0xFF}}},
	{{{56, 30, -66}, 0, {469, 408}, {0x67, 0x08, 0xB7, 0xFF}}},
	{{{29, 18, -53}, 0, {439, 441}, {0xF4, 0x83, 0x12, 0xFF}}},
	{{{-3, 32, -54}, 0, {433, 580}, {0xD4, 0x08, 0x89, 0xFF}}},
	{{{32, 43, -49}, 0, {443, 525}, {0xFF, 0x74, 0x34, 0xFF}}},
	{{{78, 39, -49}, 0, {470, 384}, {0xCB, 0x25, 0x92, 0xFF}}},
	{{{106, 20, -60}, 0, {1112, -668}, {0x00, 0xC5, 0x8F, 0xFF}}},
	{{{123, 50, -55}, 0, {546, 298}, {0xFA, 0x4D, 0x9B, 0xFF}}},
	{{{160, 67, -39}, 0, {647, 263}, {0x1F, 0x2A, 0x8C, 0xFF}}},
	{{{178, 21, -40}, 0, {613, 46}, {0x27, 0x09, 0x88, 0xFF}}},
	{{{168, 76, 0}, 0, {768, 273}, {0x5E, 0x41, 0xC8, 0xFF}}},
	{{{185, 21, 0}, 0, {768, 26}, {0x78, 0x09, 0x28, 0xFF}}},
	{{{177, -31, 0}, 0, {384, -140}, {0x26, 0x87, 0x00, 0xFF}}},
	{{{129, -65, 0}, 0, {384, -134}, {0x10, 0xA9, 0xA5, 0xFF}}},
	{{{-23, -73, 34}, 0, {-16, 240}, {0x0E, 0xF5, 0x7E, 0x00}}},
	{{{-40, -39, 0}, 0, {-16, 240}, {0xCB, 0x74, 0x00, 0x00}}},
	{{{-138, -104, 0}, 0, {-16, 240}, {0x86, 0xDE, 0x00, 0x00}}},
	{{{61, -11, 0}, 0, {-16, 240}, {0x6A, 0x46, 0x00, 0x00}}},
	{{{-23, -107, 0}, 0, {-16, 240}, {0x2B, 0x89, 0x00, 0x00}}},
	{{{-23, -73, -34}, 0, {-16, 240}, {0x0E, 0xF5, 0x82, 0x00}}},
};

Gfx monteman_Head_DL_mesh_layer_1_tri_0[] = {
	gsSPVertex(monteman_Head_DL_mesh_layer_1_vtx_0 + 0, 42, 0),
	gsSP2Triangles(0, 1, 2, 0, 2, 3, 0, 0),
	gsSP2Triangles(4, 0, 3, 0, 5, 4, 3, 0),
	gsSP2Triangles(6, 4, 5, 0, 7, 4, 6, 0),
	gsSP2Triangles(6, 8, 7, 0, 8, 6, 9, 0),
	gsSP2Triangles(9, 6, 10, 0, 11, 8, 9, 0),
	gsSP2Triangles(7, 8, 11, 0, 11, 9, 7, 0),
	gsSP2Triangles(7, 9, 12, 0, 12, 4, 7, 0),
	gsSP2Triangles(13, 4, 12, 0, 4, 13, 14, 0),
	gsSP2Triangles(15, 14, 13, 0, 14, 15, 16, 0),
	gsSP2Triangles(17, 16, 15, 0, 18, 16, 17, 0),
	gsSP2Triangles(16, 18, 19, 0, 20, 19, 18, 0),
	gsSP2Triangles(19, 20, 21, 0, 22, 21, 20, 0),
	gsSP2Triangles(23, 21, 22, 0, 22, 24, 23, 0),
	gsSP2Triangles(23, 24, 25, 0, 25, 24, 26, 0),
	gsSP2Triangles(26, 24, 27, 0, 24, 28, 27, 0),
	gsSP2Triangles(23, 26, 27, 0, 25, 26, 23, 0),
	gsSP2Triangles(27, 21, 23, 0, 29, 21, 27, 0),
	gsSP2Triangles(30, 21, 29, 0, 30, 31, 21, 0),
	gsSP2Triangles(31, 30, 32, 0, 32, 33, 31, 0),
	gsSP2Triangles(34, 31, 33, 0, 33, 0, 34, 0),
	gsSP2Triangles(14, 34, 0, 0, 14, 0, 4, 0),
	gsSP2Triangles(14, 35, 34, 0, 16, 35, 14, 0),
	gsSP2Triangles(16, 19, 35, 0, 35, 19, 34, 0),
	gsSP2Triangles(31, 34, 19, 0, 21, 31, 19, 0),
	gsSP2Triangles(36, 37, 38, 0, 37, 36, 39, 0),
	gsSP2Triangles(39, 36, 40, 0, 40, 36, 38, 0),
	gsSP2Triangles(41, 40, 38, 0, 38, 37, 41, 0),
	gsSP2Triangles(37, 39, 41, 0, 41, 39, 40, 0),
	gsSPEndDisplayList(),
};

Vtx monteman_Head_DL_mesh_layer_1_vtx_1[87] = {
	{{{106, 20, -60}, 0, {8, 8}, {0x00, 0xC5, 0x8F, 0xFF}}},
	{{{114, -20, -82}, 0, {1640, 248}, {0x13, 0xB2, 0x9D, 0xFF}}},
	{{{72, 7, -54}, 0, {308, 1272}, {0x0F, 0x05, 0x82, 0xFF}}},
	{{{72, 7, 54}, 0, {308, 1272}, {0x10, 0xD0, 0x75, 0xFF}}},
	{{{114, -20, 82}, 0, {1640, 248}, {0x58, 0xE4, 0x57, 0xFF}}},
	{{{106, 20, 60}, 0, {8, 8}, {0xE5, 0xD2, 0x73, 0xFF}}},
	{{{123, 50, -55}, 0, {4400, 1304}, {0xFA, 0x4D, 0x9B, 0xFF}}},
	{{{119, 86, -44}, 0, {1932, 3388}, {0xF9, 0x7A, 0xDD, 0xFF}}},
	{{{160, 67, -39}, 0, {232, -20}, {0x1F, 0x2A, 0x8C, 0xFF}}},
	{{{137, 85, -39}, 0, {636, 2264}, {0xF7, 0x5A, 0xA7, 0xFF}}},
	{{{168, 76, 0}, 0, {-4, 44}, {0x5E, 0x41, 0xC8, 0xFF}}},
	{{{160, 67, -39}, 0, {4564, 72}, {0x1F, 0x2A, 0x8C, 0xFF}}},
	{{{137, 85, -39}, 0, {4572, 2352}, {0xF7, 0x5A, 0xA7, 0xFF}}},
	{{{138, 99, 0}, 0, {44, 3024}, {0x31, 0x69, 0xCC, 0xFF}}},
	{{{137, 85, 39}, 0, {4572, 2352}, {0x10, 0x77, 0x2A, 0xFF}}},
	{{{160, 67, 39}, 0, {4564, 72}, {0x1B, 0x63, 0x4B, 0xFF}}},
	{{{160, 67, 39}, 0, {232, -20}, {0x1B, 0x63, 0x4B, 0xFF}}},
	{{{137, 85, 39}, 0, {636, 2264}, {0x10, 0x77, 0x2A, 0xFF}}},
	{{{119, 86, 44}, 0, {1932, 3388}, {0x49, 0x4B, 0x48, 0xFF}}},
	{{{123, 50, 55}, 0, {4400, 1304}, {0x15, 0x41, 0x6B, 0xFF}}},
	{{{119, 86, -44}, 0, {4684, -3564}, {0xF9, 0x7A, 0xDD, 0xFF}}},
	{{{123, 50, -55}, 0, {4788, -3036}, {0xFA, 0x4D, 0x9B, 0xFF}}},
	{{{78, 39, -49}, 0, {3960, -2908}, {0xCB, 0x25, 0x92, 0xFF}}},
	{{{72, 82, -41}, 0, {3816, -3536}, {0xB5, 0x51, 0xC1, 0xFF}}},
	{{{19, 105, -18}, 0, {2828, -3900}, {0x39, 0x5F, 0xC1, 0xFF}}},
	{{{72, 7, -54}, 0, {3872, -2456}, {0x0F, 0x05, 0x82, 0xFF}}},
	{{{106, 20, -60}, 0, {4496, -2624}, {0x00, 0xC5, 0x8F, 0xFF}}},
	{{{2, 18, -22}, 0, {2584, -2660}, {0x8D, 0x14, 0xCD, 0xFF}}},
	{{{50, -16, -29}, 0, {3496, -2140}, {0x15, 0xAD, 0xA2, 0xFF}}},
	{{{94, -12, -49}, 0, {4304, -2168}, {0xE1, 0xB5, 0x9E, 0xFF}}},
	{{{114, -20, -82}, 0, {4680, -2040}, {0x13, 0xB2, 0x9D, 0xFF}}},
	{{{10, -13, -28}, 0, {2752, -2200}, {0xAE, 0x50, 0xCA, 0xFF}}},
	{{{6, -38, 0}, 0, {2708, -1848}, {0x11, 0xAE, 0xA1, 0xFF}}},
	{{{10, -13, 28}, 0, {2752, -2200}, {0xB4, 0x9B, 0x0C, 0xFF}}},
	{{{50, -16, 29}, 0, {3496, -2140}, {0xD9, 0x92, 0x31, 0xFF}}},
	{{{2, 18, 22}, 0, {2584, -2660}, {0x99, 0xF5, 0x4A, 0xFF}}},
	{{{72, 7, 54}, 0, {3872, -2456}, {0x10, 0xD0, 0x75, 0xFF}}},
	{{{94, -12, 49}, 0, {4304, -2168}, {0xE4, 0xB4, 0x61, 0xFF}}},
	{{{114, -20, 82}, 0, {4680, -2040}, {0x58, 0xE4, 0x57, 0xFF}}},
	{{{106, 20, 60}, 0, {4496, -2624}, {0xE5, 0xD2, 0x73, 0xFF}}},
	{{{19, 105, 18}, 0, {2828, -3900}, {0x27, 0x34, 0x6D, 0xFF}}},
	{{{78, 39, 49}, 0, {3960, -2908}, {0xC1, 0x3C, 0x5C, 0xFF}}},
	{{{72, 82, 41}, 0, {3816, -3536}, {0x0E, 0x70, 0x3A, 0xFF}}},
	{{{119, 86, 44}, 0, {4684, -3564}, {0x49, 0x4B, 0x48, 0xFF}}},
	{{{123, 50, 55}, 0, {4788, -3036}, {0x15, 0x41, 0x6B, 0xFF}}},
	{{{113, 101, -6}, 0, {64, 1062}, {0x29, 0x65, 0xBF, 0xFF}}},
	{{{137, 85, -39}, 0, {1050, 2}, {0xF7, 0x5A, 0xA7, 0xFF}}},
	{{{119, 86, -44}, 0, {1060, 1068}, {0xF9, 0x7A, 0xDD, 0xFF}}},
	{{{138, 99, 0}, 0, {60, -456}, {0x31, 0x69, 0xCC, 0xFF}}},
	{{{86, 96, -12}, 0, {-24, 1504}, {0x01, 0x75, 0xCF, 0xFF}}},
	{{{113, 101, -6}, 0, {-352, 216}, {0x29, 0x65, 0xBF, 0xFF}}},
	{{{119, 86, -44}, 0, {1556, -74}, {0xF9, 0x7A, 0xDD, 0xFF}}},
	{{{72, 82, -41}, 0, {1448, 2220}, {0xB5, 0x51, 0xC1, 0xFF}}},
	{{{72, 82, -41}, 0, {-229, 154}, {0xB5, 0x51, 0xC1, 0xFF}}},
	{{{19, 105, -18}, 0, {187, 2562}, {0x39, 0x5F, 0xC1, 0xFF}}},
	{{{86, 96, -12}, 0, {294, -496}, {0x01, 0x75, 0xCF, 0xFF}}},
	{{{81, 101, 0}, 0, {512, -240}, {0xB4, 0x65, 0x0C, 0xFF}}},
	{{{19, 105, 18}, 0, {836, 2562}, {0x27, 0x34, 0x6D, 0xFF}}},
	{{{86, 96, 12}, 0, {729, -496}, {0x01, 0x75, 0x31, 0xFF}}},
	{{{72, 82, 41}, 0, {1253, 154}, {0x0E, 0x70, 0x3A, 0xFF}}},
	{{{113, 101, 6}, 0, {64, 1062}, {0x1A, 0x66, 0x47, 0xFF}}},
	{{{137, 85, 39}, 0, {1050, 2}, {0x10, 0x77, 0x2A, 0xFF}}},
	{{{119, 86, 44}, 0, {1060, 1068}, {0x49, 0x4B, 0x48, 0xFF}}},
	{{{119, 86, 44}, 0, {1556, -74}, {0x49, 0x4B, 0x48, 0xFF}}},
	{{{113, 101, 6}, 0, {-352, 216}, {0x1A, 0x66, 0x47, 0xFF}}},
	{{{86, 96, 12}, 0, {-24, 1504}, {0x01, 0x75, 0x31, 0xFF}}},
	{{{72, 82, 41}, 0, {1448, 2220}, {0x0E, 0x70, 0x3A, 0xFF}}},
	{{{91, 112, 6}, 0, {4140, -3964}, {0x31, 0x5F, 0x45, 0xFF}}},
	{{{86, 96, 12}, 0, {4068, -3724}, {0x01, 0x75, 0x31, 0xFF}}},
	{{{113, 101, 6}, 0, {4548, -3788}, {0x1A, 0x66, 0x47, 0xFF}}},
	{{{113, 101, 0}, 0, {4548, -3788}, {0x13, 0x7C, 0x11, 0xFF}}},
	{{{138, 99, 0}, 0, {5012, -3748}, {0x31, 0x69, 0xCC, 0xFF}}},
	{{{113, 101, -6}, 0, {4548, -3788}, {0x29, 0x65, 0xBF, 0xFF}}},
	{{{91, 112, -6}, 0, {4140, -3964}, {0x31, 0x5F, 0xBB, 0xFF}}},
	{{{86, 96, -12}, 0, {4068, -3724}, {0x01, 0x75, 0xCF, 0xFF}}},
	{{{91, 112, 6}, 0, {-388, 376}, {0xBF, 0x61, 0x31, 0xFF}}},
	{{{81, 101, 0}, 0, {476, 1164}, {0xB4, 0x65, 0x0C, 0xFF}}},
	{{{86, 96, 12}, 0, {740, 572}, {0x01, 0x75, 0x31, 0xFF}}},
	{{{91, 112, -6}, 0, {-388, 376}, {0xBF, 0x61, 0xCF, 0xFF}}},
	{{{86, 96, -12}, 0, {740, 572}, {0x01, 0x75, 0xCF, 0xFF}}},
	{{{10, -13, 28}, 0, {2752, -2200}, {0xB4, 0x9B, 0x0C, 0xFF}}},
	{{{2, 18, 22}, 0, {2584, -2660}, {0x99, 0xF5, 0x4A, 0xFF}}},
	{{{10, -13, -28}, 0, {2752, -2200}, {0xAE, 0x50, 0xCA, 0xFF}}},
	{{{2, 18, -22}, 0, {2584, -2660}, {0x8D, 0x14, 0xCD, 0xFF}}},
	{{{-6, 45, 0}, 0, {2420, -3052}, {0x54, 0xC3, 0xB7, 0xFF}}},
	{{{19, 105, 18}, 0, {2828, -3900}, {0x27, 0x34, 0x6D, 0xFF}}},
	{{{19, 105, -18}, 0, {2828, -3900}, {0x39, 0x5F, 0xC1, 0xFF}}},
};

Gfx monteman_Head_DL_mesh_layer_1_tri_1[] = {
	gsSPVertex(monteman_Head_DL_mesh_layer_1_vtx_1 + 0, 63, 0),
	gsSP2Triangles(0, 1, 2, 0, 3, 4, 5, 0),
	gsSP2Triangles(6, 7, 8, 0, 7, 9, 8, 0),
	gsSP2Triangles(10, 11, 12, 0, 10, 12, 13, 0),
	gsSP2Triangles(13, 14, 10, 0, 14, 15, 10, 0),
	gsSP2Triangles(16, 17, 18, 0, 16, 18, 19, 0),
	gsSP2Triangles(20, 21, 22, 0, 22, 23, 20, 0),
	gsSP2Triangles(23, 22, 24, 0, 22, 25, 24, 0),
	gsSP2Triangles(26, 25, 22, 0, 24, 25, 27, 0),
	gsSP2Triangles(27, 25, 28, 0, 28, 25, 29, 0),
	gsSP2Triangles(30, 29, 25, 0, 26, 29, 30, 0),
	gsSP2Triangles(27, 28, 31, 0, 32, 31, 28, 0),
	gsSP2Triangles(31, 32, 33, 0, 34, 33, 32, 0),
	gsSP2Triangles(33, 34, 35, 0, 34, 36, 35, 0),
	gsSP2Triangles(37, 36, 34, 0, 36, 37, 38, 0),
	gsSP2Triangles(38, 37, 39, 0, 35, 36, 40, 0),
	gsSP2Triangles(40, 36, 41, 0, 41, 36, 39, 0),
	gsSP2Triangles(40, 41, 42, 0, 43, 42, 41, 0),
	gsSP2Triangles(41, 44, 43, 0, 45, 46, 47, 0),
	gsSP2Triangles(48, 46, 45, 0, 49, 50, 51, 0),
	gsSP2Triangles(51, 52, 49, 0, 53, 54, 55, 0),
	gsSP2Triangles(56, 55, 54, 0, 54, 57, 56, 0),
	gsSP2Triangles(57, 58, 56, 0, 58, 57, 59, 0),
	gsSP2Triangles(60, 61, 48, 0, 62, 61, 60, 0),
	gsSPVertex(monteman_Head_DL_mesh_layer_1_vtx_1 + 63, 24, 0),
	gsSP2Triangles(0, 1, 2, 0, 2, 3, 0, 0),
	gsSP2Triangles(4, 5, 6, 0, 4, 6, 7, 0),
	gsSP2Triangles(8, 7, 6, 0, 9, 7, 8, 0),
	gsSP2Triangles(7, 9, 10, 0, 9, 11, 10, 0),
	gsSP2Triangles(10, 4, 7, 0, 12, 13, 14, 0),
	gsSP2Triangles(12, 15, 13, 0, 16, 13, 15, 0),
	gsSP2Triangles(17, 18, 19, 0, 20, 19, 18, 0),
	gsSP2Triangles(21, 20, 18, 0, 22, 21, 18, 0),
	gsSP2Triangles(21, 22, 23, 0, 20, 21, 23, 0),
	gsSPEndDisplayList(),
};

Vtx monteman_Head_DL_mesh_layer_1_vtx_2[41] = {
	{{{309, -8, -48}, 0, {-260, 764}, {0x59, 0xD4, 0xB1, 0xFF}}},
	{{{340, 16, -25}, 0, {-260, 764}, {0x7F, 0x03, 0xFE, 0xFF}}},
	{{{319, -8, 0}, 0, {-260, 764}, {0x55, 0xA3, 0xED, 0xFF}}},
	{{{303, 58, -66}, 0, {-260, 764}, {0x4E, 0x4B, 0xBD, 0xFF}}},
	{{{275, 11, -80}, 0, {-260, 764}, {0x34, 0x03, 0x8C, 0xFF}}},
	{{{228, 38, -84}, 0, {-260, 764}, {0x1D, 0x02, 0x84, 0xFF}}},
	{{{202, 81, -93}, 0, {-260, 764}, {0x29, 0x57, 0xAD, 0xFF}}},
	{{{226, 72, -49}, 0, {-260, 764}, {0x16, 0x7D, 0x05, 0xFF}}},
	{{{274, 67, -22}, 0, {-260, 764}, {0x30, 0x75, 0x07, 0xFF}}},
	{{{309, 34, 0}, 0, {-260, 764}, {0x55, 0x4E, 0x35, 0xFF}}},
	{{{319, -8, 0}, 0, {-260, 764}, {0x56, 0x16, 0x5B, 0xFF}}},
	{{{309, -8, 47}, 0, {-260, 764}, {0x59, 0xD4, 0x4F, 0xFF}}},
	{{{319, -8, 0}, 0, {-260, 764}, {0x6D, 0xD5, 0xD0, 0xFF}}},
	{{{340, 16, 25}, 0, {-260, 764}, {0x7F, 0x03, 0x02, 0xFF}}},
	{{{309, 34, 0}, 0, {-260, 764}, {0x55, 0x4E, 0xCB, 0xFF}}},
	{{{303, 58, 66}, 0, {-260, 764}, {0x4E, 0x4B, 0x43, 0xFF}}},
	{{{274, 67, 21}, 0, {-260, 764}, {0x30, 0x75, 0xF9, 0xFF}}},
	{{{226, 72, 49}, 0, {-260, 764}, {0x16, 0x7D, 0xFB, 0xFF}}},
	{{{202, 81, 93}, 0, {-260, 764}, {0x29, 0x57, 0x53, 0xFF}}},
	{{{228, 38, 84}, 0, {-260, 764}, {0x1D, 0x02, 0x7C, 0xFF}}},
	{{{275, 11, 80}, 0, {-260, 764}, {0x34, 0x03, 0x74, 0xFF}}},
	{{{309, -8, 47}, 0, {-260, 764}, {0x59, 0x2C, 0x4F, 0xFF}}},
	{{{340, -32, 25}, 0, {-260, 764}, {0x7F, 0xFD, 0x02, 0xFF}}},
	{{{319, -8, 0}, 0, {-260, 764}, {0x6D, 0x2B, 0xD0, 0xFF}}},
	{{{303, -75, 66}, 0, {-260, 764}, {0x4E, 0xB5, 0x43, 0xFF}}},
	{{{275, -28, 80}, 0, {-260, 764}, {0x34, 0xFD, 0x74, 0xFF}}},
	{{{228, -54, 84}, 0, {-260, 764}, {0x1D, 0xFE, 0x7C, 0xFF}}},
	{{{202, -97, 93}, 0, {-260, 764}, {0x29, 0xA9, 0x53, 0xFF}}},
	{{{226, -88, 49}, 0, {-260, 764}, {0x16, 0x83, 0xFB, 0xFF}}},
	{{{274, -84, 21}, 0, {-260, 764}, {0x30, 0x8B, 0xF9, 0xFF}}},
	{{{309, -51, 0}, 0, {-260, 764}, {0x55, 0xB2, 0xCB, 0xFF}}},
	{{{309, -8, -48}, 0, {-260, 764}, {0x59, 0x2C, 0xB1, 0xFF}}},
	{{{319, -8, 0}, 0, {-260, 764}, {0x6D, 0x2B, 0x30, 0xFF}}},
	{{{340, -32, -25}, 0, {-260, 764}, {0x7F, 0xFD, 0xFE, 0xFF}}},
	{{{309, -51, 0}, 0, {-260, 764}, {0x55, 0xB2, 0x35, 0xFF}}},
	{{{303, -75, -66}, 0, {-260, 764}, {0x4E, 0xB5, 0xBD, 0xFF}}},
	{{{274, -84, -22}, 0, {-260, 764}, {0x30, 0x8B, 0x07, 0xFF}}},
	{{{226, -88, -49}, 0, {-260, 764}, {0x16, 0x83, 0x05, 0xFF}}},
	{{{202, -97, -93}, 0, {-260, 764}, {0x29, 0xA9, 0xAD, 0xFF}}},
	{{{228, -54, -84}, 0, {-260, 764}, {0x1D, 0xFE, 0x84, 0xFF}}},
	{{{275, -28, -80}, 0, {-260, 764}, {0x34, 0xFD, 0x8C, 0xFF}}},
};

Gfx monteman_Head_DL_mesh_layer_1_tri_2[] = {
	gsSPVertex(monteman_Head_DL_mesh_layer_1_vtx_2 + 0, 41, 0),
	gsSP2Triangles(0, 1, 2, 0, 0, 3, 1, 0),
	gsSP2Triangles(0, 4, 3, 0, 4, 5, 3, 0),
	gsSP2Triangles(5, 6, 3, 0, 6, 7, 3, 0),
	gsSP2Triangles(3, 7, 8, 0, 9, 3, 8, 0),
	gsSP2Triangles(9, 1, 3, 0, 9, 10, 1, 0),
	gsSP2Triangles(11, 12, 13, 0, 14, 13, 12, 0),
	gsSP2Triangles(14, 15, 13, 0, 14, 16, 15, 0),
	gsSP2Triangles(15, 16, 17, 0, 18, 15, 17, 0),
	gsSP2Triangles(19, 15, 18, 0, 20, 15, 19, 0),
	gsSP2Triangles(11, 15, 20, 0, 11, 13, 15, 0),
	gsSP2Triangles(21, 22, 23, 0, 21, 24, 22, 0),
	gsSP2Triangles(21, 25, 24, 0, 25, 26, 24, 0),
	gsSP2Triangles(26, 27, 24, 0, 27, 28, 24, 0),
	gsSP2Triangles(24, 28, 29, 0, 30, 24, 29, 0),
	gsSP2Triangles(30, 22, 24, 0, 30, 23, 22, 0),
	gsSP2Triangles(31, 32, 33, 0, 34, 33, 32, 0),
	gsSP2Triangles(34, 35, 33, 0, 34, 36, 35, 0),
	gsSP2Triangles(35, 36, 37, 0, 38, 35, 37, 0),
	gsSP2Triangles(39, 35, 38, 0, 40, 35, 39, 0),
	gsSP2Triangles(31, 35, 40, 0, 31, 33, 35, 0),
	gsSPEndDisplayList(),
};

Vtx monteman_Head_DL_mesh_layer_1_vtx_3[9] = {
	{{{201, -8, -17}, 0, {-16, 112}, {0x0F, 0xBC, 0x96, 0xFF}}},
	{{{205, 23, 0}, 0, {112, 112}, {0x22, 0x7A, 0x00, 0xFF}}},
	{{{318, -8, 0}, 0, {48, -16}, {0x7E, 0xF4, 0x00, 0xFF}}},
	{{{205, 23, 0}, 0, {-16, 112}, {0x22, 0x7A, 0x00, 0xFF}}},
	{{{201, -8, 16}, 0, {112, 112}, {0x0F, 0xBC, 0x6A, 0xFF}}},
	{{{318, -8, 0}, 0, {48, -16}, {0x7E, 0xF4, 0x00, 0xFF}}},
	{{{201, -8, 16}, 0, {-16, 112}, {0x0F, 0xBC, 0x6A, 0xFF}}},
	{{{201, -8, -17}, 0, {112, 112}, {0x0F, 0xBC, 0x96, 0xFF}}},
	{{{318, -8, 0}, 0, {48, -16}, {0x7E, 0xF4, 0x00, 0xFF}}},
};

Gfx monteman_Head_DL_mesh_layer_1_tri_3[] = {
	gsSPVertex(monteman_Head_DL_mesh_layer_1_vtx_3 + 0, 9, 0),
	gsSP2Triangles(0, 1, 2, 0, 3, 4, 5, 0),
	gsSP1Triangle(6, 7, 8, 0),
	gsSPEndDisplayList(),
};

Vtx monteman_Head_DL_mesh_layer_1_vtx_4[26] = {
	{{{102, 116, 34}, 0, {-16, 1008}, {0x06, 0xC0, 0x6E, 0xFF}}},
	{{{122, 111, 25}, 0, {-16, 1008}, {0x55, 0xC4, 0x49, 0xFF}}},
	{{{127, 137, 41}, 0, {-16, 1008}, {0x4D, 0xDF, 0x60, 0xFF}}},
	{{{142, 136, 0}, 0, {-16, 1008}, {0x7C, 0xE4, 0xFF, 0xFF}}},
	{{{133, 113, 0}, 0, {-16, 1008}, {0x76, 0xD2, 0xFF, 0xFF}}},
	{{{122, 111, -24}, 0, {-16, 1008}, {0x54, 0xC4, 0xB6, 0xFF}}},
	{{{127, 137, -40}, 0, {-16, 1008}, {0x4C, 0xDF, 0xA0, 0xFF}}},
	{{{102, 116, -33}, 0, {-16, 1008}, {0x06, 0xC0, 0x92, 0xFF}}},
	{{{100, 138, -45}, 0, {-16, 1008}, {0xFE, 0xE2, 0x85, 0xFF}}},
	{{{72, 139, -40}, 0, {-16, 1008}, {0xAF, 0xE9, 0xA1, 0xFF}}},
	{{{77, 119, -30}, 0, {-16, 1008}, {0xB5, 0xC5, 0xAD, 0xFF}}},
	{{{57, 140, 0}, 0, {-16, 1008}, {0x83, 0xEC, 0xFE, 0xFF}}},
	{{{66, 117, 0}, 0, {-16, 1008}, {0x8A, 0xD2, 0xFF, 0xFF}}},
	{{{77, 119, 31}, 0, {-16, 1008}, {0xB4, 0xC5, 0x53, 0xFF}}},
	{{{72, 139, 41}, 0, {-16, 1008}, {0xB0, 0xE7, 0x60, 0xFF}}},
	{{{100, 138, 46}, 0, {-16, 1008}, {0xFE, 0xE2, 0x7B, 0xFF}}},
	{{{129, 170, 41}, 0, {-16, 1008}, {0x49, 0x39, 0x58, 0xFF}}},
	{{{144, 169, 0}, 0, {-16, 1008}, {0x78, 0x29, 0x00, 0xFF}}},
	{{{129, 170, -40}, 0, {-16, 1008}, {0x48, 0x38, 0xA8, 0xFF}}},
	{{{103, 171, -45}, 0, {-16, 1008}, {0x03, 0x43, 0x94, 0xFF}}},
	{{{77, 172, -40}, 0, {-16, 1008}, {0xC2, 0x42, 0xA7, 0xFF}}},
	{{{58, 173, 0}, 0, {-16, 1008}, {0x90, 0x3C, 0xFE, 0xFF}}},
	{{{77, 172, 41}, 0, {-16, 1008}, {0xC3, 0x43, 0x59, 0xFF}}},
	{{{103, 171, 46}, 0, {-16, 1008}, {0x03, 0x44, 0x6B, 0xFF}}},
	{{{126, 187, 0}, 0, {-16, 1008}, {0x2F, 0x76, 0x00, 0xFF}}},
	{{{85, 189, 0}, 0, {-16, 1008}, {0xE5, 0x7C, 0x00, 0xFF}}},
};

Gfx monteman_Head_DL_mesh_layer_1_tri_4[] = {
	gsSPVertex(monteman_Head_DL_mesh_layer_1_vtx_4 + 0, 26, 0),
	gsSP2Triangles(0, 1, 2, 0, 3, 2, 1, 0),
	gsSP2Triangles(1, 4, 3, 0, 3, 4, 5, 0),
	gsSP2Triangles(5, 6, 3, 0, 6, 5, 7, 0),
	gsSP2Triangles(8, 6, 7, 0, 9, 8, 7, 0),
	gsSP2Triangles(7, 10, 9, 0, 11, 9, 10, 0),
	gsSP2Triangles(10, 12, 11, 0, 11, 12, 13, 0),
	gsSP2Triangles(13, 14, 11, 0, 14, 13, 0, 0),
	gsSP2Triangles(15, 14, 0, 0, 2, 15, 0, 0),
	gsSP2Triangles(15, 2, 16, 0, 16, 2, 3, 0),
	gsSP2Triangles(17, 16, 3, 0, 3, 6, 17, 0),
	gsSP2Triangles(6, 18, 17, 0, 8, 18, 6, 0),
	gsSP2Triangles(8, 19, 18, 0, 20, 19, 8, 0),
	gsSP2Triangles(9, 20, 8, 0, 20, 9, 11, 0),
	gsSP2Triangles(21, 20, 11, 0, 11, 14, 21, 0),
	gsSP2Triangles(14, 22, 21, 0, 22, 14, 15, 0),
	gsSP2Triangles(22, 15, 23, 0, 23, 15, 16, 0),
	gsSP2Triangles(16, 24, 23, 0, 24, 16, 17, 0),
	gsSP2Triangles(24, 17, 18, 0, 24, 18, 19, 0),
	gsSP2Triangles(19, 25, 24, 0, 25, 19, 20, 0),
	gsSP2Triangles(21, 25, 20, 0, 21, 22, 25, 0),
	gsSP2Triangles(22, 23, 25, 0, 25, 23, 24, 0),
	gsSPEndDisplayList(),
};

Vtx monteman_Head_DL_mesh_layer_2_vtx_0[6] = {
	{{{106, 20, -60}, 0, {-10, -10}, {0x06, 0xCC, 0x8D, 0xFF}}},
	{{{114, -19, -82}, 0, {398, 50}, {0xF9, 0x9E, 0xB0, 0xFF}}},
	{{{72, 7, -54}, 0, {65, 306}, {0xD2, 0xDC, 0x8F, 0xFF}}},
	{{{72, 7, 54}, 0, {65, 306}, {0xD2, 0xDC, 0x71, 0xFF}}},
	{{{114, -19, 82}, 0, {398, 50}, {0xF9, 0x9E, 0x50, 0xFF}}},
	{{{106, 20, 60}, 0, {-10, -10}, {0x06, 0xCC, 0x73, 0xFF}}},
};

Gfx monteman_Head_DL_mesh_layer_2_tri_0[] = {
	gsSPVertex(monteman_Head_DL_mesh_layer_2_vtx_0 + 0, 6, 0),
	gsSP2Triangles(0, 1, 2, 0, 3, 4, 5, 0),
	gsSPEndDisplayList(),
};

Vtx monteman_Head_DL_mesh_layer_2_vtx_1[6] = {
	{{{86, 96, -12}, 0, {-20, 744}, {0x06, 0x6B, 0xBB, 0xFF}}},
	{{{113, 101, -6}, 0, {-184, 100}, {0x03, 0x55, 0xA2, 0xFF}}},
	{{{119, 86, -44}, 0, {770, -45}, {0x02, 0x4F, 0x9D, 0xFF}}},
	{{{119, 86, 44}, 0, {770, -45}, {0x02, 0x4F, 0x63, 0xFF}}},
	{{{113, 101, 6}, 0, {-184, 100}, {0x03, 0x55, 0x5E, 0xFF}}},
	{{{86, 96, 12}, 0, {-20, 744}, {0x06, 0x6B, 0x45, 0xFF}}},
};

Gfx monteman_Head_DL_mesh_layer_2_tri_1[] = {
	gsSPVertex(monteman_Head_DL_mesh_layer_2_vtx_1 + 0, 6, 0),
	gsSP2Triangles(0, 1, 2, 0, 3, 4, 5, 0),
	gsSPEndDisplayList(),
};

Vtx monteman_Head_DL_mesh_layer_2_vtx_2[7] = {
	{{{72, 82, -41}, 0, {-229, 69}, {0xF3, 0x4C, 0x9B, 0xFF}}},
	{{{19, 105, -18}, 0, {187, 1273}, {0xCF, 0x4F, 0xA9, 0xFF}}},
	{{{86, 96, -12}, 0, {294, -256}, {0x03, 0x6B, 0xBC, 0xFF}}},
	{{{81, 101, 0}, 0, {512, -128}, {0x38, 0x72, 0x00, 0xFF}}},
	{{{19, 105, 18}, 0, {836, 1273}, {0xCF, 0x4F, 0x57, 0xFF}}},
	{{{86, 96, 12}, 0, {729, -256}, {0x1B, 0x78, 0x21, 0xFF}}},
	{{{72, 82, 41}, 0, {1253, 69}, {0xF3, 0x4C, 0x65, 0xFF}}},
};

Gfx monteman_Head_DL_mesh_layer_2_tri_2[] = {
	gsSPVertex(monteman_Head_DL_mesh_layer_2_vtx_2 + 0, 7, 0),
	gsSP2Triangles(0, 1, 2, 0, 3, 2, 1, 0),
	gsSP2Triangles(1, 4, 3, 0, 4, 5, 3, 0),
	gsSP1Triangle(5, 4, 6, 0),
	gsSPEndDisplayList(),
};

Vtx monteman_Head_DL_mesh_layer_2_vtx_3[20] = {
	{{{-6, 45, 0}, 0, {112, 944}, {0x63, 0x50, 0x00, 0xFF}}},
	{{{19, 105, 18}, 0, {593, -509}, {0xEC, 0x32, 0x73, 0xFF}}},
	{{{19, 105, -18}, 0, {-369, -509}, {0xEC, 0x32, 0x8D, 0xFF}}},
	{{{19, 105, -18}, 0, {662, -133}, {0xEC, 0x32, 0x8D, 0xFF}}},
	{{{19, 105, 18}, 0, {-438, -133}, {0xEC, 0x32, 0x73, 0xFF}}},
	{{{50, 103, 0}, 0, {112, 967}, {0x10, 0x7E, 0x00, 0xFF}}},
	{{{123, 50, -55}, 0, {1088, 314}, {0xFE, 0x32, 0x8B, 0xFF}}},
	{{{119, 86, -44}, 0, {471, 835}, {0x06, 0x50, 0x9E, 0xFF}}},
	{{{160, 67, -39}, 0, {46, -17}, {0x62, 0x25, 0xB8, 0xFF}}},
	{{{137, 85, -39}, 0, {147, 554}, {0x0E, 0x6D, 0xC1, 0xFF}}},
	{{{168, 76, 0}, 0, {-13, -1}, {0x72, 0x38, 0x00, 0xFF}}},
	{{{160, 67, -39}, 0, {1129, 6}, {0x62, 0x25, 0xB8, 0xFF}}},
	{{{137, 85, -39}, 0, {1131, 576}, {0x0E, 0x6D, 0xC1, 0xFF}}},
	{{{138, 99, 0}, 0, {-1, 744}, {0x11, 0x7E, 0x00, 0xFF}}},
	{{{137, 85, 39}, 0, {1131, 576}, {0x0E, 0x6D, 0x3F, 0xFF}}},
	{{{160, 67, 39}, 0, {1129, 6}, {0x62, 0x25, 0x48, 0xFF}}},
	{{{160, 67, 39}, 0, {46, -17}, {0x62, 0x25, 0x48, 0xFF}}},
	{{{137, 85, 39}, 0, {147, 554}, {0x0E, 0x6D, 0x3F, 0xFF}}},
	{{{119, 86, 44}, 0, {471, 835}, {0x06, 0x50, 0x62, 0xFF}}},
	{{{123, 50, 55}, 0, {1088, 314}, {0xFE, 0x32, 0x75, 0xFF}}},
};

Gfx monteman_Head_DL_mesh_layer_2_tri_3[] = {
	gsSPVertex(monteman_Head_DL_mesh_layer_2_vtx_3 + 0, 20, 0),
	gsSP2Triangles(0, 1, 2, 0, 3, 4, 5, 0),
	gsSP2Triangles(6, 7, 8, 0, 7, 9, 8, 0),
	gsSP2Triangles(10, 11, 12, 0, 10, 12, 13, 0),
	gsSP2Triangles(13, 14, 10, 0, 14, 15, 10, 0),
	gsSP2Triangles(16, 17, 18, 0, 16, 18, 19, 0),
	gsSPEndDisplayList(),
};

Vtx monteman_Head_DL_mesh_layer_2_vtx_4[8] = {
	{{{113, 101, -6}, 0, {24, 523}, {0x12, 0x7C, 0xEA, 0xFF}}},
	{{{137, 85, -39}, 0, {517, -7}, {0x30, 0x67, 0xC7, 0xFF}}},
	{{{119, 86, -44}, 0, {522, 526}, {0x02, 0x4F, 0x9D, 0xFF}}},
	{{{138, 99, 0}, 0, {22, -236}, {0x24, 0x7A, 0x00, 0xFF}}},
	{{{113, 101, 6}, 0, {24, 523}, {0x12, 0x7C, 0x16, 0xFF}}},
	{{{137, 85, 39}, 0, {517, -7}, {0x30, 0x67, 0x39, 0xFF}}},
	{{{138, 99, 0}, 0, {22, -236}, {0x24, 0x7A, 0x00, 0xFF}}},
	{{{119, 86, 44}, 0, {522, 526}, {0x02, 0x4F, 0x63, 0xFF}}},
};

Gfx monteman_Head_DL_mesh_layer_2_tri_4[] = {
	gsSPVertex(monteman_Head_DL_mesh_layer_2_vtx_4 + 0, 8, 0),
	gsSP2Triangles(0, 1, 2, 0, 3, 1, 0, 0),
	gsSP2Triangles(4, 5, 6, 0, 7, 5, 4, 0),
	gsSPEndDisplayList(),
};

Vtx monteman_Head_DL_mesh_layer_4_vtx_0[41] = {
	{{{98, 94, -74}, 0, {-33, 316}, {0x2C, 0x51, 0xA9, 0xFF}}},
	{{{30, 24, -123}, 0, {-131, 770}, {0x24, 0xFB, 0x86, 0xFF}}},
	{{{40, 113, -87}, 0, {-129, 769}, {0x2D, 0x51, 0xA9, 0xFF}}},
	{{{89, 18, -105}, 0, {-266, 320}, {0x22, 0xFC, 0x86, 0xFF}}},
	{{{174, 69, -60}, 0, {74, -276}, {0x3E, 0x4B, 0xAE, 0xFF}}},
	{{{177, 94, 0}, 0, {533, -277}, {0x43, 0x6C, 0x00, 0xFF}}},
	{{{102, 126, 0}, 0, {533, 314}, {0x32, 0x75, 0x00, 0xFF}}},
	{{{45, 150, 0}, 0, {533, 769}, {0x31, 0x75, 0x00, 0xFF}}},
	{{{40, 113, 87}, 0, {-127, 769}, {0x2D, 0x51, 0x57, 0xFF}}},
	{{{98, 94, 74}, 0, {-31, 316}, {0x2C, 0x51, 0x57, 0xFF}}},
	{{{30, 24, 123}, 0, {-133, 770}, {0x24, 0xFB, 0x7A, 0xFF}}},
	{{{89, 18, 105}, 0, {-268, 320}, {0x22, 0xFC, 0x7A, 0xFF}}},
	{{{20, -66, 87}, 0, {-408, 770}, {0x1D, 0xA7, 0x56, 0xFF}}},
	{{{80, -58, 74}, 0, {-504, 323}, {0x1B, 0xA7, 0x57, 0xFF}}},
	{{{16, -103, 0}, 0, {-1067, 771}, {0x1A, 0x84, 0x00, 0xFF}}},
	{{{76, -90, 0}, 0, {-1067, 325}, {0x1A, 0x84, 0x00, 0xFF}}},
	{{{80, -58, -74}, 0, {-502, 323}, {0x1B, 0xA7, 0xA9, 0xFF}}},
	{{{20, -66, -87}, 0, {-406, 770}, {0x1D, 0xA7, 0xAA, 0xFF}}},
	{{{167, 10, -85}, 0, {-417, -273}, {0x34, 0xFB, 0x8C, 0xFF}}},
	{{{190, 58, -51}, 0, {142, -409}, {0x5E, 0x37, 0xBF, 0xFF}}},
	{{{192, 79, 0}, 0, {533, -409}, {0x61, 0x52, 0x00, 0xFF}}},
	{{{174, 69, 60}, 0, {76, -276}, {0x3E, 0x4B, 0x52, 0xFF}}},
	{{{167, 10, 85}, 0, {-419, -273}, {0x34, 0xFB, 0x74, 0xFF}}},
	{{{159, -49, 60}, 0, {-610, -270}, {0x2C, 0xA9, 0x52, 0xFF}}},
	{{{157, -73, 0}, 0, {-1067, -269}, {0x29, 0x88, 0x00, 0xFF}}},
	{{{159, -49, -60}, 0, {-608, -270}, {0x2C, 0xA9, 0xAE, 0xFF}}},
	{{{184, 8, -72}, 0, {-514, -408}, {0x56, 0xF6, 0xA3, 0xFF}}},
	{{{203, 43, -37}, 0, {248, -520}, {0x72, 0x21, 0xD3, 0xFF}}},
	{{{205, 58, 0}, 0, {533, -521}, {0x74, 0x34, 0x00, 0xFF}}},
	{{{190, 58, 51}, 0, {144, -409}, {0x5E, 0x37, 0x41, 0xFF}}},
	{{{184, 8, 72}, 0, {-516, -408}, {0x56, 0xF6, 0x5D, 0xFF}}},
	{{{178, -42, 51}, 0, {-679, -408}, {0x4E, 0xB4, 0x41, 0xFF}}},
	{{{176, -63, 0}, 0, {-1067, -408}, {0x4A, 0x99, 0x00, 0xFF}}},
	{{{178, -42, -51}, 0, {-677, -408}, {0x4E, 0xB4, 0xBF, 0xFF}}},
	{{{199, 6, -53}, 0, {-664, -518}, {0x6D, 0xF3, 0xC1, 0xFF}}},
	{{{218, 4, 0}, 0, {-1067, -668}, {0x7E, 0xF1, 0x00, 0xFF}}},
	{{{203, 43, 37}, 0, {250, -520}, {0x72, 0x21, 0x2D, 0xFF}}},
	{{{199, 6, 53}, 0, {-666, -518}, {0x6D, 0xF3, 0x3F, 0xFF}}},
	{{{194, -30, 37}, 0, {-785, -516}, {0x68, 0xC6, 0x2C, 0xFF}}},
	{{{192, -45, 0}, 0, {-1067, -515}, {0x66, 0xB4, 0x00, 0xFF}}},
	{{{194, -30, -37}, 0, {-783, -516}, {0x68, 0xC6, 0xD4, 0xFF}}},
};

Gfx monteman_Head_DL_mesh_layer_4_tri_0[] = {
	gsSPVertex(monteman_Head_DL_mesh_layer_4_vtx_0 + 0, 41, 0),
	gsSP2Triangles(0, 1, 2, 0, 3, 1, 0, 0),
	gsSP2Triangles(4, 3, 0, 0, 5, 4, 0, 0),
	gsSP2Triangles(6, 5, 0, 0, 6, 0, 2, 0),
	gsSP2Triangles(7, 6, 2, 0, 7, 8, 6, 0),
	gsSP2Triangles(9, 6, 8, 0, 9, 8, 10, 0),
	gsSP2Triangles(11, 9, 10, 0, 10, 12, 11, 0),
	gsSP2Triangles(11, 12, 13, 0, 12, 14, 13, 0),
	gsSP2Triangles(13, 14, 15, 0, 16, 15, 14, 0),
	gsSP2Triangles(17, 16, 14, 0, 3, 16, 17, 0),
	gsSP2Triangles(1, 3, 17, 0, 16, 3, 18, 0),
	gsSP2Triangles(18, 3, 4, 0, 19, 18, 4, 0),
	gsSP2Triangles(19, 4, 20, 0, 20, 4, 5, 0),
	gsSP2Triangles(20, 5, 21, 0, 21, 5, 9, 0),
	gsSP2Triangles(5, 6, 9, 0, 21, 9, 11, 0),
	gsSP2Triangles(22, 21, 11, 0, 13, 22, 11, 0),
	gsSP2Triangles(22, 13, 23, 0, 23, 13, 15, 0),
	gsSP2Triangles(23, 15, 24, 0, 25, 24, 15, 0),
	gsSP2Triangles(25, 15, 16, 0, 18, 25, 16, 0),
	gsSP2Triangles(26, 25, 18, 0, 26, 18, 19, 0),
	gsSP2Triangles(27, 26, 19, 0, 27, 19, 28, 0),
	gsSP2Triangles(28, 19, 20, 0, 28, 20, 29, 0),
	gsSP2Triangles(29, 20, 21, 0, 29, 21, 22, 0),
	gsSP2Triangles(30, 29, 22, 0, 30, 22, 23, 0),
	gsSP2Triangles(30, 23, 31, 0, 31, 23, 24, 0),
	gsSP2Triangles(32, 31, 24, 0, 32, 24, 33, 0),
	gsSP2Triangles(33, 24, 25, 0, 26, 33, 25, 0),
	gsSP2Triangles(34, 33, 26, 0, 34, 26, 27, 0),
	gsSP2Triangles(35, 34, 27, 0, 35, 27, 28, 0),
	gsSP2Triangles(35, 28, 36, 0, 36, 28, 29, 0),
	gsSP2Triangles(36, 29, 30, 0, 37, 36, 30, 0),
	gsSP2Triangles(37, 30, 31, 0, 38, 37, 31, 0),
	gsSP2Triangles(32, 38, 31, 0, 32, 39, 38, 0),
	gsSP2Triangles(32, 40, 39, 0, 32, 33, 40, 0),
	gsSP2Triangles(40, 33, 34, 0, 40, 34, 35, 0),
	gsSP2Triangles(39, 40, 35, 0, 39, 35, 38, 0),
	gsSP2Triangles(38, 35, 37, 0, 35, 36, 37, 0),
	gsSPEndDisplayList(),
};

Vtx monteman_Capless_Head_Switch_Option_Capless_Head_mesh_layer_1_vtx_0[147] = {
	{{{56, 30, -66}, 0, {469, 408}, {0xF9, 0x14, 0x83, 0xFF}}},
	{{{126, 30, -66}, 0, {534, 218}, {0x07, 0x0E, 0x82, 0xFF}}},
	{{{106, 20, -60}, 0, {497, 238}, {0x01, 0xE1, 0x85, 0xFF}}},
	{{{78, 39, -49}, 0, {470, 384}, {0xEA, 0x36, 0x8F, 0xFF}}},
	{{{126, 30, -66}, 0, {534, 218}, {0x07, 0x0E, 0x82, 0xFF}}},
	{{{56, 30, -66}, 0, {469, 408}, {0xF9, 0x14, 0x83, 0xFF}}},
	{{{160, 67, -39}, 0, {647, 263}, {0x3C, 0x3A, 0xA0, 0xFF}}},
	{{{126, 30, -66}, 0, {534, 218}, {0x07, 0x0E, 0x82, 0xFF}}},
	{{{123, 50, -55}, 0, {546, 298}, {0xFE, 0x32, 0x8B, 0xFF}}},
	{{{123, 50, -55}, 0, {546, 298}, {0xFE, 0x32, 0x8B, 0xFF}}},
	{{{126, 30, -66}, 0, {534, 218}, {0x07, 0x0E, 0x82, 0xFF}}},
	{{{78, 39, -49}, 0, {470, 384}, {0xEB, 0x36, 0x8F, 0xFF}}},
	{{{106, 20, -60}, 0, {497, 238}, {0x01, 0xE1, 0x85, 0xFF}}},
	{{{126, 30, -66}, 0, {534, 218}, {0x07, 0x0E, 0x82, 0xFF}}},
	{{{94, -12, -49}, 0, {455, 154}, {0xEA, 0xB4, 0x9C, 0xFF}}},
	{{{129, -43, -47}, 0, {461, -52}, {0x08, 0xAF, 0x9E, 0xFF}}},
	{{{94, -12, -49}, 0, {455, 154}, {0xEA, 0xB4, 0x9C, 0xFF}}},
	{{{126, 30, -66}, 0, {534, 218}, {0x07, 0x0E, 0x82, 0xFF}}},
	{{{160, 67, -39}, 0, {647, 263}, {0x3C, 0x39, 0xA0, 0xFF}}},
	{{{178, 21, -40}, 0, {613, 46}, {0x6A, 0x00, 0xBA, 0xFF}}},
	{{{126, 30, -66}, 0, {534, 218}, {0x07, 0x0E, 0x82, 0xFF}}},
	{{{178, 21, -40}, 0, {613, 46}, {0x6A, 0x00, 0xBA, 0xFF}}},
	{{{178, 21, -40}, 0, {613, 46}, {0x6A, 0x00, 0xBA, 0xFF}}},
	{{{160, 67, -39}, 0, {647, 263}, {0x3C, 0x3A, 0xA0, 0xFF}}},
	{{{168, 76, 0}, 0, {768, 273}, {0x68, 0x49, 0x00, 0xFF}}},
	{{{178, 21, -40}, 0, {613, 46}, {0x6A, 0x00, 0xBA, 0xFF}}},
	{{{177, -31, 0}, 0, {384, -140}, {0x6C, 0xBD, 0x00, 0xFF}}},
	{{{129, -43, -47}, 0, {461, -52}, {0x08, 0xAF, 0x9E, 0xFF}}},
	{{{177, -31, 0}, 0, {384, -140}, {0x6C, 0xBD, 0x00, 0xFF}}},
	{{{178, 21, -40}, 0, {613, 46}, {0x6A, 0x00, 0xBA, 0xFF}}},
	{{{185, 21, 0}, 0, {768, 26}, {0x7F, 0x09, 0x00, 0xFF}}},
	{{{168, 76, 0}, 0, {768, 273}, {0x68, 0x49, 0x00, 0xFF}}},
	{{{185, 21, 0}, 0, {768, 26}, {0x7F, 0x0A, 0x00, 0xFF}}},
	{{{178, 21, -40}, 0, {613, 46}, {0x6A, 0x00, 0xBA, 0xFF}}},
	{{{185, 21, 0}, 0, {768, 26}, {0x7F, 0x09, 0x00, 0xFF}}},
	{{{178, 21, 40}, 0, {154, 46}, {0x6A, 0x00, 0x46, 0xFF}}},
	{{{177, -31, 0}, 0, {384, -140}, {0x6C, 0xBD, 0x00, 0xFF}}},
	{{{178, 21, 40}, 0, {154, 46}, {0x6A, 0x00, 0x46, 0xFF}}},
	{{{185, 21, 0}, 0, {0, 26}, {0x7F, 0x0A, 0x00, 0xFF}}},
	{{{168, 76, 0}, 0, {0, 273}, {0x68, 0x49, 0x00, 0xFF}}},
	{{{168, 76, 0}, 0, {0, 273}, {0x68, 0x49, 0x00, 0xFF}}},
	{{{160, 67, 39}, 0, {120, 263}, {0x3C, 0x3A, 0x60, 0xFF}}},
	{{{178, 21, 40}, 0, {154, 46}, {0x6A, 0x00, 0x46, 0xFF}}},
	{{{129, -65, 0}, 0, {384, -134}, {0x11, 0x82, 0x00, 0xFF}}},
	{{{129, -43, -47}, 0, {461, -52}, {0x08, 0xAF, 0x9E, 0xFF}}},
	{{{177, -31, 0}, 0, {384, -140}, {0x6C, 0xBD, 0x00, 0xFF}}},
	{{{129, -43, 47}, 0, {306, -52}, {0x08, 0xAF, 0x62, 0xFF}}},
	{{{129, -65, 0}, 0, {384, -134}, {0x11, 0x82, 0x00, 0xFF}}},
	{{{177, -31, 0}, 0, {384, -140}, {0x6C, 0xBD, 0x00, 0xFF}}},
	{{{129, -43, 47}, 0, {306, -52}, {0x08, 0xAF, 0x62, 0xFF}}},
	{{{177, -31, 0}, 0, {384, -140}, {0x6C, 0xBD, 0x00, 0xFF}}},
	{{{56, 30, 66}, 0, {298, 408}, {0xF9, 0x14, 0x7D, 0xFF}}},
	{{{29, 18, 53}, 0, {328, 441}, {0xF1, 0xB1, 0x62, 0xFF}}},
	{{{106, 20, 60}, 0, {270, 238}, {0x01, 0xE1, 0x7B, 0xFF}}},
	{{{-3, 32, 54}, 0, {334, 580}, {0xE8, 0x10, 0x7C, 0xFF}}},
	{{{29, 18, 53}, 0, {328, 441}, {0xF1, 0xB1, 0x62, 0xFF}}},
	{{{56, 30, 66}, 0, {298, 408}, {0xF9, 0x14, 0x7D, 0xFF}}},
	{{{-3, 32, 54}, 0, {334, 580}, {0xE1, 0x3D, 0x95, 0xFF}}},
	{{{32, 43, 49}, 0, {324, 525}, {0xF2, 0xFD, 0x82, 0xFF}}},
	{{{29, 18, 53}, 0, {328, 441}, {0xF1, 0xDA, 0x88, 0xFF}}},
	{{{32, 43, 49}, 0, {324, 525}, {0xED, 0xEF, 0x84, 0xFF}}},
	{{{78, 39, 49}, 0, {297, 384}, {0xBE, 0x12, 0x95, 0xFF}}},
	{{{29, 18, 53}, 0, {328, 441}, {0xED, 0xE5, 0x85, 0xFF}}},
	{{{106, 20, 60}, 0, {1112, -668}, {0x3D, 0xF7, 0x91, 0xFF}}},
	{{{29, 18, 53}, 0, {328, 441}, {0xFD, 0xD2, 0x8A, 0xFF}}},
	{{{78, 39, 49}, 0, {978, -739}, {0xFE, 0xE5, 0x84, 0xFF}}},
	{{{56, 30, 66}, 0, {298, 408}, {0xF9, 0x14, 0x7D, 0xFF}}},
	{{{32, 43, 49}, 0, {324, 525}, {0xFE, 0x64, 0x4E, 0xFF}}},
	{{{-3, 32, 54}, 0, {334, 580}, {0xE7, 0x10, 0x7C, 0xFF}}},
	{{{78, 39, 49}, 0, {297, 384}, {0xEB, 0x36, 0x71, 0xFF}}},
	{{{32, 43, 49}, 0, {324, 525}, {0xFE, 0x64, 0x4E, 0xFF}}},
	{{{56, 30, 66}, 0, {298, 408}, {0xF9, 0x14, 0x7D, 0xFF}}},
	{{{56, 30, 66}, 0, {298, 408}, {0xF9, 0x14, 0x7D, 0xFF}}},
	{{{126, 30, 66}, 0, {233, 218}, {0x07, 0x0E, 0x7E, 0xFF}}},
	{{{78, 39, 49}, 0, {297, 384}, {0xEB, 0x36, 0x71, 0xFF}}},
	{{{106, 20, 60}, 0, {270, 238}, {0x01, 0xE1, 0x7B, 0xFF}}},
	{{{126, 30, 66}, 0, {233, 218}, {0x07, 0x0E, 0x7E, 0xFF}}},
	{{{56, 30, 66}, 0, {298, 408}, {0xF9, 0x14, 0x7D, 0xFF}}},
	{{{129, -43, 47}, 0, {306, -52}, {0x08, 0xAF, 0x62, 0xFF}}},
	{{{178, 21, 40}, 0, {154, 46}, {0x6A, 0x00, 0x46, 0xFF}}},
	{{{126, 30, 66}, 0, {233, 218}, {0x07, 0x0E, 0x7E, 0xFF}}},
	{{{126, 30, 66}, 0, {233, 218}, {0x07, 0x0E, 0x7E, 0xFF}}},
	{{{178, 21, 40}, 0, {154, 46}, {0x6A, 0x00, 0x46, 0xFF}}},
	{{{160, 67, 39}, 0, {120, 263}, {0x3C, 0x39, 0x60, 0xFF}}},
	{{{123, 50, 55}, 0, {221, 298}, {0xFE, 0x32, 0x75, 0xFF}}},
	{{{126, 30, 66}, 0, {233, 218}, {0x07, 0x0E, 0x7E, 0xFF}}},
	{{{160, 67, 39}, 0, {120, 263}, {0x3C, 0x3A, 0x60, 0xFF}}},
	{{{94, -12, 49}, 0, {312, 154}, {0xEA, 0xB4, 0x64, 0xFF}}},
	{{{126, 30, 66}, 0, {233, 218}, {0x07, 0x0E, 0x7E, 0xFF}}},
	{{{106, 20, 60}, 0, {270, 238}, {0x01, 0xE1, 0x7B, 0xFF}}},
	{{{126, 30, 66}, 0, {233, 218}, {0x07, 0x0E, 0x7E, 0xFF}}},
	{{{94, -12, 49}, 0, {312, 154}, {0xEA, 0xB4, 0x64, 0xFF}}},
	{{{129, -43, 47}, 0, {306, -52}, {0x08, 0xAF, 0x62, 0xFF}}},
	{{{78, 39, 49}, 0, {297, 384}, {0xEB, 0x36, 0x71, 0xFF}}},
	{{{126, 30, 66}, 0, {233, 218}, {0x07, 0x0E, 0x7E, 0xFF}}},
	{{{123, 50, 55}, 0, {221, 298}, {0xFE, 0x32, 0x75, 0xFF}}},
	{{{56, 30, -66}, 0, {469, 408}, {0xF9, 0x14, 0x83, 0xFF}}},
	{{{32, 43, -49}, 0, {443, 525}, {0xFE, 0x64, 0xB2, 0xFF}}},
	{{{78, 39, -49}, 0, {470, 384}, {0xEB, 0x36, 0x8F, 0xFF}}},
	{{{32, 43, -49}, 0, {443, 525}, {0xED, 0xEF, 0x7C, 0xFF}}},
	{{{29, 18, -53}, 0, {439, 441}, {0xED, 0xE5, 0x7B, 0xFF}}},
	{{{78, 39, -49}, 0, {470, 384}, {0xBE, 0x12, 0x6B, 0xFF}}},
	{{{29, 18, -53}, 0, {439, 441}, {0xFD, 0xD2, 0x76, 0xFF}}},
	{{{106, 20, -60}, 0, {1112, -668}, {0x3D, 0xF7, 0x6F, 0xFF}}},
	{{{78, 39, -49}, 0, {470, 384}, {0xC1, 0xCC, 0x61, 0xFF}}},
	{{{106, 20, -60}, 0, {497, 238}, {0x01, 0xE1, 0x85, 0xFF}}},
	{{{29, 18, -53}, 0, {439, 441}, {0xF1, 0xB1, 0x9E, 0xFF}}},
	{{{56, 30, -66}, 0, {469, 408}, {0xF9, 0x14, 0x83, 0xFF}}},
	{{{48, -35, 0}, 0, {384, 194}, {0x07, 0x81, 0x00, 0xFF}}},
	{{{129, -43, -47}, 0, {461, -52}, {0x09, 0xAF, 0x9E, 0xFF}}},
	{{{129, -65, 0}, 0, {384, -134}, {0x11, 0x82, 0x00, 0xFF}}},
	{{{48, -35, 0}, 0, {384, 194}, {0x08, 0x81, 0x00, 0xFF}}},
	{{{50, -16, -29}, 0, {414, 260}, {0x00, 0xBD, 0x94, 0xFF}}},
	{{{129, -43, -47}, 0, {461, -52}, {0x08, 0xAF, 0x9E, 0xFF}}},
	{{{94, -12, -49}, 0, {455, 154}, {0xE9, 0xB4, 0x9D, 0xFF}}},
	{{{129, -43, -47}, 0, {461, -52}, {0x08, 0xAF, 0x9E, 0xFF}}},
	{{{50, -16, -29}, 0, {414, 260}, {0x00, 0xBD, 0x94, 0xFF}}},
	{{{129, -43, 47}, 0, {306, -52}, {0x08, 0xAF, 0x62, 0xFF}}},
	{{{50, -16, 29}, 0, {353, 260}, {0x00, 0xBD, 0x6C, 0xFF}}},
	{{{48, -35, 0}, 0, {384, 194}, {0x08, 0x81, 0x00, 0xFF}}},
	{{{50, -16, 29}, 0, {353, 260}, {0x00, 0xBD, 0x6C, 0xFF}}},
	{{{129, -43, 47}, 0, {306, -52}, {0x08, 0xAF, 0x62, 0xFF}}},
	{{{94, -12, 49}, 0, {312, 154}, {0xE9, 0xB4, 0x63, 0xFF}}},
	{{{48, -35, 0}, 0, {384, 194}, {0x07, 0x81, 0x00, 0xFF}}},
	{{{129, -65, 0}, 0, {384, -134}, {0x11, 0x82, 0x00, 0xFF}}},
	{{{129, -43, 47}, 0, {306, -52}, {0x08, 0xAF, 0x62, 0xFF}}},
	{{{50, -16, -29}, 0, {414, 260}, {0x00, 0xBD, 0x94, 0xFF}}},
	{{{48, -35, 0}, 0, {384, 194}, {0x07, 0x81, 0x00, 0xFF}}},
	{{{6, -38, 0}, 0, {384, 300}, {0x1D, 0x84, 0x00, 0xFF}}},
	{{{6, -38, 0}, 0, {384, 300}, {0x1D, 0x84, 0x00, 0xFF}}},
	{{{48, -35, 0}, 0, {384, 194}, {0x07, 0x81, 0x00, 0xFF}}},
	{{{50, -16, 29}, 0, {353, 260}, {0x00, 0xBD, 0x6C, 0xFF}}},
	{{{56, 30, -66}, 0, {469, 408}, {0xF9, 0x14, 0x83, 0xFF}}},
	{{{29, 18, -53}, 0, {439, 441}, {0xF1, 0xB1, 0x9E, 0xFF}}},
	{{{-3, 32, -54}, 0, {433, 580}, {0xE8, 0x10, 0x84, 0xFF}}},
	{{{-3, 32, -54}, 0, {433, 580}, {0xE7, 0x10, 0x84, 0xFF}}},
	{{{32, 43, -49}, 0, {443, 525}, {0xFE, 0x64, 0xB2, 0xFF}}},
	{{{56, 30, -66}, 0, {469, 408}, {0xF9, 0x14, 0x83, 0xFF}}},
	{{{-3, 32, -54}, 0, {433, 580}, {0xE1, 0x3D, 0x6B, 0xFF}}},
	{{{29, 18, -53}, 0, {439, 441}, {0xF1, 0xDA, 0x78, 0xFF}}},
	{{{32, 43, -49}, 0, {443, 525}, {0xF2, 0xFD, 0x7E, 0xFF}}},
	{{{-23, -73, 34}, 0, {-16, 240}, {0x0E, 0xF5, 0x7E, 0x00}}},
	{{{-40, -39, 0}, 0, {-16, 240}, {0xCB, 0x74, 0x00, 0x00}}},
	{{{-138, -104, 0}, 0, {-16, 240}, {0x86, 0xDE, 0x00, 0x00}}},
	{{{61, -11, 0}, 0, {-16, 240}, {0x6A, 0x46, 0x00, 0x00}}},
	{{{-23, -107, 0}, 0, {-16, 240}, {0x2B, 0x89, 0x00, 0x00}}},
	{{{-23, -73, -34}, 0, {-16, 240}, {0x0E, 0xF5, 0x82, 0x00}}},
};

Gfx monteman_Capless_Head_Switch_Option_Capless_Head_mesh_layer_1_tri_0[] = {
	gsSPVertex(monteman_Capless_Head_Switch_Option_Capless_Head_mesh_layer_1_vtx_0 + 0, 63, 0),
	gsSP2Triangles(0, 1, 2, 0, 3, 4, 5, 0),
	gsSP2Triangles(6, 7, 8, 0, 9, 10, 11, 0),
	gsSP2Triangles(12, 13, 14, 0, 15, 16, 17, 0),
	gsSP2Triangles(18, 19, 20, 0, 4, 21, 15, 0),
	gsSP2Triangles(22, 23, 24, 0, 25, 26, 27, 0),
	gsSP2Triangles(28, 29, 30, 0, 31, 32, 33, 0),
	gsSP2Triangles(34, 35, 36, 0, 37, 38, 39, 0),
	gsSP2Triangles(40, 41, 42, 0, 43, 44, 45, 0),
	gsSP2Triangles(46, 47, 48, 0, 49, 50, 37, 0),
	gsSP2Triangles(51, 52, 53, 0, 54, 55, 56, 0),
	gsSP2Triangles(57, 58, 59, 0, 60, 61, 62, 0),
	gsSPVertex(monteman_Capless_Head_Switch_Option_Capless_Head_mesh_layer_1_vtx_0 + 63, 63, 0),
	gsSP2Triangles(0, 1, 2, 0, 3, 4, 5, 0),
	gsSP2Triangles(6, 7, 8, 0, 9, 10, 11, 0),
	gsSP2Triangles(12, 13, 14, 0, 15, 16, 17, 0),
	gsSP2Triangles(18, 19, 20, 0, 21, 22, 23, 0),
	gsSP2Triangles(24, 25, 26, 0, 27, 28, 29, 0),
	gsSP2Triangles(30, 31, 32, 0, 33, 34, 35, 0),
	gsSP2Triangles(36, 37, 38, 0, 39, 40, 41, 0),
	gsSP2Triangles(42, 43, 44, 0, 45, 46, 47, 0),
	gsSP2Triangles(48, 49, 50, 0, 51, 52, 53, 0),
	gsSP2Triangles(54, 55, 56, 0, 57, 58, 59, 0),
	gsSP1Triangle(60, 61, 62, 0),
	gsSPVertex(monteman_Capless_Head_Switch_Option_Capless_Head_mesh_layer_1_vtx_0 + 126, 21, 0),
	gsSP2Triangles(0, 1, 2, 0, 3, 4, 5, 0),
	gsSP2Triangles(6, 7, 8, 0, 9, 10, 11, 0),
	gsSP2Triangles(12, 13, 14, 0, 15, 16, 17, 0),
	gsSP2Triangles(16, 15, 18, 0, 18, 15, 19, 0),
	gsSP2Triangles(19, 15, 17, 0, 20, 19, 17, 0),
	gsSP2Triangles(17, 16, 20, 0, 16, 18, 20, 0),
	gsSP1Triangle(20, 18, 19, 0),
	gsSPEndDisplayList(),
};

Vtx monteman_Capless_Head_Switch_Option_Capless_Head_mesh_layer_1_vtx_1[190] = {
	{{{123, 50, -55}, 0, {4400, 1304}, {0xFE, 0x32, 0x8B, 0xFF}}},
	{{{119, 86, -44}, 0, {1932, 3388}, {0x02, 0x4F, 0x9C, 0xFF}}},
	{{{160, 67, -39}, 0, {232, -20}, {0x3C, 0x3A, 0xA0, 0xFF}}},
	{{{168, 76, 0}, 0, {-4, 44}, {0x67, 0x4A, 0x00, 0xFF}}},
	{{{160, 67, -39}, 0, {4564, 72}, {0x3C, 0x3A, 0xA0, 0xFF}}},
	{{{137, 85, -39}, 0, {4572, 2352}, {0x2F, 0x66, 0xC5, 0xFF}}},
	{{{119, 86, -44}, 0, {1932, 3388}, {0x02, 0x4F, 0x9D, 0xFF}}},
	{{{137, 85, -39}, 0, {636, 2264}, {0x2F, 0x66, 0xC5, 0xFF}}},
	{{{160, 67, -39}, 0, {232, -20}, {0x3C, 0x3A, 0xA0, 0xFF}}},
	{{{168, 76, 0}, 0, {-4, 44}, {0x67, 0x4A, 0x00, 0xFF}}},
	{{{137, 85, -39}, 0, {4572, 2352}, {0x2F, 0x66, 0xC5, 0xFF}}},
	{{{138, 99, 0}, 0, {44, 3024}, {0x24, 0x7A, 0x00, 0xFF}}},
	{{{138, 99, 0}, 0, {44, 3024}, {0x24, 0x7A, 0x00, 0xFF}}},
	{{{137, 85, 39}, 0, {4572, 2352}, {0x2F, 0x66, 0x3B, 0xFF}}},
	{{{168, 76, 0}, 0, {-4, 44}, {0x67, 0x4A, 0x00, 0xFF}}},
	{{{137, 85, 39}, 0, {4572, 2352}, {0x2F, 0x66, 0x3B, 0xFF}}},
	{{{160, 67, 39}, 0, {4564, 72}, {0x3C, 0x3A, 0x60, 0xFF}}},
	{{{168, 76, 0}, 0, {-4, 44}, {0x67, 0x4A, 0x00, 0xFF}}},
	{{{160, 67, 39}, 0, {232, -20}, {0x3C, 0x3A, 0x60, 0xFF}}},
	{{{137, 85, 39}, 0, {636, 2264}, {0x2F, 0x66, 0x3B, 0xFF}}},
	{{{119, 86, 44}, 0, {1932, 3388}, {0x02, 0x4F, 0x63, 0xFF}}},
	{{{160, 67, 39}, 0, {232, -20}, {0x3C, 0x3A, 0x60, 0xFF}}},
	{{{119, 86, 44}, 0, {1932, 3388}, {0x02, 0x4F, 0x64, 0xFF}}},
	{{{123, 50, 55}, 0, {4400, 1304}, {0xFE, 0x32, 0x75, 0xFF}}},
	{{{119, 86, -44}, 0, {4684, -3564}, {0x02, 0x4F, 0x9D, 0xFF}}},
	{{{123, 50, -55}, 0, {4788, -3036}, {0xFE, 0x32, 0x8B, 0xFF}}},
	{{{78, 39, -49}, 0, {3960, -2908}, {0xEB, 0x36, 0x8F, 0xFF}}},
	{{{106, 20, -60}, 0, {8, 8}, {0x01, 0xE1, 0x85, 0xFF}}},
	{{{114, -20, -93}, 0, {1640, 248}, {0xF0, 0xAD, 0xA1, 0xFF}}},
	{{{72, 7, -54}, 0, {308, 1272}, {0xC8, 0xF1, 0x8F, 0xFF}}},
	{{{114, -20, -93}, 0, {4680, -2040}, {0xF0, 0xAD, 0xA1, 0xFF}}},
	{{{94, -12, -49}, 0, {4304, -2168}, {0xEA, 0xB4, 0x9C, 0xFF}}},
	{{{72, 7, -54}, 0, {3872, -2456}, {0xC8, 0xF1, 0x8F, 0xFF}}},
	{{{106, 20, -60}, 0, {4496, -2624}, {0x01, 0xE1, 0x85, 0xFF}}},
	{{{94, -12, -49}, 0, {4304, -2168}, {0xEA, 0xB4, 0x9D, 0xFF}}},
	{{{114, -20, -93}, 0, {4680, -2040}, {0xF0, 0xAD, 0xA1, 0xFF}}},
	{{{113, 101, -6}, 0, {64, 1062}, {0x19, 0x7A, 0xE9, 0xFF}}},
	{{{137, 85, -39}, 0, {1050, 2}, {0x2F, 0x66, 0xC5, 0xFF}}},
	{{{119, 86, -44}, 0, {1060, 1068}, {0x02, 0x4F, 0x9D, 0xFF}}},
	{{{86, 96, -12}, 0, {-24, 1504}, {0x06, 0x6A, 0xBB, 0xFF}}},
	{{{113, 101, -6}, 0, {-352, 216}, {0x03, 0x55, 0xA2, 0xFF}}},
	{{{119, 86, -44}, 0, {1556, -74}, {0x02, 0x4F, 0x9D, 0xFF}}},
	{{{119, 86, -44}, 0, {1556, -74}, {0x02, 0x4F, 0x9D, 0xFF}}},
	{{{72, 82, -41}, 0, {1448, 2220}, {0xF3, 0x4C, 0x9B, 0xFF}}},
	{{{86, 96, -12}, 0, {-24, 1504}, {0x06, 0x6A, 0xBB, 0xFF}}},
	{{{78, 39, -49}, 0, {3960, -2908}, {0xEB, 0x36, 0x8F, 0xFF}}},
	{{{72, 82, -41}, 0, {3816, -3536}, {0xF3, 0x4C, 0x9B, 0xFF}}},
	{{{119, 86, -44}, 0, {4684, -3564}, {0x02, 0x4F, 0x9D, 0xFF}}},
	{{{72, 82, -41}, 0, {-229, 154}, {0xF3, 0x4C, 0x9B, 0xFF}}},
	{{{19, 105, -18}, 0, {187, 2562}, {0xCF, 0x4F, 0xAA, 0xFF}}},
	{{{86, 96, -12}, 0, {294, -496}, {0x07, 0x6A, 0xBB, 0xFF}}},
	{{{72, 82, -41}, 0, {3816, -3536}, {0xF3, 0x4C, 0x9B, 0xFF}}},
	{{{78, 39, -49}, 0, {3960, -2908}, {0xEB, 0x36, 0x8F, 0xFF}}},
	{{{19, 105, -18}, 0, {2828, -3900}, {0xCF, 0x4F, 0xAA, 0xFF}}},
	{{{78, 39, -49}, 0, {3960, -2908}, {0xEB, 0x36, 0x8F, 0xFF}}},
	{{{72, 7, -54}, 0, {3872, -2456}, {0xC8, 0xF1, 0x8F, 0xFF}}},
	{{{19, 105, -18}, 0, {2828, -3900}, {0xCF, 0x4F, 0xAA, 0xFF}}},
	{{{106, 20, -60}, 0, {4496, -2624}, {0x01, 0xE1, 0x85, 0xFF}}},
	{{{72, 7, -54}, 0, {3872, -2456}, {0xC8, 0xF1, 0x8F, 0xFF}}},
	{{{78, 39, -49}, 0, {3960, -2908}, {0xEB, 0x36, 0x8F, 0xFF}}},
	{{{138, 99, 0}, 0, {60, -456}, {0x24, 0x7A, 0x00, 0xFF}}},
	{{{137, 85, -39}, 0, {1050, 2}, {0x2F, 0x66, 0xC5, 0xFF}}},
	{{{113, 101, -6}, 0, {64, 1062}, {0x19, 0x7A, 0xE9, 0xFF}}},
	{{{113, 101, 6}, 0, {64, 1062}, {0x19, 0x7A, 0x17, 0xFF}}},
	{{{137, 85, 39}, 0, {1050, 2}, {0x2F, 0x66, 0x3B, 0xFF}}},
	{{{138, 99, 0}, 0, {60, -456}, {0x24, 0x7A, 0x00, 0xFF}}},
	{{{138, 99, 0}, 0, {5012, -3748}, {0x24, 0x7A, 0x00, 0xFF}}},
	{{{113, 101, 0}, 0, {4548, -3788}, {0x26, 0x79, 0x00, 0xFF}}},
	{{{113, 101, 6}, 0, {4548, -3788}, {0x19, 0x7A, 0x16, 0xFF}}},
	{{{113, 101, -6}, 0, {4548, -3788}, {0x19, 0x7A, 0xEA, 0xFF}}},
	{{{138, 99, 0}, 0, {5012, -3748}, {0x24, 0x7A, 0x00, 0xFF}}},
	{{{119, 86, 44}, 0, {1060, 1068}, {0x02, 0x4F, 0x63, 0xFF}}},
	{{{137, 85, 39}, 0, {1050, 2}, {0x2F, 0x66, 0x3B, 0xFF}}},
	{{{113, 101, 6}, 0, {64, 1062}, {0x19, 0x7A, 0x17, 0xFF}}},
	{{{119, 86, 44}, 0, {1556, -74}, {0x02, 0x4F, 0x63, 0xFF}}},
	{{{113, 101, 6}, 0, {-352, 216}, {0x03, 0x55, 0x5E, 0xFF}}},
	{{{86, 96, 12}, 0, {-24, 1504}, {0x06, 0x6A, 0x45, 0xFF}}},
	{{{91, 112, 6}, 0, {4140, -3964}, {0x3A, 0x71, 0x00, 0xFF}}},
	{{{113, 101, 6}, 0, {4548, -3788}, {0x1A, 0x7A, 0x16, 0xFF}}},
	{{{113, 101, 0}, 0, {4548, -3788}, {0x27, 0x79, 0x00, 0xFF}}},
	{{{91, 112, 6}, 0, {4140, -3964}, {0x13, 0x25, 0x78, 0xFF}}},
	{{{86, 96, 12}, 0, {4068, -3724}, {0x06, 0x6A, 0x45, 0xFF}}},
	{{{113, 101, 6}, 0, {4548, -3788}, {0x03, 0x55, 0x5E, 0xFF}}},
	{{{86, 96, 12}, 0, {729, -496}, {0x07, 0x6A, 0x45, 0xFF}}},
	{{{19, 105, 18}, 0, {836, 2562}, {0xCF, 0x4F, 0x56, 0xFF}}},
	{{{72, 82, 41}, 0, {1253, 154}, {0xF3, 0x4C, 0x65, 0xFF}}},
	{{{19, 105, 18}, 0, {836, 2562}, {0xCF, 0x4F, 0x57, 0xFF}}},
	{{{86, 96, 12}, 0, {729, -496}, {0x07, 0x6A, 0x45, 0xFF}}},
	{{{81, 101, 0}, 0, {512, -240}, {0x10, 0x7E, 0x00, 0xFF}}},
	{{{86, 96, 12}, 0, {-24, 1504}, {0x06, 0x6A, 0x45, 0xFF}}},
	{{{72, 82, 41}, 0, {1448, 2220}, {0xF3, 0x4C, 0x65, 0xFF}}},
	{{{119, 86, 44}, 0, {1556, -74}, {0x02, 0x4F, 0x63, 0xFF}}},
	{{{91, 112, 6}, 0, {-388, 376}, {0x9E, 0x48, 0x23, 0xFF}}},
	{{{81, 101, 0}, 0, {476, 1164}, {0x97, 0x47, 0x00, 0xFF}}},
	{{{86, 96, 12}, 0, {740, 572}, {0xA2, 0x33, 0x44, 0xFF}}},
	{{{119, 86, 44}, 0, {4684, -3564}, {0x02, 0x4F, 0x63, 0xFF}}},
	{{{72, 82, 41}, 0, {3816, -3536}, {0xF3, 0x4C, 0x65, 0xFF}}},
	{{{78, 39, 49}, 0, {3960, -2908}, {0xEB, 0x36, 0x71, 0xFF}}},
	{{{19, 105, 18}, 0, {2828, -3900}, {0xCF, 0x4F, 0x56, 0xFF}}},
	{{{78, 39, 49}, 0, {3960, -2908}, {0xEB, 0x36, 0x71, 0xFF}}},
	{{{72, 82, 41}, 0, {3816, -3536}, {0xF3, 0x4C, 0x65, 0xFF}}},
	{{{81, 101, 0}, 0, {512, -240}, {0x10, 0x7E, 0x00, 0xFF}}},
	{{{86, 96, -12}, 0, {294, -496}, {0x07, 0x6A, 0xBB, 0xFF}}},
	{{{19, 105, -18}, 0, {187, 2562}, {0xCF, 0x4F, 0xA9, 0xFF}}},
	{{{113, 101, -6}, 0, {4548, -3788}, {0x03, 0x55, 0xA2, 0xFF}}},
	{{{86, 96, -12}, 0, {4068, -3724}, {0x06, 0x6A, 0xBB, 0xFF}}},
	{{{91, 112, -6}, 0, {4140, -3964}, {0x13, 0x25, 0x88, 0xFF}}},
	{{{86, 96, -12}, 0, {740, 572}, {0xA2, 0x33, 0xBC, 0xFF}}},
	{{{81, 101, 0}, 0, {476, 1164}, {0x97, 0x47, 0x00, 0xFF}}},
	{{{91, 112, -6}, 0, {-388, 376}, {0x9E, 0x48, 0xDD, 0xFF}}},
	{{{113, 101, 0}, 0, {4548, -3788}, {0x27, 0x79, 0x00, 0xFF}}},
	{{{113, 101, -6}, 0, {4548, -3788}, {0x1A, 0x7A, 0xEA, 0xFF}}},
	{{{91, 112, -6}, 0, {4140, -3964}, {0x3A, 0x71, 0x00, 0xFF}}},
	{{{72, 7, 54}, 0, {308, 1272}, {0xC8, 0xF1, 0x71, 0xFF}}},
	{{{114, -20, 93}, 0, {1640, 248}, {0xF0, 0xAD, 0x5F, 0xFF}}},
	{{{106, 20, 60}, 0, {8, 8}, {0x01, 0xE1, 0x7B, 0xFF}}},
	{{{78, 39, 49}, 0, {3960, -2908}, {0xEB, 0x36, 0x71, 0xFF}}},
	{{{72, 7, 54}, 0, {3872, -2456}, {0xC8, 0xF1, 0x71, 0xFF}}},
	{{{106, 20, 60}, 0, {4496, -2624}, {0x01, 0xE1, 0x7B, 0xFF}}},
	{{{114, -20, 93}, 0, {4680, -2040}, {0xF0, 0xAD, 0x5F, 0xFF}}},
	{{{94, -12, 49}, 0, {4304, -2168}, {0xEA, 0xB4, 0x63, 0xFF}}},
	{{{106, 20, 60}, 0, {4496, -2624}, {0x01, 0xE1, 0x7B, 0xFF}}},
	{{{72, 7, 54}, 0, {3872, -2456}, {0xC8, 0xF1, 0x71, 0xFF}}},
	{{{94, -12, 49}, 0, {4304, -2168}, {0xEA, 0xB4, 0x63, 0xFF}}},
	{{{114, -20, 93}, 0, {4680, -2040}, {0xF0, 0xAD, 0x5F, 0xFF}}},
	{{{19, 105, -18}, 0, {187, 2562}, {0xCF, 0x4F, 0xAA, 0xFF}}},
	{{{19, 105, 18}, 0, {836, 2562}, {0xCF, 0x4F, 0x56, 0xFF}}},
	{{{81, 101, 0}, 0, {512, -240}, {0x10, 0x7E, 0x00, 0xFF}}},
	{{{91, 112, 6}, 0, {-388, 376}, {0x9E, 0x49, 0x23, 0xFF}}},
	{{{91, 112, -6}, 0, {-388, 376}, {0x9E, 0x49, 0xDD, 0xFF}}},
	{{{81, 101, 0}, 0, {476, 1164}, {0x97, 0x47, 0x00, 0xFF}}},
	{{{91, 112, -6}, 0, {4140, -3964}, {0x3A, 0x71, 0x00, 0xFF}}},
	{{{91, 112, 6}, 0, {4140, -3964}, {0x3A, 0x71, 0x00, 0xFF}}},
	{{{113, 101, 0}, 0, {4548, -3788}, {0x27, 0x79, 0x00, 0xFF}}},
	{{{78, 39, 49}, 0, {3960, -2908}, {0xEB, 0x36, 0x71, 0xFF}}},
	{{{123, 50, 55}, 0, {4788, -3036}, {0xFE, 0x32, 0x75, 0xFF}}},
	{{{119, 86, 44}, 0, {4684, -3564}, {0x02, 0x4F, 0x63, 0xFF}}},
	{{{19, 105, 18}, 0, {2828, -3900}, {0xCF, 0x4F, 0x56, 0xFF}}},
	{{{72, 7, 54}, 0, {3872, -2456}, {0xC8, 0xF1, 0x71, 0xFF}}},
	{{{78, 39, 49}, 0, {3960, -2908}, {0xEB, 0x36, 0x71, 0xFF}}},
	{{{50, -16, -29}, 0, {3496, -2140}, {0x00, 0xBD, 0x94, 0xFF}}},
	{{{72, 7, -54}, 0, {3872, -2456}, {0xC8, 0xF1, 0x8F, 0xFF}}},
	{{{94, -12, -49}, 0, {4304, -2168}, {0xE9, 0xB4, 0x9D, 0xFF}}},
	{{{-6, 45, 0}, 0, {2420, -3052}, {0x63, 0x50, 0x00, 0xFF}}},
	{{{19, 105, 18}, 0, {2828, -3900}, {0xCF, 0x4F, 0x56, 0xFF}}},
	{{{19, 105, -18}, 0, {2828, -3900}, {0xCF, 0x4F, 0xAA, 0xFF}}},
	{{{2, 18, -22}, 0, {2584, -2660}, {0x45, 0x32, 0xA2, 0xFF}}},
	{{{-6, 45, 0}, 0, {2420, -3052}, {0x63, 0x50, 0x00, 0xFF}}},
	{{{19, 105, -18}, 0, {2828, -3900}, {0xCF, 0x4F, 0xAA, 0xFF}}},
	{{{19, 105, -18}, 0, {2828, -3900}, {0xCF, 0x4F, 0xAA, 0xFF}}},
	{{{72, 7, -54}, 0, {3872, -2456}, {0xC8, 0xF1, 0x8F, 0xFF}}},
	{{{2, 18, -22}, 0, {2584, -2660}, {0x45, 0x32, 0xA2, 0xFF}}},
	{{{2, 18, -22}, 0, {2584, -2660}, {0x45, 0x32, 0xA2, 0xFF}}},
	{{{72, 7, -54}, 0, {3872, -2456}, {0xC8, 0xF1, 0x8F, 0xFF}}},
	{{{50, -16, -29}, 0, {3496, -2140}, {0x00, 0xBD, 0x94, 0xFF}}},
	{{{94, -12, 49}, 0, {4304, -2168}, {0xE9, 0xB4, 0x63, 0xFF}}},
	{{{72, 7, 54}, 0, {3872, -2456}, {0xC8, 0xF1, 0x71, 0xFF}}},
	{{{50, -16, 29}, 0, {3496, -2140}, {0x00, 0xBD, 0x6C, 0xFF}}},
	{{{50, -16, 29}, 0, {3496, -2140}, {0x00, 0xBD, 0x6C, 0xFF}}},
	{{{72, 7, 54}, 0, {3872, -2456}, {0xC8, 0xF1, 0x71, 0xFF}}},
	{{{2, 18, 22}, 0, {2584, -2660}, {0x45, 0x32, 0x5E, 0xFF}}},
	{{{2, 18, 22}, 0, {2584, -2660}, {0x45, 0x32, 0x5E, 0xFF}}},
	{{{72, 7, 54}, 0, {3872, -2456}, {0xC8, 0xF1, 0x71, 0xFF}}},
	{{{19, 105, 18}, 0, {2828, -3900}, {0xCF, 0x4F, 0x56, 0xFF}}},
	{{{19, 105, 18}, 0, {2828, -3900}, {0xCF, 0x4F, 0x56, 0xFF}}},
	{{{-6, 45, 0}, 0, {2420, -3052}, {0x63, 0x50, 0x00, 0xFF}}},
	{{{2, 18, 22}, 0, {2584, -2660}, {0x45, 0x32, 0x5E, 0xFF}}},
	{{{2, 18, -22}, 0, {2584, -2660}, {0x46, 0x32, 0xA2, 0xFF}}},
	{{{50, -16, -29}, 0, {3496, -2140}, {0x00, 0xBD, 0x94, 0xFF}}},
	{{{10, -13, -28}, 0, {2752, -2200}, {0x40, 0xDE, 0x98, 0xFF}}},
	{{{6, -38, 0}, 0, {2708, -1848}, {0x1D, 0x84, 0x00, 0xFF}}},
	{{{10, -13, -28}, 0, {2752, -2200}, {0x40, 0xDE, 0x98, 0xFF}}},
	{{{50, -16, -29}, 0, {3496, -2140}, {0x00, 0xBD, 0x94, 0xFF}}},
	{{{10, -13, 28}, 0, {2752, -2200}, {0x92, 0x36, 0x20, 0xFF}}},
	{{{2, 18, 22}, 0, {2584, -2660}, {0xE9, 0x7D, 0x06, 0xFF}}},
	{{{10, -13, -28}, 0, {2752, -2200}, {0xAD, 0xA1, 0x12, 0xFF}}},
	{{{2, 18, -22}, 0, {2584, -2660}, {0xE9, 0x7D, 0xFA, 0xFF}}},
	{{{2, 18, 22}, 0, {2584, -2660}, {0xE9, 0x7D, 0x06, 0xFF}}},
	{{{10, -13, -28}, 0, {2752, -2200}, {0xAD, 0xA1, 0x12, 0xFF}}},
	{{{6, -38, 0}, 0, {2708, -1848}, {0xBA, 0xAC, 0x40, 0xFF}}},
	{{{10, -13, 28}, 0, {2752, -2200}, {0x92, 0x36, 0x20, 0xFF}}},
	{{{50, -16, 29}, 0, {3496, -2140}, {0x00, 0xBD, 0x6C, 0xFF}}},
	{{{10, -13, 28}, 0, {2752, -2200}, {0x40, 0xDE, 0x68, 0xFF}}},
	{{{6, -38, 0}, 0, {2708, -1848}, {0x1D, 0x84, 0x00, 0xFF}}},
	{{{10, -13, 28}, 0, {2752, -2200}, {0x40, 0xDE, 0x68, 0xFF}}},
	{{{50, -16, 29}, 0, {3496, -2140}, {0x00, 0xBD, 0x6C, 0xFF}}},
	{{{2, 18, 22}, 0, {2584, -2660}, {0x46, 0x32, 0x5E, 0xFF}}},
	{{{-6, 45, 0}, 0, {2420, -3052}, {0x58, 0xBA, 0xC5, 0xFF}}},
	{{{2, 18, -22}, 0, {2584, -2660}, {0xE9, 0x7D, 0xFA, 0xFF}}},
	{{{2, 18, 22}, 0, {2584, -2660}, {0xE9, 0x7D, 0x06, 0xFF}}},
};

Gfx monteman_Capless_Head_Switch_Option_Capless_Head_mesh_layer_1_tri_1[] = {
	gsSPVertex(monteman_Capless_Head_Switch_Option_Capless_Head_mesh_layer_1_vtx_1 + 0, 63, 0),
	gsSP2Triangles(0, 1, 2, 0, 3, 4, 5, 0),
	gsSP2Triangles(6, 7, 8, 0, 9, 10, 11, 0),
	gsSP2Triangles(12, 13, 14, 0, 15, 16, 17, 0),
	gsSP2Triangles(18, 19, 20, 0, 21, 22, 23, 0),
	gsSP2Triangles(24, 25, 26, 0, 27, 28, 29, 0),
	gsSP2Triangles(30, 31, 32, 0, 33, 34, 35, 0),
	gsSP2Triangles(36, 37, 38, 0, 39, 40, 41, 0),
	gsSP2Triangles(42, 43, 44, 0, 45, 46, 47, 0),
	gsSP2Triangles(48, 49, 50, 0, 51, 52, 53, 0),
	gsSP2Triangles(54, 55, 56, 0, 57, 58, 59, 0),
	gsSP1Triangle(60, 61, 62, 0),
	gsSPVertex(monteman_Capless_Head_Switch_Option_Capless_Head_mesh_layer_1_vtx_1 + 63, 62, 0),
	gsSP2Triangles(0, 1, 2, 0, 3, 4, 5, 0),
	gsSP2Triangles(6, 4, 7, 0, 8, 9, 10, 0),
	gsSP2Triangles(11, 12, 13, 0, 14, 15, 16, 0),
	gsSP2Triangles(17, 18, 19, 0, 20, 21, 22, 0),
	gsSP2Triangles(23, 24, 25, 0, 26, 27, 28, 0),
	gsSP2Triangles(29, 30, 31, 0, 32, 33, 34, 0),
	gsSP2Triangles(35, 36, 37, 0, 38, 39, 40, 0),
	gsSP2Triangles(41, 42, 43, 0, 44, 45, 46, 0),
	gsSP2Triangles(47, 48, 49, 0, 50, 51, 52, 0),
	gsSP2Triangles(53, 54, 55, 0, 56, 57, 58, 0),
	gsSP1Triangle(59, 60, 61, 0),
	gsSPVertex(monteman_Capless_Head_Switch_Option_Capless_Head_mesh_layer_1_vtx_1 + 125, 62, 0),
	gsSP2Triangles(0, 1, 2, 0, 3, 4, 5, 0),
	gsSP2Triangles(6, 7, 8, 0, 9, 10, 11, 0),
	gsSP2Triangles(12, 13, 14, 0, 15, 16, 17, 0),
	gsSP2Triangles(18, 19, 20, 0, 21, 22, 23, 0),
	gsSP2Triangles(24, 25, 26, 0, 27, 28, 29, 0),
	gsSP2Triangles(30, 31, 32, 0, 33, 34, 35, 0),
	gsSP2Triangles(36, 37, 38, 0, 39, 40, 41, 0),
	gsSP2Triangles(42, 43, 44, 0, 45, 46, 47, 0),
	gsSP2Triangles(48, 49, 50, 0, 51, 50, 52, 0),
	gsSP2Triangles(53, 54, 55, 0, 56, 57, 58, 0),
	gsSP1Triangle(59, 60, 61, 0),
	gsSPVertex(monteman_Capless_Head_Switch_Option_Capless_Head_mesh_layer_1_vtx_1 + 187, 3, 0),
	gsSP1Triangle(0, 1, 2, 0),
	gsSPEndDisplayList(),
};

Vtx monteman_Capless_Head_Switch_Option_Capless_Head_mesh_layer_2_vtx_0[6] = {
	{{{106, 20, -60}, 0, {-10, -10}, {0x01, 0xE1, 0x85, 0xFF}}},
	{{{114, -19, -93}, 0, {398, 50}, {0xF0, 0xAD, 0xA1, 0xFF}}},
	{{{72, 7, -54}, 0, {65, 306}, {0xC8, 0xF1, 0x8F, 0xFF}}},
	{{{72, 7, 54}, 0, {65, 306}, {0xC8, 0xF1, 0x71, 0xFF}}},
	{{{114, -19, 93}, 0, {398, 50}, {0xF0, 0xAD, 0x5F, 0xFF}}},
	{{{106, 20, 60}, 0, {-10, -10}, {0x01, 0xE1, 0x7B, 0xFF}}},
};

Gfx monteman_Capless_Head_Switch_Option_Capless_Head_mesh_layer_2_tri_0[] = {
	gsSPVertex(monteman_Capless_Head_Switch_Option_Capless_Head_mesh_layer_2_vtx_0 + 0, 6, 0),
	gsSP2Triangles(0, 1, 2, 0, 3, 4, 5, 0),
	gsSPEndDisplayList(),
};

Vtx monteman_Capless_Head_Switch_Option_Capless_Head_mesh_layer_2_vtx_1[6] = {
	{{{86, 96, -12}, 0, {-20, 744}, {0x06, 0x6A, 0xBB, 0xFF}}},
	{{{113, 101, -6}, 0, {-184, 100}, {0x03, 0x55, 0xA2, 0xFF}}},
	{{{119, 86, -44}, 0, {770, -45}, {0x02, 0x4F, 0x9D, 0xFF}}},
	{{{119, 86, 44}, 0, {770, -45}, {0x02, 0x4F, 0x63, 0xFF}}},
	{{{113, 101, 6}, 0, {-184, 100}, {0x03, 0x55, 0x5E, 0xFF}}},
	{{{86, 96, 12}, 0, {-20, 744}, {0x06, 0x6A, 0x45, 0xFF}}},
};

Gfx monteman_Capless_Head_Switch_Option_Capless_Head_mesh_layer_2_tri_1[] = {
	gsSPVertex(monteman_Capless_Head_Switch_Option_Capless_Head_mesh_layer_2_vtx_1 + 0, 6, 0),
	gsSP2Triangles(0, 1, 2, 0, 3, 4, 5, 0),
	gsSPEndDisplayList(),
};

Vtx monteman_Capless_Head_Switch_Option_Capless_Head_mesh_layer_2_vtx_2[15] = {
	{{{72, 82, -41}, 0, {-229, 69}, {0xF3, 0x4C, 0x9B, 0xFF}}},
	{{{19, 105, -18}, 0, {187, 1273}, {0xCF, 0x4F, 0xAA, 0xFF}}},
	{{{86, 96, -12}, 0, {294, -256}, {0x07, 0x6A, 0xBB, 0xFF}}},
	{{{81, 101, 0}, 0, {512, -128}, {0x10, 0x7E, 0x00, 0xFF}}},
	{{{86, 96, -12}, 0, {294, -256}, {0x07, 0x6A, 0xBB, 0xFF}}},
	{{{19, 105, -18}, 0, {187, 1273}, {0xCF, 0x4F, 0xA9, 0xFF}}},
	{{{19, 105, -18}, 0, {187, 1273}, {0xCF, 0x4F, 0xAA, 0xFF}}},
	{{{19, 105, 18}, 0, {836, 1273}, {0xCF, 0x4F, 0x56, 0xFF}}},
	{{{81, 101, 0}, 0, {512, -128}, {0x10, 0x7E, 0x00, 0xFF}}},
	{{{19, 105, 18}, 0, {836, 1273}, {0xCF, 0x4F, 0x57, 0xFF}}},
	{{{86, 96, 12}, 0, {729, -256}, {0x07, 0x6A, 0x45, 0xFF}}},
	{{{81, 101, 0}, 0, {512, -128}, {0x10, 0x7E, 0x00, 0xFF}}},
	{{{86, 96, 12}, 0, {729, -256}, {0x07, 0x6A, 0x45, 0xFF}}},
	{{{19, 105, 18}, 0, {836, 1273}, {0xCF, 0x4F, 0x56, 0xFF}}},
	{{{72, 82, 41}, 0, {1253, 69}, {0xF3, 0x4C, 0x65, 0xFF}}},
};

Gfx monteman_Capless_Head_Switch_Option_Capless_Head_mesh_layer_2_tri_2[] = {
	gsSPVertex(monteman_Capless_Head_Switch_Option_Capless_Head_mesh_layer_2_vtx_2 + 0, 15, 0),
	gsSP2Triangles(0, 1, 2, 0, 3, 4, 5, 0),
	gsSP2Triangles(6, 7, 8, 0, 9, 10, 11, 0),
	gsSP1Triangle(12, 13, 14, 0),
	gsSPEndDisplayList(),
};

Vtx monteman_Capless_Head_Switch_Option_Capless_Head_mesh_layer_2_vtx_3[30] = {
	{{{123, 50, -55}, 0, {1088, 314}, {0xFE, 0x32, 0x8B, 0xFF}}},
	{{{119, 86, -44}, 0, {471, 835}, {0x02, 0x4F, 0x9C, 0xFF}}},
	{{{160, 67, -39}, 0, {46, -17}, {0x3C, 0x3A, 0xA0, 0xFF}}},
	{{{168, 76, 0}, 0, {-13, -1}, {0x67, 0x4A, 0x00, 0xFF}}},
	{{{160, 67, -39}, 0, {1129, 6}, {0x3C, 0x3A, 0xA0, 0xFF}}},
	{{{137, 85, -39}, 0, {1131, 576}, {0x2F, 0x66, 0xC5, 0xFF}}},
	{{{119, 86, -44}, 0, {471, 835}, {0x02, 0x4F, 0x9D, 0xFF}}},
	{{{137, 85, -39}, 0, {147, 554}, {0x2F, 0x66, 0xC5, 0xFF}}},
	{{{160, 67, -39}, 0, {46, -17}, {0x3C, 0x3A, 0xA0, 0xFF}}},
	{{{168, 76, 0}, 0, {-13, -1}, {0x67, 0x4A, 0x00, 0xFF}}},
	{{{137, 85, -39}, 0, {1131, 576}, {0x2F, 0x66, 0xC5, 0xFF}}},
	{{{138, 99, 0}, 0, {-1, 744}, {0x24, 0x7A, 0x00, 0xFF}}},
	{{{138, 99, 0}, 0, {-1, 744}, {0x24, 0x7A, 0x00, 0xFF}}},
	{{{137, 85, 39}, 0, {1131, 576}, {0x2F, 0x66, 0x3B, 0xFF}}},
	{{{168, 76, 0}, 0, {-13, -1}, {0x67, 0x4A, 0x00, 0xFF}}},
	{{{137, 85, 39}, 0, {1131, 576}, {0x2F, 0x66, 0x3B, 0xFF}}},
	{{{160, 67, 39}, 0, {1129, 6}, {0x3C, 0x3A, 0x60, 0xFF}}},
	{{{168, 76, 0}, 0, {-13, -1}, {0x67, 0x4A, 0x00, 0xFF}}},
	{{{160, 67, 39}, 0, {46, -17}, {0x3C, 0x3A, 0x60, 0xFF}}},
	{{{137, 85, 39}, 0, {147, 554}, {0x2F, 0x66, 0x3B, 0xFF}}},
	{{{119, 86, 44}, 0, {471, 835}, {0x02, 0x4F, 0x63, 0xFF}}},
	{{{160, 67, 39}, 0, {46, -17}, {0x3C, 0x3A, 0x60, 0xFF}}},
	{{{119, 86, 44}, 0, {471, 835}, {0x02, 0x4F, 0x64, 0xFF}}},
	{{{123, 50, 55}, 0, {1088, 314}, {0xFE, 0x32, 0x75, 0xFF}}},
	{{{-6, 45, 0}, 0, {112, 944}, {0x63, 0x50, 0x00, 0xFF}}},
	{{{19, 105, 18}, 0, {593, -509}, {0xCF, 0x4F, 0x56, 0xFF}}},
	{{{19, 105, -18}, 0, {-369, -509}, {0xCF, 0x4F, 0xAA, 0xFF}}},
	{{{19, 105, -18}, 0, {662, -133}, {0xCF, 0x4F, 0xAA, 0xFF}}},
	{{{19, 105, 18}, 0, {-438, -133}, {0xCF, 0x4F, 0x56, 0xFF}}},
	{{{50, 103, 0}, 0, {112, 967}, {0x10, 0x7E, 0x00, 0xFF}}},
};

Gfx monteman_Capless_Head_Switch_Option_Capless_Head_mesh_layer_2_tri_3[] = {
	gsSPVertex(monteman_Capless_Head_Switch_Option_Capless_Head_mesh_layer_2_vtx_3 + 0, 30, 0),
	gsSP2Triangles(0, 1, 2, 0, 3, 4, 5, 0),
	gsSP2Triangles(6, 7, 8, 0, 9, 10, 11, 0),
	gsSP2Triangles(12, 13, 14, 0, 15, 16, 17, 0),
	gsSP2Triangles(18, 19, 20, 0, 21, 22, 23, 0),
	gsSP2Triangles(24, 25, 26, 0, 27, 28, 29, 0),
	gsSPEndDisplayList(),
};

Vtx monteman_Capless_Head_Switch_Option_Capless_Head_mesh_layer_2_vtx_4[12] = {
	{{{113, 101, -6}, 0, {24, 523}, {0x19, 0x7A, 0xE9, 0xFF}}},
	{{{137, 85, -39}, 0, {517, -7}, {0x2F, 0x66, 0xC5, 0xFF}}},
	{{{119, 86, -44}, 0, {522, 526}, {0x02, 0x4F, 0x9D, 0xFF}}},
	{{{138, 99, 0}, 0, {22, -236}, {0x24, 0x7A, 0x00, 0xFF}}},
	{{{137, 85, -39}, 0, {517, -7}, {0x2F, 0x66, 0xC5, 0xFF}}},
	{{{113, 101, -6}, 0, {24, 523}, {0x19, 0x7A, 0xE9, 0xFF}}},
	{{{113, 101, 6}, 0, {24, 523}, {0x19, 0x7A, 0x17, 0xFF}}},
	{{{137, 85, 39}, 0, {517, -7}, {0x2F, 0x66, 0x3B, 0xFF}}},
	{{{138, 99, 0}, 0, {22, -236}, {0x24, 0x7A, 0x00, 0xFF}}},
	{{{119, 86, 44}, 0, {522, 526}, {0x02, 0x4F, 0x63, 0xFF}}},
	{{{137, 85, 39}, 0, {517, -7}, {0x2F, 0x66, 0x3B, 0xFF}}},
	{{{113, 101, 6}, 0, {24, 523}, {0x19, 0x7A, 0x17, 0xFF}}},
};

Gfx monteman_Capless_Head_Switch_Option_Capless_Head_mesh_layer_2_tri_4[] = {
	gsSPVertex(monteman_Capless_Head_Switch_Option_Capless_Head_mesh_layer_2_vtx_4 + 0, 12, 0),
	gsSP2Triangles(0, 1, 2, 0, 3, 4, 5, 0),
	gsSP2Triangles(6, 7, 8, 0, 9, 10, 11, 0),
	gsSPEndDisplayList(),
};

Vtx monteman_Left_Wing_DL_mesh_layer_1_vtx_0[27] = {
	{{{-102, 72, -13}, 0, {76, 721}, {0x85, 0x20, 0x00, 0xFF}}},
	{{{-77, 126, -4}, 0, {45, 680}, {0x92, 0x40, 0x05, 0xFF}}},
	{{{-76, 55, -25}, 0, {240, 721}, {0x1B, 0xEC, 0x86, 0xFF}}},
	{{{-34, 103, -16}, 0, {240, 680}, {0x1E, 0xEE, 0x86, 0xFF}}},
	{{{-51, 176, -3}, 0, {15, 660}, {0xB2, 0x64, 0xFD, 0xFF}}},
	{{{21, 136, -9}, 0, {240, 660}, {0x1C, 0xE3, 0x88, 0xFF}}},
	{{{8, 197, -2}, 0, {15, 373}, {0xE4, 0x7C, 0xF7, 0xFF}}},
	{{{77, 162, -3}, 0, {240, 373}, {0x26, 0xE0, 0x8B, 0xFF}}},
	{{{61, 200, -1}, 0, {76, 148}, {0x01, 0x7E, 0xF1, 0xFF}}},
	{{{96, 195, 1}, 0, {240, 25}, {0x53, 0x5F, 0xF2, 0xFF}}},
	{{{102, 169, 11}, 0, {404, 148}, {0x7A, 0xFD, 0x24, 0xFF}}},
	{{{90, 144, 18}, 0, {465, 373}, {0x58, 0xB9, 0x3A, 0xFF}}},
	{{{45, 115, 20}, 0, {465, 660}, {0x3A, 0xA2, 0x3F, 0xFF}}},
	{{{-13, 87, 14}, 0, {435, 680}, {0x30, 0xA2, 0x46, 0xFF}}},
	{{{-54, 59, 4}, 0, {404, 721}, {0x29, 0xA8, 0x51, 0xFF}}},
	{{{102, 169, 11}, 0, {588, 148}, {0x7A, 0xFD, 0x24, 0xFF}}},
	{{{96, 195, 1}, 0, {752, 25}, {0x53, 0x5F, 0xF2, 0xFF}}},
	{{{61, 200, -1}, 0, {916, 148}, {0x01, 0x7E, 0xF1, 0xFF}}},
	{{{90, 144, 18}, 0, {527, 373}, {0x58, 0xB9, 0x3A, 0xFF}}},
	{{{8, 197, -2}, 0, {977, 373}, {0xE4, 0x7C, 0xF7, 0xFF}}},
	{{{45, 115, 20}, 0, {527, 660}, {0x3A, 0xA2, 0x3F, 0xFF}}},
	{{{-51, 176, -3}, 0, {977, 660}, {0xB2, 0x64, 0xFD, 0xFF}}},
	{{{-13, 87, 14}, 0, {557, 680}, {0x30, 0xA2, 0x46, 0xFF}}},
	{{{-77, 126, -4}, 0, {947, 680}, {0x92, 0x40, 0x05, 0xFF}}},
	{{{-54, 59, 4}, 0, {588, 721}, {0x29, 0xA8, 0x51, 0xFF}}},
	{{{-102, 72, -13}, 0, {916, 721}, {0x85, 0x20, 0x00, 0xFF}}},
	{{{-103, 0, -19}, 0, {-16, 2032}, {0xD0, 0x8B, 0xF5, 0xFF}}},
};

Gfx monteman_Left_Wing_DL_mesh_layer_1_tri_0[] = {
	gsSPVertex(monteman_Left_Wing_DL_mesh_layer_1_vtx_0 + 0, 27, 0),
	gsSP2Triangles(0, 1, 2, 0, 1, 3, 2, 0),
	gsSP2Triangles(1, 4, 3, 0, 4, 5, 3, 0),
	gsSP2Triangles(4, 6, 5, 0, 6, 7, 5, 0),
	gsSP2Triangles(6, 8, 7, 0, 8, 9, 7, 0),
	gsSP2Triangles(7, 9, 10, 0, 7, 10, 11, 0),
	gsSP2Triangles(5, 7, 11, 0, 5, 11, 12, 0),
	gsSP2Triangles(3, 5, 12, 0, 3, 12, 13, 0),
	gsSP2Triangles(2, 3, 13, 0, 2, 13, 14, 0),
	gsSP2Triangles(15, 16, 17, 0, 18, 15, 17, 0),
	gsSP2Triangles(18, 17, 19, 0, 20, 18, 19, 0),
	gsSP2Triangles(20, 19, 21, 0, 22, 20, 21, 0),
	gsSP2Triangles(22, 21, 23, 0, 24, 22, 23, 0),
	gsSP2Triangles(24, 23, 25, 0, 24, 25, 26, 0),
	gsSP2Triangles(25, 2, 26, 0, 2, 24, 26, 0),
	gsSPEndDisplayList(),
};

Vtx monteman_Test_DL_mesh_layer_1_vtx_0[47] = {
	{{{-131, -72, -16}, 0, {977, 906}, {0x2C, 0x89, 0x0B, 0xFF}}},
	{{{-60, -59, -15}, 0, {977, 1069}, {0x7E, 0xFA, 0xF3, 0xFF}}},
	{{{-78, -83, -18}, 0, {977, 1069}, {0x34, 0x8E, 0xE9, 0xFF}}},
	{{{-71, -31, -7}, 0, {977, 967}, {0x7F, 0x0B, 0x00, 0xFF}}},
	{{{-82, 20, -1}, 0, {977, 906}, {0x6C, 0x33, 0x2C, 0xFF}}},
	{{{-157, -70, -36}, 0, {977, 844}, {0x1D, 0x8F, 0xCE, 0xFF}}},
	{{{-103, 43, -24}, 0, {977, 844}, {0x41, 0x6C, 0xF3, 0xFF}}},
	{{{-145, 53, -48}, 0, {977, 783}, {0x21, 0x7A, 0x0B, 0xFF}}},
	{{{-184, -68, -58}, 0, {977, 783}, {0xFC, 0x86, 0xDD, 0xFF}}},
	{{{-190, -54, -89}, 0, {977, 844}, {0x1B, 0x8F, 0xCC, 0xFF}}},
	{{{-151, 63, -95}, 0, {977, 844}, {0x3A, 0x70, 0xF4, 0xFF}}},
	{{{-161, 50, -136}, 0, {977, 906}, {0x27, 0x50, 0xA5, 0xFF}}},
	{{{-196, -40, -119}, 0, {977, 906}, {0xEA, 0xAA, 0xA6, 0xFF}}},
	{{{-166, 15, -157}, 0, {977, 967}, {0x37, 0x1B, 0x91, 0xFF}}},
	{{{-162, -9, -175}, 0, {977, 1069}, {0x3F, 0x16, 0x94, 0xFF}}},
	{{{-173, -37, -167}, 0, {977, 1069}, {0x11, 0x9F, 0xB0, 0xFF}}},
	{{{-167, -59, -16}, 0, {721, 1909}, {0xC7, 0xB9, 0x59, 0xFF}}},
	{{{-157, -70, -36}, 0, {465, 1991}, {0x1D, 0x8F, 0xCE, 0xFF}}},
	{{{-131, -72, -16}, 0, {875, 1991}, {0x2C, 0x89, 0x0B, 0xFF}}},
	{{{-184, -68, -58}, 0, {15, 1991}, {0xFC, 0x86, 0xDD, 0xFF}}},
	{{{-199, -47, -42}, 0, {15, 1909}, {0x96, 0xD2, 0x35, 0xFF}}},
	{{{-187, -5, -23}, 0, {117, 1172}, {0xBD, 0x29, 0x64, 0xFF}}},
	{{{-158, -19, -2}, 0, {752, 1172}, {0xD2, 0x13, 0x75, 0xFF}}},
	{{{-125, -36, 0}, 0, {875, 1561}, {0xFC, 0xE8, 0x7D, 0xFF}}},
	{{{-94, -62, -11}, 0, {916, 1745}, {0x08, 0xDC, 0x79, 0xFF}}},
	{{{-78, -83, -18}, 0, {916, 1991}, {0x34, 0x8E, 0xE9, 0xFF}}},
	{{{-60, -59, -15}, 0, {977, 1991}, {0x7E, 0xFA, 0xF3, 0xFF}}},
	{{{-71, -31, -7}, 0, {977, 1418}, {0x7F, 0x0B, 0x00, 0xFF}}},
	{{{-82, 20, -1}, 0, {844, 783}, {0x6C, 0x33, 0x2C, 0xFF}}},
	{{{-103, 43, -24}, 0, {373, 783}, {0x41, 0x6C, 0xF3, 0xFF}}},
	{{{-158, 3, -23}, 0, {271, 844}, {0xD7, 0x4F, 0x5B, 0xFF}}},
	{{{-145, 53, -48}, 0, {15, 783}, {0x21, 0x7A, 0x0B, 0xFF}}},
	{{{-167, 21, -41}, 0, {15, 844}, {0xBC, 0x52, 0x45, 0xFF}}},
	{{{-183, 15, -63}, 0, {271, 844}, {0xB4, 0x5E, 0x26, 0xFF}}},
	{{{-151, 63, -95}, 0, {373, 783}, {0x3A, 0x70, 0xF4, 0xFF}}},
	{{{-207, 5, -79}, 0, {752, 1172}, {0x8D, 0x35, 0x07, 0xFF}}},
	{{{-161, 50, -136}, 0, {844, 783}, {0x27, 0x50, 0xA5, 0xFF}}},
	{{{-198, -1, -114}, 0, {875, 1561}, {0x8E, 0x1F, 0xD1, 0xFF}}},
	{{{-166, 15, -157}, 0, {977, 1418}, {0x37, 0x1B, 0x91, 0xFF}}},
	{{{-181, -20, -147}, 0, {916, 1745}, {0x92, 0x12, 0xC3, 0xFF}}},
	{{{-162, -9, -175}, 0, {977, 1991}, {0x3F, 0x16, 0x94, 0xFF}}},
	{{{-173, -37, -167}, 0, {916, 1991}, {0x11, 0x9F, 0xB0, 0xFF}}},
	{{{-196, -40, -119}, 0, {875, 1991}, {0xEA, 0xAA, 0xA6, 0xFF}}},
	{{{-209, -38, -83}, 0, {721, 1909}, {0x88, 0xD8, 0xF5, 0xFF}}},
	{{{-190, -54, -89}, 0, {465, 1991}, {0x1B, 0x8F, 0xCC, 0xFF}}},
	{{{-199, 1, -41}, 0, {117, 1172}, {0x97, 0x3B, 0x28, 0xFF}}},
	{{{-195, -2, -31}, 0, {15, 1254}, {0xA5, 0x32, 0x49, 0xFF}}},
};

Gfx monteman_Test_DL_mesh_layer_1_tri_0[] = {
	gsSPVertex(monteman_Test_DL_mesh_layer_1_vtx_0 + 0, 47, 0),
	gsSP2Triangles(0, 1, 2, 0, 0, 3, 1, 0),
	gsSP2Triangles(0, 4, 3, 0, 5, 4, 0, 0),
	gsSP2Triangles(5, 6, 4, 0, 5, 7, 6, 0),
	gsSP2Triangles(5, 8, 7, 0, 9, 7, 8, 0),
	gsSP2Triangles(9, 10, 7, 0, 9, 11, 10, 0),
	gsSP2Triangles(9, 12, 11, 0, 12, 13, 11, 0),
	gsSP2Triangles(12, 14, 13, 0, 12, 15, 14, 0),
	gsSP2Triangles(16, 17, 18, 0, 17, 16, 19, 0),
	gsSP2Triangles(19, 16, 20, 0, 20, 16, 21, 0),
	gsSP2Triangles(21, 16, 22, 0, 16, 23, 22, 0),
	gsSP2Triangles(18, 23, 16, 0, 23, 18, 24, 0),
	gsSP2Triangles(24, 18, 25, 0, 26, 24, 25, 0),
	gsSP2Triangles(24, 26, 27, 0, 27, 23, 24, 0),
	gsSP2Triangles(28, 23, 27, 0, 28, 22, 23, 0),
	gsSP2Triangles(22, 28, 29, 0, 29, 30, 22, 0),
	gsSP2Triangles(31, 30, 29, 0, 32, 30, 31, 0),
	gsSP2Triangles(32, 31, 33, 0, 31, 34, 33, 0),
	gsSP2Triangles(34, 35, 33, 0, 35, 34, 36, 0),
	gsSP2Triangles(36, 37, 35, 0, 36, 38, 37, 0),
	gsSP2Triangles(38, 39, 37, 0, 39, 38, 40, 0),
	gsSP2Triangles(40, 41, 39, 0, 39, 41, 42, 0),
	gsSP2Triangles(37, 39, 42, 0, 42, 43, 37, 0),
	gsSP2Triangles(43, 42, 44, 0, 44, 19, 43, 0),
	gsSP2Triangles(19, 20, 43, 0, 20, 45, 43, 0),
	gsSP2Triangles(45, 20, 46, 0, 21, 46, 20, 0),
	gsSP2Triangles(21, 32, 46, 0, 21, 30, 32, 0),
	gsSP2Triangles(30, 21, 22, 0, 45, 46, 32, 0),
	gsSP2Triangles(45, 32, 33, 0, 33, 35, 45, 0),
	gsSP2Triangles(45, 35, 43, 0, 43, 35, 37, 0),
	gsSPEndDisplayList(),
};

Vtx monteman_Right_Wing_DL_mesh_layer_1_vtx_0[27] = {
	{{{-102, 72, 13}, 0, {76, 721}, {0x85, 0x20, 0x00, 0xFF}}},
	{{{-76, 55, 25}, 0, {240, 721}, {0x1B, 0xEC, 0x7A, 0xFF}}},
	{{{-77, 126, 4}, 0, {45, 680}, {0x92, 0x40, 0xFB, 0xFF}}},
	{{{-34, 103, 16}, 0, {240, 680}, {0x1E, 0xEE, 0x7A, 0xFF}}},
	{{{-13, 87, -14}, 0, {435, 680}, {0x30, 0xA2, 0xBA, 0xFF}}},
	{{{-54, 59, -4}, 0, {404, 721}, {0x29, 0xA8, 0xAF, 0xFF}}},
	{{{45, 115, -20}, 0, {465, 660}, {0x3A, 0xA2, 0xC1, 0xFF}}},
	{{{21, 136, 9}, 0, {240, 660}, {0x1C, 0xE3, 0x78, 0xFF}}},
	{{{90, 144, -18}, 0, {465, 373}, {0x58, 0xB9, 0xC6, 0xFF}}},
	{{{77, 162, 3}, 0, {240, 373}, {0x26, 0xE0, 0x75, 0xFF}}},
	{{{102, 169, -11}, 0, {404, 148}, {0x7A, 0xFD, 0xDC, 0xFF}}},
	{{{96, 195, -1}, 0, {240, 25}, {0x53, 0x5F, 0x0E, 0xFF}}},
	{{{61, 200, 1}, 0, {76, 148}, {0x01, 0x7E, 0x0F, 0xFF}}},
	{{{8, 197, 2}, 0, {15, 373}, {0xE4, 0x7C, 0x09, 0xFF}}},
	{{{-51, 176, 3}, 0, {15, 660}, {0xB2, 0x64, 0x03, 0xFF}}},
	{{{102, 169, -11}, 0, {588, 148}, {0x7A, 0xFD, 0xDC, 0xFF}}},
	{{{61, 200, 1}, 0, {916, 148}, {0x01, 0x7E, 0x0F, 0xFF}}},
	{{{96, 195, -1}, 0, {752, 25}, {0x53, 0x5F, 0x0E, 0xFF}}},
	{{{90, 144, -18}, 0, {527, 373}, {0x58, 0xB9, 0xC6, 0xFF}}},
	{{{8, 197, 2}, 0, {977, 373}, {0xE4, 0x7C, 0x09, 0xFF}}},
	{{{45, 115, -20}, 0, {527, 660}, {0x3A, 0xA2, 0xC1, 0xFF}}},
	{{{-51, 176, 3}, 0, {977, 660}, {0xB2, 0x64, 0x03, 0xFF}}},
	{{{-13, 87, -14}, 0, {557, 680}, {0x30, 0xA2, 0xBA, 0xFF}}},
	{{{-77, 126, 4}, 0, {947, 680}, {0x92, 0x40, 0xFB, 0xFF}}},
	{{{-54, 59, -4}, 0, {588, 721}, {0x29, 0xA8, 0xAF, 0xFF}}},
	{{{-102, 72, 13}, 0, {916, 721}, {0x85, 0x20, 0x00, 0xFF}}},
	{{{-103, 0, 19}, 0, {-16, 2032}, {0xD0, 0x8B, 0x0B, 0xFF}}},
};

Gfx monteman_Right_Wing_DL_mesh_layer_1_tri_0[] = {
	gsSPVertex(monteman_Right_Wing_DL_mesh_layer_1_vtx_0 + 0, 27, 0),
	gsSP2Triangles(0, 1, 2, 0, 2, 1, 3, 0),
	gsSP2Triangles(1, 4, 3, 0, 1, 5, 4, 0),
	gsSP2Triangles(3, 4, 6, 0, 3, 6, 7, 0),
	gsSP2Triangles(7, 6, 8, 0, 7, 8, 9, 0),
	gsSP2Triangles(9, 8, 10, 0, 9, 10, 11, 0),
	gsSP2Triangles(12, 9, 11, 0, 13, 9, 12, 0),
	gsSP2Triangles(13, 7, 9, 0, 14, 7, 13, 0),
	gsSP2Triangles(14, 3, 7, 0, 2, 3, 14, 0),
	gsSP2Triangles(15, 16, 17, 0, 18, 16, 15, 0),
	gsSP2Triangles(18, 19, 16, 0, 20, 19, 18, 0),
	gsSP2Triangles(20, 21, 19, 0, 22, 21, 20, 0),
	gsSP2Triangles(22, 23, 21, 0, 24, 23, 22, 0),
	gsSP2Triangles(24, 25, 23, 0, 24, 26, 25, 0),
	gsSP2Triangles(1, 26, 24, 0, 25, 26, 1, 0),
	gsSPEndDisplayList(),
};

Vtx monteman_Left_Arm_Color_mesh_layer_1_vtx_0[10] = {
	{{{2, 2, -18}, 0, {1764, -2244}, {0xF2, 0x13, 0x83, 0xFF}}},
	{{{61, -13, -2}, 0, {2068, -2496}, {0x29, 0x89, 0xF0, 0xFF}}},
	{{{-11, -17, -7}, 0, {1968, -2596}, {0xCA, 0x92, 0xE1, 0xFF}}},
	{{{65, 5, -16}, 0, {1840, -2128}, {0x39, 0x13, 0x90, 0xFF}}},
	{{{63, 16, 1}, 0, {2148, -1912}, {0x2D, 0x76, 0x0E, 0xFF}}},
	{{{-12, 17, -1}, 0, {2012, -1924}, {0xC5, 0x70, 0xFF, 0xFF}}},
	{{{-21, 0, -7}, 0, {2046, -2248}, {0x89, 0x05, 0xD3, 0xFF}}},
	{{{-12, 0, 17}, 0, {2440, -2204}, {0xC4, 0xF7, 0x6F, 0xFF}}},
	{{{63, -1, 15}, 0, {2404, -2208}, {0x2E, 0xF2, 0x75, 0xFF}}},
	{{{76, 1, 1}, 0, {2116, -2190}, {0x7E, 0xF7, 0x09, 0xFF}}},
};

Gfx monteman_Left_Arm_Color_mesh_layer_1_tri_0[] = {
	gsSPVertex(monteman_Left_Arm_Color_mesh_layer_1_vtx_0 + 0, 10, 0),
	gsSP2Triangles(0, 1, 2, 0, 1, 0, 3, 0),
	gsSP2Triangles(0, 4, 3, 0, 4, 0, 5, 0),
	gsSP2Triangles(5, 0, 6, 0, 0, 2, 6, 0),
	gsSP2Triangles(2, 7, 6, 0, 1, 7, 2, 0),
	gsSP2Triangles(7, 1, 8, 0, 8, 1, 9, 0),
	gsSP2Triangles(1, 3, 9, 0, 3, 4, 9, 0),
	gsSP2Triangles(4, 8, 9, 0, 4, 7, 8, 0),
	gsSP2Triangles(7, 4, 5, 0, 7, 5, 6, 0),
	gsSPEndDisplayList(),
};

Vtx monteman_Left_Forearm_mesh_layer_1_vtx_0[33] = {
	{{{6, 19, -1}, 0, {1066, 328}, {0xF0, 0x7E, 0x00, 0xFF}}},
	{{{60, 2, 8}, 0, {-3, 1006}, {0x54, 0x03, 0x5F, 0xFF}}},
	{{{60, 17, -4}, 0, {-60, 542}, {0x48, 0x68, 0xFB, 0xFF}}},
	{{{14, -1, 20}, 0, {1000, 1028}, {0xFF, 0xFA, 0x7F, 0xFF}}},
	{{{61, 3, -16}, 0, {-40, 972}, {0x4D, 0x02, 0x9B, 0xFF}}},
	{{{60, 2, 8}, 0, {-25, 968}, {0x54, 0x03, 0x5F, 0xFF}}},
	{{{60, -11, -4}, 0, {-26, 394}, {0x50, 0x9E, 0xF6, 0xFF}}},
	{{{60, 17, -4}, 0, {-92, 472}, {0x48, 0x68, 0xFB, 0xFF}}},
	{{{6, 19, -1}, 0, {1064, 356}, {0xF0, 0x7E, 0x00, 0xFF}}},
	{{{15, 2, -17}, 0, {954, 982}, {0xFD, 0x08, 0x81, 0xFF}}},
	{{{14, -1, 20}, 0, {1013, 1000}, {0xFF, 0xFA, 0x7F, 0xFF}}},
	{{{60, -11, -4}, 0, {-32, 414}, {0x50, 0x9E, 0xF6, 0xFF}}},
	{{{13, -20, -2}, 0, {1012, 154}, {0xF5, 0x83, 0xF0, 0xFF}}},
	{{{6, 19, -1}, 0, {704, 648}, {0xF0, 0x7E, 0x00, 0xFF}}},
	{{{-3, -1, 15}, 0, {430, 124}, {0xBF, 0xF8, 0x6D, 0xFF}}},
	{{{14, -1, 20}, 0, {308, 830}, {0xFF, 0xFA, 0x7F, 0xFF}}},
	{{{-2, 16, 1}, 0, {702, 296}, {0xC3, 0x6E, 0x14, 0xFF}}},
	{{{0, 5, -16}, 0, {567, 276}, {0xD1, 0x15, 0x8C, 0xFF}}},
	{{{6, 19, -1}, 0, {345, 640}, {0xF0, 0x7E, 0x00, 0xFF}}},
	{{{15, 2, -17}, 0, {613, 762}, {0xFD, 0x08, 0x81, 0xFF}}},
	{{{-2, 16, 1}, 0, {356, 368}, {0xC3, 0x6E, 0x14, 0xFF}}},
	{{{15, 2, -17}, 0, {999, 1040}, {0xFD, 0x08, 0x81, 0xFF}}},
	{{{61, 3, -16}, 0, {-8, 974}, {0x4D, 0x02, 0x9B, 0xFF}}},
	{{{13, -20, -2}, 0, {1007, 186}, {0xF5, 0x83, 0xF0, 0xFF}}},
	{{{13, -20, -2}, 0, {645, 776}, {0xF5, 0x83, 0xF0, 0xFF}}},
	{{{0, 5, -16}, 0, {193, 212}, {0xD1, 0x15, 0x8C, 0xFF}}},
	{{{15, 2, -17}, 0, {209, 790}, {0xFD, 0x08, 0x81, 0xFF}}},
	{{{-4, -13, -2}, 0, {596, 120}, {0xB7, 0x9A, 0xED, 0xFF}}},
	{{{-3, -1, 15}, 0, {650, 192}, {0xBF, 0xF8, 0x6D, 0xFF}}},
	{{{13, -20, -2}, 0, {356, 768}, {0xF5, 0x83, 0xF0, 0xFF}}},
	{{{14, -1, 20}, 0, {694, 802}, {0xFF, 0xFA, 0x7F, 0xFF}}},
	{{{-4, -13, -2}, 0, {381, 146}, {0xB7, 0x9A, 0xED, 0xFF}}},
	{{{-15, 3, -1}, 0, {572, 226}, {0x82, 0x09, 0xF6, 0xFF}}},
};

Gfx monteman_Left_Forearm_mesh_layer_1_tri_0[] = {
	gsSPVertex(monteman_Left_Forearm_mesh_layer_1_vtx_0 + 0, 33, 0),
	gsSP2Triangles(0, 1, 2, 0, 1, 0, 3, 0),
	gsSP2Triangles(4, 5, 6, 0, 4, 7, 5, 0),
	gsSP2Triangles(4, 8, 7, 0, 8, 4, 9, 0),
	gsSP2Triangles(10, 11, 5, 0, 11, 10, 12, 0),
	gsSP2Triangles(13, 14, 15, 0, 14, 13, 16, 0),
	gsSP2Triangles(17, 18, 19, 0, 18, 17, 20, 0),
	gsSP2Triangles(6, 21, 22, 0, 21, 6, 23, 0),
	gsSP2Triangles(24, 25, 26, 0, 25, 24, 27, 0),
	gsSP2Triangles(28, 29, 30, 0, 29, 28, 31, 0),
	gsSP2Triangles(31, 28, 32, 0, 28, 16, 32, 0),
	gsSP2Triangles(16, 17, 32, 0, 17, 31, 32, 0),
	gsSPEndDisplayList(),
};

Vtx monteman_Left_Hand_DL_mesh_layer_1_vtx_0[25] = {
	{{{-10, 26, -38}, 0, {-16, -16}, {0xCC, 0x39, 0x9B, 0xFF}}},
	{{{4, 24, -31}, 0, {-16, -16}, {0xFB, 0x44, 0x95, 0xFF}}},
	{{{26, -25, -32}, 0, {-16, -16}, {0x17, 0xC9, 0x90, 0xFF}}},
	{{{-1, 39, 5}, 0, {-16, -16}, {0xDB, 0x71, 0x2D, 0xFF}}},
	{{{-18, 45, 8}, 0, {-16, -16}, {0xBC, 0x64, 0x27, 0xFF}}},
	{{{-14, -14, -4}, 0, {-16, -16}, {0x8B, 0xCE, 0x03, 0xFF}}},
	{{{17, -38, -39}, 0, {-16, -16}, {0x02, 0xB5, 0x9A, 0xFF}}},
	{{{34, -41, 3}, 0, {-16, -16}, {0x3D, 0x97, 0x26, 0xFF}}},
	{{{58, -45, 7}, 0, {-16, -16}, {0x06, 0x8A, 0x2F, 0xFF}}},
	{{{80, -31, -61}, 0, {-16, -16}, {0x1D, 0xB6, 0x9D, 0xFF}}},
	{{{33, 7, -44}, 0, {-16, -16}, {0xC4, 0xFD, 0x90, 0xFF}}},
	{{{32, 63, -28}, 0, {-16, -16}, {0xD0, 0x5B, 0xB6, 0xFF}}},
	{{{12, 59, 10}, 0, {-16, -16}, {0xAF, 0x55, 0x30, 0xFF}}},
	{{{36, 6, 42}, 0, {-16, -16}, {0xE3, 0xEF, 0x7A, 0xFF}}},
	{{{17, -1, 27}, 0, {-16, -16}, {0xFE, 0xFD, 0x7F, 0xFF}}},
	{{{5, -6, 36}, 0, {-16, -16}, {0xEA, 0xF5, 0x7C, 0xFF}}},
	{{{27, -58, 6}, 0, {-16, -16}, {0x1C, 0x8A, 0x24, 0xFF}}},
	{{{107, -26, 4}, 0, {-16, -16}, {0x65, 0xBF, 0x29, 0xFF}}},
	{{{100, -6, -46}, 0, {-16, -16}, {0x69, 0xFD, 0xB9, 0xFF}}},
	{{{61, 12, -60}, 0, {-16, -16}, {0xF4, 0x17, 0x84, 0xFF}}},
	{{{57, 55, -37}, 0, {-16, -16}, {0x17, 0x55, 0xA4, 0xFF}}},
	{{{59, 81, 8}, 0, {-16, -16}, {0x15, 0x79, 0x21, 0xFF}}},
	{{{86, 29, 41}, 0, {-16, -16}, {0x40, 0x1A, 0x6B, 0xFF}}},
	{{{99, 40, -16}, 0, {-16, -16}, {0x6B, 0x40, 0xEA, 0xFF}}},
	{{{90, 17, -46}, 0, {-16, -16}, {0x47, 0x31, 0xA3, 0xFF}}},
};

Gfx monteman_Left_Hand_DL_mesh_layer_1_tri_0[] = {
	gsSPVertex(monteman_Left_Hand_DL_mesh_layer_1_vtx_0 + 0, 25, 0),
	gsSP2Triangles(0, 1, 2, 0, 3, 1, 0, 0),
	gsSP2Triangles(0, 4, 3, 0, 0, 5, 4, 0),
	gsSP2Triangles(6, 5, 0, 0, 2, 6, 0, 0),
	gsSP2Triangles(6, 2, 7, 0, 8, 7, 2, 0),
	gsSP2Triangles(2, 9, 8, 0, 2, 10, 9, 0),
	gsSP2Triangles(2, 1, 10, 0, 11, 10, 1, 0),
	gsSP2Triangles(12, 11, 1, 0, 1, 3, 12, 0),
	gsSP2Triangles(3, 13, 12, 0, 3, 14, 13, 0),
	gsSP2Triangles(15, 14, 3, 0, 3, 4, 15, 0),
	gsSP2Triangles(4, 5, 15, 0, 15, 5, 16, 0),
	gsSP2Triangles(16, 5, 6, 0, 7, 16, 6, 0),
	gsSP2Triangles(15, 16, 7, 0, 7, 14, 15, 0),
	gsSP2Triangles(13, 14, 7, 0, 7, 8, 13, 0),
	gsSP2Triangles(8, 17, 13, 0, 9, 17, 8, 0),
	gsSP2Triangles(9, 18, 17, 0, 19, 18, 9, 0),
	gsSP2Triangles(10, 19, 9, 0, 19, 10, 11, 0),
	gsSP2Triangles(19, 11, 20, 0, 21, 20, 11, 0),
	gsSP2Triangles(11, 12, 21, 0, 13, 21, 12, 0),
	gsSP2Triangles(13, 22, 21, 0, 17, 22, 13, 0),
	gsSP2Triangles(17, 23, 22, 0, 18, 23, 17, 0),
	gsSP2Triangles(24, 23, 18, 0, 19, 24, 18, 0),
	gsSP2Triangles(20, 24, 19, 0, 24, 20, 23, 0),
	gsSP2Triangles(21, 23, 20, 0, 22, 23, 21, 0),
	gsSPEndDisplayList(),
};

Vtx monteman_Left_Hand_Open_Switch_Option_Left_Hand_Open_mesh_layer_1_vtx_0[37] = {
	{{{2, 3, 26}, 0, {-16, -16}, {0x4A, 0x34, 0x59, 0xFF}}},
	{{{20, -46, 12}, 0, {-16, -16}, {0x75, 0xDD, 0x23, 0xFF}}},
	{{{26, -32, 6}, 0, {-16, -16}, {0x37, 0xA8, 0x49, 0xFF}}},
	{{{13, -39, -31}, 0, {-16, -16}, {0x13, 0xA4, 0xAB, 0xFF}}},
	{{{20, -27, -27}, 0, {-16, -16}, {0x10, 0xB2, 0x9D, 0xFF}}},
	{{{-10, 14, -43}, 0, {-16, -16}, {0xD7, 0x23, 0x8D, 0xFF}}},
	{{{1, -33, -23}, 0, {-16, -16}, {0x9F, 0xB3, 0xE2, 0xFF}}},
	{{{6, -38, 7}, 0, {-16, -16}, {0xA7, 0xB0, 0x2A, 0xFF}}},
	{{{20, -46, 12}, 0, {-16, -16}, {0xB9, 0xA1, 0x2D, 0xFF}}},
	{{{2, 3, 26}, 0, {-16, -16}, {0xA8, 0xF0, 0x5A, 0xFF}}},
	{{{-6, -3, 17}, 0, {-16, -16}, {0x98, 0xE2, 0x42, 0xFF}}},
	{{{-20, 22, -7}, 0, {-16, -16}, {0x83, 0x00, 0x16, 0xFF}}},
	{{{-17, 40, -8}, 0, {-16, -16}, {0x84, 0x16, 0x11, 0xFF}}},
	{{{-15, 4, -32}, 0, {-16, -16}, {0x8D, 0xDE, 0xD6, 0xFF}}},
	{{{-3, 35, -9}, 0, {-16, -16}, {0xCE, 0x72, 0x18, 0xFF}}},
	{{{-17, 40, -8}, 0, {-16, -16}, {0x2B, 0x78, 0x00, 0xFF}}},
	{{{1, 15, -37}, 0, {-16, -16}, {0xE0, 0x1C, 0x88, 0xFF}}},
	{{{11, 29, -52}, 0, {-16, -16}, {0xDB, 0x1E, 0x8B, 0xFF}}},
	{{{6, 53, -9}, 0, {-16, -16}, {0xAC, 0x5C, 0x17, 0xFF}}},
	{{{26, 16, 28}, 0, {-16, -16}, {0xDE, 0x0D, 0x7A, 0xFF}}},
	{{{11, 5, 17}, 0, {-16, -16}, {0x06, 0x1B, 0x7C, 0xFF}}},
	{{{45, -34, 10}, 0, {-16, -16}, {0xFF, 0x9F, 0x52, 0xFF}}},
	{{{41, -37, -36}, 0, {-16, -16}, {0xD8, 0x9D, 0xBB, 0xFF}}},
	{{{25, -1, -44}, 0, {-16, -16}, {0xDF, 0xE2, 0x89, 0xFF}}},
	{{{26, 41, -41}, 0, {-16, -16}, {0xF5, 0x41, 0x94, 0xFF}}},
	{{{70, 89, -20}, 0, {-16, -16}, {0xF0, 0x7E, 0xF8, 0xFF}}},
	{{{77, 41, 21}, 0, {-16, -16}, {0x14, 0x28, 0x77, 0xFF}}},
	{{{83, -17, 10}, 0, {-16, -16}, {0x43, 0xC1, 0x58, 0xFF}}},
	{{{89, -47, -37}, 0, {-16, -16}, {0x4B, 0xA4, 0xD4, 0xFF}}},
	{{{76, -18, -48}, 0, {-16, -16}, {0x2D, 0x03, 0x89, 0xFF}}},
	{{{69, 10, -36}, 0, {-16, -16}, {0x34, 0x1D, 0x90, 0xFF}}},
	{{{78, 59, -34}, 0, {-16, -16}, {0xF6, 0x16, 0x83, 0xFF}}},
	{{{119, 70, -42}, 0, {-16, -16}, {0x33, 0x41, 0x9F, 0xFF}}},
	{{{121, 73, -21}, 0, {-16, -16}, {0x4C, 0x5F, 0x22, 0xFF}}},
	{{{141, 34, -7}, 0, {-16, -16}, {0x74, 0xF7, 0x34, 0xFF}}},
	{{{133, 28, -40}, 0, {-16, -16}, {0x50, 0xD8, 0xA6, 0xFF}}},
	{{{89, -6, -27}, 0, {-16, -16}, {0x64, 0xE3, 0xB8, 0xFF}}},
};

Gfx monteman_Left_Hand_Open_Switch_Option_Left_Hand_Open_mesh_layer_1_tri_0[] = {
	gsSPVertex(monteman_Left_Hand_Open_Switch_Option_Left_Hand_Open_mesh_layer_1_vtx_0 + 0, 37, 0),
	gsSP2Triangles(0, 1, 2, 0, 2, 1, 3, 0),
	gsSP2Triangles(3, 4, 2, 0, 4, 3, 5, 0),
	gsSP2Triangles(3, 6, 5, 0, 7, 6, 3, 0),
	gsSP2Triangles(8, 7, 3, 0, 9, 7, 8, 0),
	gsSP2Triangles(9, 10, 7, 0, 11, 10, 9, 0),
	gsSP2Triangles(12, 11, 9, 0, 5, 11, 12, 0),
	gsSP2Triangles(5, 13, 11, 0, 6, 13, 5, 0),
	gsSP2Triangles(10, 13, 6, 0, 6, 7, 10, 0),
	gsSP2Triangles(10, 11, 13, 0, 14, 15, 0, 0),
	gsSP2Triangles(5, 15, 14, 0, 14, 16, 5, 0),
	gsSP2Triangles(17, 16, 14, 0, 14, 18, 17, 0),
	gsSP2Triangles(14, 19, 18, 0, 14, 20, 19, 0),
	gsSP2Triangles(0, 20, 14, 0, 2, 20, 0, 0),
	gsSP2Triangles(19, 20, 2, 0, 2, 21, 19, 0),
	gsSP2Triangles(2, 22, 21, 0, 2, 4, 22, 0),
	gsSP2Triangles(4, 23, 22, 0, 4, 16, 23, 0),
	gsSP2Triangles(5, 16, 4, 0, 16, 17, 23, 0),
	gsSP2Triangles(23, 17, 24, 0, 18, 24, 17, 0),
	gsSP2Triangles(24, 18, 25, 0, 19, 25, 18, 0),
	gsSP2Triangles(19, 26, 25, 0, 27, 26, 19, 0),
	gsSP2Triangles(21, 27, 19, 0, 28, 27, 21, 0),
	gsSP2Triangles(21, 22, 28, 0, 28, 22, 29, 0),
	gsSP2Triangles(22, 23, 29, 0, 29, 23, 24, 0),
	gsSP2Triangles(29, 24, 30, 0, 24, 31, 30, 0),
	gsSP2Triangles(25, 31, 24, 0, 32, 31, 25, 0),
	gsSP2Triangles(25, 33, 32, 0, 33, 25, 26, 0),
	gsSP2Triangles(34, 33, 26, 0, 27, 34, 26, 0),
	gsSP2Triangles(35, 34, 27, 0, 36, 35, 27, 0),
	gsSP2Triangles(28, 36, 27, 0, 29, 36, 28, 0),
	gsSP2Triangles(29, 30, 36, 0, 30, 31, 36, 0),
	gsSP2Triangles(31, 35, 36, 0, 31, 32, 35, 0),
	gsSP2Triangles(32, 34, 35, 0, 33, 34, 32, 0),
	gsSPEndDisplayList(),
};

Vtx monteman_Right_Arm_Color_mesh_layer_1_vtx_0[10] = {
	{{{2, 2, 19}, 0, {1764, -2244}, {0xF2, 0x13, 0x7D, 0xFF}}},
	{{{-11, -17, 8}, 0, {1968, -2596}, {0xCA, 0x92, 0x1F, 0xFF}}},
	{{{61, -13, 3}, 0, {2068, -2496}, {0x29, 0x89, 0x10, 0xFF}}},
	{{{-21, 0, 8}, 0, {2046, -2248}, {0x89, 0x05, 0x2D, 0xFF}}},
	{{{-12, 17, 2}, 0, {2012, -1924}, {0xC5, 0x70, 0x01, 0xFF}}},
	{{{63, 16, 0}, 0, {2148, -1912}, {0x2D, 0x76, 0xF2, 0xFF}}},
	{{{65, 5, 17}, 0, {1840, -2128}, {0x39, 0x13, 0x70, 0xFF}}},
	{{{76, 1, 0}, 0, {2116, -2190}, {0x7E, 0xF7, 0xF7, 0xFF}}},
	{{{63, -1, -14}, 0, {2404, -2208}, {0x2E, 0xF2, 0x8B, 0xFF}}},
	{{{-12, 0, -16}, 0, {2440, -2204}, {0xC4, 0xF7, 0x91, 0xFF}}},
};

Gfx monteman_Right_Arm_Color_mesh_layer_1_tri_0[] = {
	gsSPVertex(monteman_Right_Arm_Color_mesh_layer_1_vtx_0 + 0, 10, 0),
	gsSP2Triangles(0, 1, 2, 0, 1, 0, 3, 0),
	gsSP2Triangles(0, 4, 3, 0, 5, 4, 0, 0),
	gsSP2Triangles(0, 6, 5, 0, 2, 6, 0, 0),
	gsSP2Triangles(6, 2, 7, 0, 2, 8, 7, 0),
	gsSP2Triangles(9, 8, 2, 0, 2, 1, 9, 0),
	gsSP2Triangles(9, 1, 3, 0, 4, 9, 3, 0),
	gsSP2Triangles(9, 4, 5, 0, 5, 8, 9, 0),
	gsSP2Triangles(8, 5, 7, 0, 5, 6, 7, 0),
	gsSPEndDisplayList(),
};

Vtx monteman_Right_Forearm_mesh_layer_1_vtx_0[33] = {
	{{{6, 19, 2}, 0, {1066, 328}, {0xF0, 0x7E, 0x00, 0xFF}}},
	{{{60, 17, 5}, 0, {-60, 542}, {0x48, 0x68, 0x05, 0xFF}}},
	{{{60, 2, -7}, 0, {-3, 1006}, {0x54, 0x03, 0xA1, 0xFF}}},
	{{{14, -1, -19}, 0, {1000, 1028}, {0xFF, 0xFA, 0x81, 0xFF}}},
	{{{61, 3, 17}, 0, {-40, 972}, {0x4D, 0x02, 0x65, 0xFF}}},
	{{{60, -11, 5}, 0, {-26, 394}, {0x50, 0x9E, 0x0A, 0xFF}}},
	{{{60, 2, -7}, 0, {-25, 968}, {0x54, 0x03, 0xA1, 0xFF}}},
	{{{60, 17, 5}, 0, {-92, 472}, {0x48, 0x68, 0x05, 0xFF}}},
	{{{6, 19, 2}, 0, {1064, 356}, {0xF0, 0x7E, 0x00, 0xFF}}},
	{{{15, 2, 18}, 0, {954, 982}, {0xFD, 0x08, 0x7F, 0xFF}}},
	{{{14, -1, -19}, 0, {1013, 1000}, {0xFF, 0xFA, 0x81, 0xFF}}},
	{{{60, -11, 5}, 0, {-32, 414}, {0x50, 0x9E, 0x0A, 0xFF}}},
	{{{13, -20, 3}, 0, {1012, 154}, {0xF5, 0x83, 0x10, 0xFF}}},
	{{{6, 19, 2}, 0, {704, 648}, {0xF0, 0x7E, 0x00, 0xFF}}},
	{{{14, -1, -19}, 0, {308, 830}, {0xFF, 0xFA, 0x81, 0xFF}}},
	{{{-3, -1, -14}, 0, {430, 124}, {0xBF, 0xF8, 0x93, 0xFF}}},
	{{{-2, 16, 0}, 0, {702, 296}, {0xC3, 0x6E, 0xEC, 0xFF}}},
	{{{0, 5, 17}, 0, {567, 276}, {0xD1, 0x15, 0x74, 0xFF}}},
	{{{15, 2, 18}, 0, {613, 762}, {0xFD, 0x08, 0x7F, 0xFF}}},
	{{{6, 19, 2}, 0, {345, 640}, {0xF0, 0x7E, 0x00, 0xFF}}},
	{{{-2, 16, 0}, 0, {356, 368}, {0xC3, 0x6E, 0xEC, 0xFF}}},
	{{{61, 3, 17}, 0, {-8, 974}, {0x4D, 0x02, 0x65, 0xFF}}},
	{{{15, 2, 18}, 0, {999, 1040}, {0xFD, 0x08, 0x7F, 0xFF}}},
	{{{13, -20, 3}, 0, {1007, 186}, {0xF5, 0x83, 0x10, 0xFF}}},
	{{{13, -20, 3}, 0, {645, 776}, {0xF5, 0x83, 0x10, 0xFF}}},
	{{{15, 2, 18}, 0, {209, 790}, {0xFD, 0x08, 0x7F, 0xFF}}},
	{{{0, 5, 17}, 0, {193, 212}, {0xD1, 0x15, 0x74, 0xFF}}},
	{{{-4, -13, 3}, 0, {596, 120}, {0xB7, 0x9A, 0x13, 0xFF}}},
	{{{-3, -1, -14}, 0, {650, 192}, {0xBF, 0xF8, 0x93, 0xFF}}},
	{{{14, -1, -19}, 0, {694, 802}, {0xFF, 0xFA, 0x81, 0xFF}}},
	{{{13, -20, 3}, 0, {356, 768}, {0xF5, 0x83, 0x10, 0xFF}}},
	{{{-4, -13, 3}, 0, {381, 146}, {0xB7, 0x9A, 0x13, 0xFF}}},
	{{{-15, 3, 2}, 0, {572, 226}, {0x82, 0x09, 0x0A, 0xFF}}},
};

Gfx monteman_Right_Forearm_mesh_layer_1_tri_0[] = {
	gsSPVertex(monteman_Right_Forearm_mesh_layer_1_vtx_0 + 0, 33, 0),
	gsSP2Triangles(0, 1, 2, 0, 2, 3, 0, 0),
	gsSP2Triangles(4, 5, 6, 0, 4, 6, 7, 0),
	gsSP2Triangles(4, 7, 8, 0, 8, 9, 4, 0),
	gsSP2Triangles(10, 6, 11, 0, 11, 12, 10, 0),
	gsSP2Triangles(13, 14, 15, 0, 15, 16, 13, 0),
	gsSP2Triangles(17, 18, 19, 0, 19, 20, 17, 0),
	gsSP2Triangles(5, 21, 22, 0, 22, 23, 5, 0),
	gsSP2Triangles(24, 25, 26, 0, 26, 27, 24, 0),
	gsSP2Triangles(28, 29, 30, 0, 30, 31, 28, 0),
	gsSP2Triangles(28, 31, 32, 0, 31, 17, 32, 0),
	gsSP2Triangles(17, 16, 32, 0, 16, 28, 32, 0),
	gsSPEndDisplayList(),
};

Vtx monteman_Right_Hand_DL_mesh_layer_1_vtx_0[25] = {
	{{{54, 54, 44}, 0, {-16, -16}, {0x14, 0x52, 0x5F, 0xFF}}},
	{{{29, 62, 34}, 0, {-16, -16}, {0xCE, 0x59, 0x4B, 0xFF}}},
	{{{57, 10, 66}, 0, {-16, -16}, {0xF3, 0x15, 0x7D, 0xFF}}},
	{{{58, 81, 0}, 0, {-16, -16}, {0x17, 0x7A, 0xE4, 0xFF}}},
	{{{97, 39, 24}, 0, {-16, -16}, {0x6B, 0x3E, 0x1C, 0xFF}}},
	{{{86, 15, 52}, 0, {-16, -16}, {0x45, 0x2D, 0x61, 0xFF}}},
	{{{96, -8, 52}, 0, {-16, -16}, {0x67, 0xF9, 0x49, 0xFF}}},
	{{{75, -33, 66}, 0, {-16, -16}, {0x19, 0xB2, 0x61, 0xFF}}},
	{{{29, 6, 49}, 0, {-16, -16}, {0xBF, 0xF9, 0x6D, 0xFF}}},
	{{{1, 24, 35}, 0, {-16, -16}, {0xF5, 0x3F, 0x6E, 0xFF}}},
	{{{10, 60, -4}, 0, {-16, -16}, {0xB1, 0x58, 0xD2, 0xFF}}},
	{{{35, 9, -37}, 0, {-16, -16}, {0xE7, 0xF6, 0x84, 0xFF}}},
	{{{86, 30, -33}, 0, {-16, -16}, {0x45, 0x1C, 0x99, 0xFF}}},
	{{{104, -26, 1}, 0, {-16, -16}, {0x65, 0xBF, 0xD7, 0xFF}}},
	{{{55, -44, -4}, 0, {-16, -16}, {0x07, 0x8C, 0xCC, 0xFF}}},
	{{{23, -26, 35}, 0, {-16, -16}, {0x0F, 0xBF, 0x6C, 0xFF}}},
	{{{-14, 26, 41}, 0, {-16, -16}, {0xC5, 0x34, 0x64, 0xFF}}},
	{{{-2, 41, -1}, 0, {-16, -16}, {0xDA, 0x71, 0xD4, 0xFF}}},
	{{{15, 0, -23}, 0, {-16, -16}, {0x0C, 0x01, 0x82, 0xFF}}},
	{{{31, -40, -1}, 0, {-16, -16}, {0x3D, 0x9A, 0xD4, 0xFF}}},
	{{{13, -38, 41}, 0, {-16, -16}, {0xFB, 0xB1, 0x63, 0xFF}}},
	{{{-16, -12, 6}, 0, {-16, -16}, {0x8B, 0xD0, 0xF6, 0xFF}}},
	{{{-19, 47, -4}, 0, {-16, -16}, {0xBE, 0x66, 0xDB, 0xFF}}},
	{{{4, -3, -33}, 0, {-16, -16}, {0xF0, 0xFB, 0x82, 0xFF}}},
	{{{24, -57, -4}, 0, {-16, -16}, {0x1B, 0x8A, 0xDB, 0xFF}}},
};

Gfx monteman_Right_Hand_DL_mesh_layer_1_tri_0[] = {
	gsSPVertex(monteman_Right_Hand_DL_mesh_layer_1_vtx_0 + 0, 25, 0),
	gsSP2Triangles(0, 1, 2, 0, 1, 0, 3, 0),
	gsSP2Triangles(0, 4, 3, 0, 4, 0, 5, 0),
	gsSP2Triangles(5, 0, 2, 0, 6, 5, 2, 0),
	gsSP2Triangles(7, 6, 2, 0, 7, 2, 8, 0),
	gsSP2Triangles(1, 8, 2, 0, 9, 8, 1, 0),
	gsSP2Triangles(1, 10, 9, 0, 3, 10, 1, 0),
	gsSP2Triangles(10, 3, 11, 0, 3, 12, 11, 0),
	gsSP2Triangles(3, 4, 12, 0, 12, 4, 13, 0),
	gsSP2Triangles(13, 4, 6, 0, 6, 4, 5, 0),
	gsSP2Triangles(13, 6, 7, 0, 14, 13, 7, 0),
	gsSP2Triangles(14, 7, 15, 0, 7, 8, 15, 0),
	gsSP2Triangles(8, 9, 15, 0, 15, 9, 16, 0),
	gsSP2Triangles(16, 9, 17, 0, 10, 17, 9, 0),
	gsSP2Triangles(10, 11, 17, 0, 11, 18, 17, 0),
	gsSP2Triangles(19, 18, 11, 0, 11, 14, 19, 0),
	gsSP2Triangles(11, 13, 14, 0, 11, 12, 13, 0),
	gsSP2Triangles(15, 19, 14, 0, 19, 15, 20, 0),
	gsSP2Triangles(16, 20, 15, 0, 16, 21, 20, 0),
	gsSP2Triangles(22, 21, 16, 0, 17, 22, 16, 0),
	gsSP2Triangles(23, 22, 17, 0, 17, 18, 23, 0),
	gsSP2Triangles(23, 18, 19, 0, 19, 24, 23, 0),
	gsSP2Triangles(20, 24, 19, 0, 20, 21, 24, 0),
	gsSP2Triangles(24, 21, 23, 0, 23, 21, 22, 0),
	gsSPEndDisplayList(),
};

Vtx monteman_Right_Hand_Open_Switch_Option_Right_Hand_Open_mesh_layer_1_vtx_0[37] = {
	{{{7, 1, -26}, 0, {-16, -16}, {0x4C, 0x2A, 0xA4, 0xFF}}},
	{{{-9, 41, 5}, 0, {-16, -16}, {0x32, 0x74, 0xF3, 0xFF}}},
	{{{3, 36, 6}, 0, {-16, -16}, {0xD7, 0x74, 0xE1, 0xFF}}},
	{{{-1, 18, 42}, 0, {-16, -16}, {0xE1, 0x2F, 0x72, 0xFF}}},
	{{{9, 18, 35}, 0, {-16, -16}, {0xEA, 0x29, 0x76, 0xFF}}},
	{{{26, -24, 28}, 0, {-16, -16}, {0x0E, 0xBA, 0x69, 0xFF}}},
	{{{19, -36, 33}, 0, {-16, -16}, {0x16, 0xA9, 0x5A, 0xFF}}},
	{{{7, -30, 26}, 0, {-16, -16}, {0x9E, 0xBA, 0x2A, 0xFF}}},
	{{{-7, 7, 32}, 0, {-16, -16}, {0x8E, 0xE7, 0x31, 0xFF}}},
	{{{-12, 23, 6}, 0, {-16, -16}, {0x82, 0x00, 0xF0, 0xFF}}},
	{{{-9, 41, 5}, 0, {-16, -16}, {0x83, 0x14, 0xF4, 0xFF}}},
	{{{7, 1, -26}, 0, {-16, -16}, {0x9E, 0xE7, 0xB3, 0xFF}}},
	{{{0, -4, -15}, 0, {-16, -16}, {0x91, 0xDE, 0xCC, 0xFF}}},
	{{{11, -38, -3}, 0, {-16, -16}, {0xA5, 0xAD, 0xE3, 0xFF}}},
	{{{25, -46, -9}, 0, {-16, -16}, {0xB8, 0x9F, 0xDA, 0xFF}}},
	{{{30, -32, -4}, 0, {-16, -16}, {0x37, 0xA3, 0xBD, 0xFF}}},
	{{{46, -35, 37}, 0, {-16, -16}, {0xD8, 0xA4, 0x4E, 0xFF}}},
	{{{48, -35, -9}, 0, {-16, -16}, {0xF7, 0x99, 0xB6, 0xFF}}},
	{{{30, 13, -30}, 0, {-16, -16}, {0xD7, 0x03, 0x88, 0xFF}}},
	{{{16, 4, -17}, 0, {-16, -16}, {0xFF, 0x11, 0x82, 0xFF}}},
	{{{25, -46, -9}, 0, {-16, -16}, {0x77, 0xE1, 0xE0, 0xFF}}},
	{{{13, 53, 5}, 0, {-16, -16}, {0xAE, 0x5E, 0xE7, 0xFF}}},
	{{{20, 33, 48}, 0, {-16, -16}, {0xE2, 0x2A, 0x74, 0xFF}}},
	{{{32, 2, 43}, 0, {-16, -16}, {0xE2, 0xED, 0x7A, 0xFF}}},
	{{{81, -15, 45}, 0, {-16, -16}, {0x35, 0x0C, 0x73, 0xFF}}},
	{{{93, -45, 36}, 0, {-16, -16}, {0x4C, 0xA7, 0x31, 0xFF}}},
	{{{86, -19, -13}, 0, {-16, -16}, {0x3E, 0xB9, 0xAB, 0xFF}}},
	{{{81, 37, -28}, 0, {-16, -16}, {0x11, 0x1D, 0x86, 0xFF}}},
	{{{76, 88, 9}, 0, {-16, -16}, {0xF3, 0x7E, 0xFE, 0xFF}}},
	{{{34, 43, 36}, 0, {-16, -16}, {0xFD, 0x4A, 0x67, 0xFF}}},
	{{{75, 11, 32}, 0, {-16, -16}, {0x3D, 0x24, 0x69, 0xFF}}},
	{{{93, -5, 22}, 0, {-16, -16}, {0x68, 0xE6, 0x45, 0xFF}}},
	{{{136, 28, 31}, 0, {-16, -16}, {0x51, 0xDD, 0x5B, 0xFF}}},
	{{{143, 31, -1}, 0, {-16, -16}, {0x73, 0xF0, 0xCB, 0xFF}}},
	{{{125, 71, 9}, 0, {-16, -16}, {0x4E, 0x5A, 0xD4, 0xFF}}},
	{{{124, 69, 30}, 0, {-16, -16}, {0x39, 0x46, 0x5A, 0xFF}}},
	{{{84, 59, 25}, 0, {-16, -16}, {0xFD, 0x21, 0x7B, 0xFF}}},
};

Gfx monteman_Right_Hand_Open_Switch_Option_Right_Hand_Open_mesh_layer_1_tri_0[] = {
	gsSPVertex(monteman_Right_Hand_Open_Switch_Option_Right_Hand_Open_mesh_layer_1_vtx_0 + 0, 37, 0),
	gsSP2Triangles(0, 1, 2, 0, 2, 1, 3, 0),
	gsSP2Triangles(3, 4, 2, 0, 5, 4, 3, 0),
	gsSP2Triangles(3, 6, 5, 0, 3, 7, 6, 0),
	gsSP2Triangles(3, 8, 7, 0, 9, 8, 3, 0),
	gsSP2Triangles(10, 9, 3, 0, 11, 9, 10, 0),
	gsSP2Triangles(11, 12, 9, 0, 13, 12, 11, 0),
	gsSP2Triangles(14, 13, 11, 0, 6, 13, 14, 0),
	gsSP2Triangles(6, 7, 13, 0, 12, 13, 7, 0),
	gsSP2Triangles(7, 8, 12, 0, 8, 9, 12, 0),
	gsSP2Triangles(15, 5, 6, 0, 16, 5, 15, 0),
	gsSP2Triangles(17, 16, 15, 0, 18, 17, 15, 0),
	gsSP2Triangles(15, 19, 18, 0, 0, 19, 15, 0),
	gsSP2Triangles(15, 20, 0, 0, 6, 20, 15, 0),
	gsSP2Triangles(2, 19, 0, 0, 18, 19, 2, 0),
	gsSP2Triangles(21, 18, 2, 0, 22, 21, 2, 0),
	gsSP2Triangles(2, 4, 22, 0, 23, 22, 4, 0),
	gsSP2Triangles(23, 4, 5, 0, 16, 23, 5, 0),
	gsSP2Triangles(24, 23, 16, 0, 24, 16, 25, 0),
	gsSP2Triangles(25, 16, 17, 0, 17, 26, 25, 0),
	gsSP2Triangles(18, 26, 17, 0, 18, 27, 26, 0),
	gsSP2Triangles(28, 27, 18, 0, 21, 28, 18, 0),
	gsSP2Triangles(28, 21, 29, 0, 22, 29, 21, 0),
	gsSP2Triangles(29, 22, 23, 0, 29, 23, 24, 0),
	gsSP2Triangles(30, 29, 24, 0, 31, 30, 24, 0),
	gsSP2Triangles(25, 31, 24, 0, 26, 31, 25, 0),
	gsSP2Triangles(26, 32, 31, 0, 26, 33, 32, 0),
	gsSP2Triangles(27, 33, 26, 0, 27, 34, 33, 0),
	gsSP2Triangles(27, 28, 34, 0, 35, 34, 28, 0),
	gsSP2Triangles(28, 36, 35, 0, 29, 36, 28, 0),
	gsSP2Triangles(30, 36, 29, 0, 31, 36, 30, 0),
	gsSP2Triangles(31, 32, 36, 0, 32, 35, 36, 0),
	gsSP2Triangles(32, 33, 35, 0, 35, 33, 34, 0),
	gsSPEndDisplayList(),
};

Vtx monteman_Right_Hand_Peace_Switch_Option_Right_Hand_Peace_mesh_layer_1_vtx_0[81] = {
	{{{56, 80, 1}, 0, {-16, -16}, {0x0E, 0x6C, 0x41, 0xFF}}},
	{{{84, 48, 24}, 0, {-16, -16}, {0x2E, 0x40, 0x64, 0xFF}}},
	{{{84, 60, -7}, 0, {-16, -16}, {0x4D, 0x5E, 0x24, 0xFF}}},
	{{{46, 49, 45}, 0, {-16, -16}, {0xF7, 0x48, 0x68, 0xFF}}},
	{{{8, 58, -2}, 0, {-16, -16}, {0xB7, 0x52, 0x40, 0xFF}}},
	{{{18, 30, 41}, 0, {-16, -16}, {0xC9, 0x2E, 0x69, 0xFF}}},
	{{{-4, 38, 0}, 0, {-16, -16}, {0xDD, 0x6A, 0x3D, 0xFF}}},
	{{{0, 21, 37}, 0, {-16, -16}, {0x05, 0x44, 0x6B, 0xFF}}},
	{{{-15, 23, 43}, 0, {-16, -16}, {0xD4, 0x3B, 0x67, 0xFF}}},
	{{{-22, 43, -3}, 0, {-16, -16}, {0x18, 0x74, 0x2F, 0xFF}}},
	{{{15, -39, 42}, 0, {-16, -16}, {0x13, 0xBA, 0x68, 0xFF}}},
	{{{23, -29, 36}, 0, {-16, -16}, {0x17, 0xC5, 0x6E, 0xFF}}},
	{{{24, -59, -3}, 0, {-16, -16}, {0x66, 0xC5, 0x30, 0xFF}}},
	{{{32, -43, 0}, 0, {-16, -16}, {0x30, 0x95, 0x32, 0xFF}}},
	{{{45, -29, 52}, 0, {-16, -16}, {0xE7, 0xBC, 0x68, 0xFF}}},
	{{{56, -47, -5}, 0, {-16, -16}, {0x10, 0x83, 0x10, 0xFF}}},
	{{{88, -34, 39}, 0, {-16, -16}, {0x3D, 0xA6, 0x41, 0xFF}}},
	{{{101, -29, 15}, 0, {-16, -16}, {0x47, 0x97, 0xFA, 0xFF}}},
	{{{94, -22, -18}, 0, {-16, -16}, {0x2B, 0x8C, 0xE4, 0xFF}}},
	{{{155, -15, 21}, 0, {-16, -16}, {0x15, 0x83, 0xF6, 0xFF}}},
	{{{166, -13, -17}, 0, {-16, -16}, {0x10, 0x82, 0xFE, 0xFF}}},
	{{{90, -3, 52}, 0, {-16, -16}, {0x48, 0x03, 0x69, 0xFF}}},
	{{{98, 10, 29}, 0, {-16, -16}, {0x5F, 0x1A, 0x51, 0xFF}}},
	{{{139, 53, 25}, 0, {-16, -16}, {0xFC, 0x13, 0x7D, 0xFF}}},
	{{{123, 72, 21}, 0, {-16, -16}, {0xFC, 0x17, 0x7D, 0xFF}}},
	{{{-22, 43, -3}, 0, {-16, -16}, {0x28, 0x4A, 0xA1, 0xFF}}},
	{{{-4, 38, 0}, 0, {-16, -16}, {0x24, 0x48, 0x9E, 0xFF}}},
	{{{14, -1, -22}, 0, {-16, -16}, {0x4B, 0x23, 0x9F, 0xFF}}},
	{{{2, -5, -33}, 0, {-16, -16}, {0x4A, 0x26, 0xA0, 0xFF}}},
	{{{32, -43, 0}, 0, {-16, -16}, {0x50, 0xEC, 0xA0, 0xFF}}},
	{{{24, -59, -3}, 0, {-16, -16}, {0x4F, 0xEB, 0x9F, 0xFF}}},
	{{{105, 17, 3}, 0, {-16, -16}, {0x09, 0x7D, 0x12, 0xFF}}},
	{{{98, 10, 29}, 0, {-16, -16}, {0x0A, 0x7A, 0x23, 0xFF}}},
	{{{153, 7, 24}, 0, {-16, -16}, {0x0C, 0x7B, 0x1E, 0xFF}}},
	{{{162, 14, -11}, 0, {-16, -16}, {0x0B, 0x7D, 0x13, 0xFF}}},
	{{{89, 18, -34}, 0, {-16, -16}, {0x07, 0x7F, 0x00, 0xFF}}},
	{{{166, -13, -17}, 0, {-16, -16}, {0x7A, 0x09, 0x22, 0xFF}}},
	{{{162, 14, -11}, 0, {-16, -16}, {0x7A, 0x0B, 0x22, 0xFF}}},
	{{{153, 7, 24}, 0, {-16, -16}, {0x7A, 0x08, 0x23, 0xFF}}},
	{{{155, -15, 21}, 0, {-16, -16}, {0x7A, 0x06, 0x24, 0xFF}}},
	{{{101, -29, 15}, 0, {-16, -16}, {0x04, 0xDC, 0x7A, 0xFF}}},
	{{{153, 7, 24}, 0, {-16, -16}, {0xFE, 0xE4, 0x7C, 0xFF}}},
	{{{98, 10, 29}, 0, {-16, -16}, {0x09, 0xD6, 0x77, 0xFF}}},
	{{{155, -15, 21}, 0, {-16, -16}, {0xF7, 0xEE, 0x7D, 0xFF}}},
	{{{89, 18, -34}, 0, {-16, -16}, {0x07, 0x0A, 0x82, 0xFF}}},
	{{{162, 14, -11}, 0, {-16, -16}, {0x27, 0x20, 0x8B, 0xFF}}},
	{{{166, -13, -17}, 0, {-16, -16}, {0x1E, 0x07, 0x85, 0xFF}}},
	{{{94, -22, -18}, 0, {-16, -16}, {0x08, 0xCC, 0x8C, 0xFF}}},
	{{{33, 7, -37}, 0, {-16, -16}, {0xDF, 0xF9, 0x85, 0xFF}}},
	{{{56, -47, -5}, 0, {-16, -16}, {0xF2, 0xBB, 0x96, 0xFF}}},
	{{{32, -43, 0}, 0, {-16, -16}, {0xDC, 0xB8, 0x9E, 0xFF}}},
	{{{14, -1, -22}, 0, {-16, -16}, {0xBB, 0xE4, 0x99, 0xFF}}},
	{{{-4, 38, 0}, 0, {-16, -16}, {0xB6, 0x1E, 0x9D, 0xFF}}},
	{{{8, 58, -2}, 0, {-16, -16}, {0xD4, 0x34, 0x95, 0xFF}}},
	{{{56, 80, 1}, 0, {-16, -16}, {0xF9, 0x40, 0x93, 0xFF}}},
	{{{84, 60, -7}, 0, {-16, -16}, {0xFE, 0x45, 0x95, 0xFF}}},
	{{{126, 84, -3}, 0, {-16, -16}, {0x06, 0x33, 0x8C, 0xFF}}},
	{{{146, 59, -8}, 0, {-16, -16}, {0x17, 0x2A, 0x8A, 0xFF}}},
	{{{84, 60, -7}, 0, {-16, -16}, {0xC1, 0x67, 0x28, 0xFF}}},
	{{{84, 48, 24}, 0, {-16, -16}, {0xC2, 0x67, 0x29, 0xFF}}},
	{{{126, 84, -3}, 0, {-16, -16}, {0xC3, 0x67, 0x2A, 0xFF}}},
	{{{123, 72, 21}, 0, {-16, -16}, {0xC4, 0x67, 0x2C, 0xFF}}},
	{{{146, 59, -8}, 0, {-16, -16}, {0x59, 0xA6, 0xF5, 0xFF}}},
	{{{105, 17, 3}, 0, {-16, -16}, {0x58, 0xA6, 0xF0, 0xFF}}},
	{{{89, 18, -34}, 0, {-16, -16}, {0x52, 0xA6, 0xDA, 0xFF}}},
	{{{139, 53, 25}, 0, {-16, -16}, {0x5B, 0xA8, 0x03, 0xFF}}},
	{{{98, 10, 29}, 0, {-16, -16}, {0x5C, 0xA8, 0x01, 0xFF}}},
	{{{146, 59, -8}, 0, {-16, -16}, {0x5E, 0x4B, 0x29, 0xFF}}},
	{{{126, 84, -3}, 0, {-16, -16}, {0x61, 0x44, 0x2E, 0xFF}}},
	{{{123, 72, 21}, 0, {-16, -16}, {0x5D, 0x4C, 0x28, 0xFF}}},
	{{{139, 53, 25}, 0, {-16, -16}, {0x5A, 0x53, 0x22, 0xFF}}},
	{{{24, -59, -3}, 0, {-16, -16}, {0xC0, 0x95, 0xE8, 0xFF}}},
	{{{-8, -12, -20}, 0, {-16, -16}, {0x9B, 0xD0, 0xC4, 0xFF}}},
	{{{2, -5, -33}, 0, {-16, -16}, {0xAA, 0xDC, 0xAA, 0xFF}}},
	{{{6, -49, 0}, 0, {-16, -16}, {0xAB, 0xA5, 0xE6, 0xFF}}},
	{{{15, -39, 42}, 0, {-16, -16}, {0x13, 0xBA, 0x68, 0xFF}}},
	{{{0, -35, 32}, 0, {-16, -16}, {0xA4, 0xB8, 0x32, 0xFF}}},
	{{{-15, 23, 43}, 0, {-16, -16}, {0xD4, 0x3B, 0x67, 0xFF}}},
	{{{-21, 9, 33}, 0, {-16, -16}, {0x8D, 0xE6, 0x2F, 0xFF}}},
	{{{-22, 43, -3}, 0, {-16, -16}, {0x85, 0x11, 0xE6, 0xFF}}},
	{{{-25, 24, 0}, 0, {-16, -16}, {0x84, 0xFB, 0xE5, 0xFF}}},
};

Gfx monteman_Right_Hand_Peace_Switch_Option_Right_Hand_Peace_mesh_layer_1_tri_0[] = {
	gsSPVertex(monteman_Right_Hand_Peace_Switch_Option_Right_Hand_Peace_mesh_layer_1_vtx_0 + 0, 62, 0),
	gsSP2Triangles(0, 1, 2, 0, 3, 1, 0, 0),
	gsSP2Triangles(3, 0, 4, 0, 3, 4, 5, 0),
	gsSP2Triangles(5, 4, 6, 0, 6, 7, 5, 0),
	gsSP2Triangles(8, 7, 6, 0, 8, 6, 9, 0),
	gsSP2Triangles(10, 7, 8, 0, 10, 11, 7, 0),
	gsSP2Triangles(12, 11, 10, 0, 12, 13, 11, 0),
	gsSP2Triangles(14, 11, 13, 0, 15, 14, 13, 0),
	gsSP2Triangles(14, 15, 16, 0, 17, 16, 15, 0),
	gsSP2Triangles(17, 15, 18, 0, 18, 19, 17, 0),
	gsSP2Triangles(19, 18, 20, 0, 16, 17, 21, 0),
	gsSP2Triangles(17, 22, 21, 0, 22, 1, 21, 0),
	gsSP2Triangles(1, 22, 23, 0, 23, 24, 1, 0),
	gsSP2Triangles(21, 1, 3, 0, 14, 21, 3, 0),
	gsSP2Triangles(14, 3, 5, 0, 11, 14, 5, 0),
	gsSP2Triangles(7, 11, 5, 0, 16, 21, 14, 0),
	gsSP2Triangles(25, 26, 27, 0, 25, 27, 28, 0),
	gsSP2Triangles(28, 27, 29, 0, 28, 29, 30, 0),
	gsSP2Triangles(31, 32, 33, 0, 31, 33, 34, 0),
	gsSP2Triangles(34, 35, 31, 0, 36, 37, 38, 0),
	gsSP2Triangles(36, 38, 39, 0, 40, 41, 42, 0),
	gsSP2Triangles(40, 43, 41, 0, 44, 45, 46, 0),
	gsSP2Triangles(46, 47, 44, 0, 48, 44, 47, 0),
	gsSP2Triangles(49, 48, 47, 0, 48, 49, 50, 0),
	gsSP2Triangles(50, 51, 48, 0, 48, 51, 52, 0),
	gsSP2Triangles(53, 48, 52, 0, 53, 54, 48, 0),
	gsSP2Triangles(54, 44, 48, 0, 54, 55, 44, 0),
	gsSP2Triangles(56, 44, 55, 0, 44, 56, 57, 0),
	gsSP2Triangles(58, 59, 60, 0, 59, 61, 60, 0),
	gsSPVertex(monteman_Right_Hand_Peace_Switch_Option_Right_Hand_Peace_mesh_layer_1_vtx_0 + 62, 19, 0),
	gsSP2Triangles(0, 1, 2, 0, 3, 1, 0, 0),
	gsSP2Triangles(3, 4, 1, 0, 5, 6, 7, 0),
	gsSP2Triangles(7, 8, 5, 0, 9, 10, 11, 0),
	gsSP2Triangles(9, 12, 10, 0, 13, 12, 9, 0),
	gsSP2Triangles(13, 14, 12, 0, 15, 14, 13, 0),
	gsSP2Triangles(15, 16, 14, 0, 17, 16, 15, 0),
	gsSP2Triangles(17, 18, 16, 0, 11, 18, 17, 0),
	gsSP2Triangles(11, 10, 18, 0, 16, 18, 10, 0),
	gsSP2Triangles(14, 16, 10, 0, 10, 12, 14, 0),
	gsSPEndDisplayList(),
};

Vtx monteman_Right_Hand_Cap_Switch_Option_Right_Hand_Cap_mesh_layer_1_vtx_0[28] = {
	{{{4, -3, -32}, 0, {-16, -16}, {0x49, 0x1F, 0x9D, 0x00}}},
	{{{-19, 47, -4}, 0, {-16, -16}, {0x2E, 0x74, 0xE9, 0x00}}},
	{{{-2, 41, 0}, 0, {-16, -16}, {0xDD, 0x73, 0xD7, 0x00}}},
	{{{-13, 26, 41}, 0, {-16, -16}, {0xC7, 0x35, 0x65, 0x00}}},
	{{{1, 24, 35}, 0, {-16, -16}, {0xF8, 0x3F, 0x6E, 0x00}}},
	{{{23, -25, 35}, 0, {-16, -16}, {0x10, 0xC0, 0x6D, 0x00}}},
	{{{13, -37, 41}, 0, {-16, -16}, {0xFB, 0xB1, 0x63, 0x00}}},
	{{{-15, -12, 7}, 0, {-16, -16}, {0x8B, 0xCF, 0xF8, 0x00}}},
	{{{-19, 47, -4}, 0, {-16, -16}, {0x83, 0xF4, 0xED, 0x00}}},
	{{{4, -3, -32}, 0, {-16, -16}, {0x99, 0xD5, 0xC4, 0x00}}},
	{{{24, -55, -4}, 0, {-16, -16}, {0xA1, 0xAF, 0xEC, 0x00}}},
	{{{31, -39, 0}, 0, {-16, -16}, {0x3D, 0x98, 0xD7, 0x00}}},
	{{{55, -43, -3}, 0, {-16, -16}, {0x07, 0x8C, 0xCD, 0x00}}},
	{{{35, 9, -36}, 0, {-16, -16}, {0xE6, 0xF5, 0x84, 0x00}}},
	{{{16, 1, -22}, 0, {-16, -16}, {0x04, 0xFF, 0x81, 0x00}}},
	{{{24, -55, -4}, 0, {-16, -16}, {0x74, 0xD3, 0xE9, 0x00}}},
	{{{11, 60, -3}, 0, {-16, -16}, {0xB2, 0x59, 0xD2, 0x00}}},
	{{{29, 62, 34}, 0, {-16, -16}, {0xCE, 0x59, 0x4B, 0x00}}},
	{{{29, 7, 48}, 0, {-16, -16}, {0xC0, 0xF9, 0x6E, 0x00}}},
	{{{75, -32, 65}, 0, {-16, -16}, {0x19, 0xB2, 0x61, 0x00}}},
	{{{103, -25, 1}, 0, {-16, -16}, {0x65, 0xBF, 0xD6, 0x00}}},
	{{{85, 30, -32}, 0, {-16, -16}, {0x45, 0x1C, 0x99, 0x00}}},
	{{{58, 81, 0}, 0, {-16, -16}, {0x18, 0x79, 0xE3, 0x00}}},
	{{{54, 54, 44}, 0, {-16, -16}, {0x15, 0x51, 0x60, 0x00}}},
	{{{56, 11, 65}, 0, {-16, -16}, {0xF1, 0x13, 0x7D, 0x00}}},
	{{{95, -8, 52}, 0, {-16, -16}, {0x67, 0xF9, 0x4A, 0x00}}},
	{{{96, 39, 24}, 0, {-16, -16}, {0x6C, 0x3D, 0x1C, 0x00}}},
	{{{85, 15, 52}, 0, {-16, -16}, {0x44, 0x2D, 0x62, 0x00}}},
};

Gfx monteman_Right_Hand_Cap_Switch_Option_Right_Hand_Cap_mesh_layer_1_tri_0[] = {
	gsSPVertex(monteman_Right_Hand_Cap_Switch_Option_Right_Hand_Cap_mesh_layer_1_vtx_0 + 0, 28, 0),
	gsSP2Triangles(0, 1, 2, 0, 2, 1, 3, 0),
	gsSP2Triangles(3, 4, 2, 0, 5, 4, 3, 0),
	gsSP2Triangles(3, 6, 5, 0, 3, 7, 6, 0),
	gsSP2Triangles(8, 7, 3, 0, 9, 7, 8, 0),
	gsSP2Triangles(10, 7, 9, 0, 6, 7, 10, 0),
	gsSP2Triangles(11, 5, 6, 0, 5, 11, 12, 0),
	gsSP2Triangles(13, 12, 11, 0, 11, 14, 13, 0),
	gsSP2Triangles(0, 14, 11, 0, 11, 15, 0, 0),
	gsSP2Triangles(6, 15, 11, 0, 2, 14, 0, 0),
	gsSP2Triangles(13, 14, 2, 0, 16, 13, 2, 0),
	gsSP2Triangles(16, 2, 4, 0, 17, 16, 4, 0),
	gsSP2Triangles(4, 18, 17, 0, 18, 4, 5, 0),
	gsSP2Triangles(19, 18, 5, 0, 12, 19, 5, 0),
	gsSP2Triangles(12, 20, 19, 0, 13, 20, 12, 0),
	gsSP2Triangles(13, 21, 20, 0, 22, 21, 13, 0),
	gsSP2Triangles(16, 22, 13, 0, 22, 16, 17, 0),
	gsSP2Triangles(17, 23, 22, 0, 23, 17, 24, 0),
	gsSP2Triangles(17, 18, 24, 0, 19, 24, 18, 0),
	gsSP2Triangles(19, 25, 24, 0, 20, 25, 19, 0),
	gsSP2Triangles(20, 26, 25, 0, 21, 26, 20, 0),
	gsSP2Triangles(22, 26, 21, 0, 23, 26, 22, 0),
	gsSP2Triangles(26, 23, 27, 0, 27, 23, 24, 0),
	gsSP2Triangles(25, 27, 24, 0, 25, 26, 27, 0),
	gsSPEndDisplayList(),
};

Vtx monteman_Right_Hand_Cap_Switch_Option_Right_Hand_Cap_mesh_layer_1_vtx_1[40] = {
	{{{365, 2, -28}, 0, {-260, 764}, {0x61, 0x50, 0xED, 0xFF}}},
	{{{374, -45, -35}, 0, {-260, 764}, {0x71, 0xD0, 0xE0, 0xFF}}},
	{{{375, -20, -67}, 0, {-260, 764}, {0x63, 0x02, 0xB0, 0xFF}}},
	{{{339, -45, -62}, 0, {-260, 764}, {0x15, 0xCC, 0x8E, 0xFF}}},
	{{{320, 21, -78}, 0, {-260, 764}, {0x10, 0x43, 0x95, 0xFF}}},
	{{{292, -24, -67}, 0, {-260, 764}, {0xDF, 0xF9, 0x86, 0xFF}}},
	{{{251, 3, -42}, 0, {-260, 764}, {0xC6, 0xFB, 0x8F, 0xFF}}},
	{{{226, 47, -34}, 0, {-260, 764}, {0xEC, 0x53, 0xA2, 0xFF}}},
	{{{272, 38, -16}, 0, {-260, 764}, {0x16, 0x7C, 0xED, 0xFF}}},
	{{{326, 34, -23}, 0, {-260, 764}, {0x28, 0x74, 0xDE, 0xFF}}},
	{{{365, -93, -28}, 0, {-260, 764}, {0x61, 0xB1, 0xED, 0xFF}}},
	{{{375, -71, -67}, 0, {-260, 764}, {0x63, 0xFE, 0xB0, 0xFF}}},
	{{{374, -45, -35}, 0, {-260, 764}, {0x71, 0x31, 0xE0, 0xFF}}},
	{{{320, -111, -78}, 0, {-260, 764}, {0x10, 0xBD, 0x95, 0xFF}}},
	{{{326, -125, -23}, 0, {-260, 764}, {0x28, 0x8C, 0xDE, 0xFF}}},
	{{{273, -129, -16}, 0, {-260, 764}, {0x16, 0x84, 0xED, 0xFF}}},
	{{{226, -138, -34}, 0, {-260, 764}, {0xEC, 0xAD, 0xA2, 0xFF}}},
	{{{251, -94, -42}, 0, {-260, 764}, {0xC6, 0x05, 0x8F, 0xFF}}},
	{{{292, -67, -67}, 0, {-260, 764}, {0xDF, 0x07, 0x86, 0xFF}}},
	{{{339, -45, -62}, 0, {-260, 764}, {0x14, 0x35, 0x8E, 0xFF}}},
	{{{365, 2, -28}, 0, {-260, 764}, {0x2B, 0x4F, 0xA7, 0xFF}}},
	{{{405, -20, -28}, 0, {-260, 764}, {0x67, 0x02, 0xB6, 0xFF}}},
	{{{374, -45, -35}, 0, {-260, 764}, {0x3C, 0xD0, 0x9B, 0xFF}}},
	{{{401, 21, 28}, 0, {-260, 764}, {0x6B, 0x43, 0x0C, 0xFF}}},
	{{{350, 34, 8}, 0, {-260, 764}, {0x2B, 0x74, 0xE3, 0xFF}}},
	{{{328, 39, 58}, 0, {-260, 764}, {0x18, 0x7C, 0xF0, 0xFF}}},
	{{{334, 47, 107}, 0, {-260, 764}, {0x55, 0x53, 0x2C, 0xFF}}},
	{{{348, 4, 85}, 0, {-260, 764}, {0x5E, 0xFB, 0x56, 0xFF}}},
	{{{384, -24, 53}, 0, {-260, 764}, {0x6D, 0xF9, 0x40, 0xFF}}},
	{{{391, -45, 6}, 0, {-260, 764}, {0x73, 0xCC, 0x0A, 0xFF}}},
	{{{365, -93, -28}, 0, {-260, 764}, {0x2C, 0xB1, 0xA7, 0xFF}}},
	{{{374, -45, -35}, 0, {-260, 764}, {0x3C, 0x30, 0x9B, 0xFF}}},
	{{{405, -71, -28}, 0, {-260, 764}, {0x67, 0xFE, 0xB6, 0xFF}}},
	{{{391, -45, 6}, 0, {-260, 764}, {0x73, 0x35, 0x0A, 0xFF}}},
	{{{401, -111, 28}, 0, {-260, 764}, {0x6B, 0xBD, 0x0C, 0xFF}}},
	{{{384, -67, 53}, 0, {-260, 764}, {0x6D, 0x07, 0x40, 0xFF}}},
	{{{348, -94, 85}, 0, {-260, 764}, {0x5E, 0x05, 0x56, 0xFF}}},
	{{{334, -138, 107}, 0, {-260, 764}, {0x55, 0xAD, 0x2C, 0xFF}}},
	{{{329, -129, 58}, 0, {-260, 764}, {0x18, 0x84, 0xF0, 0xFF}}},
	{{{350, -125, 8}, 0, {-260, 764}, {0x2B, 0x8C, 0xE3, 0xFF}}},
};

Gfx monteman_Right_Hand_Cap_Switch_Option_Right_Hand_Cap_mesh_layer_1_tri_1[] = {
	gsSPVertex(monteman_Right_Hand_Cap_Switch_Option_Right_Hand_Cap_mesh_layer_1_vtx_1 + 0, 40, 0),
	gsSP2Triangles(0, 1, 2, 0, 3, 2, 1, 0),
	gsSP2Triangles(3, 4, 2, 0, 3, 5, 4, 0),
	gsSP2Triangles(4, 5, 6, 0, 7, 4, 6, 0),
	gsSP2Triangles(8, 4, 7, 0, 9, 4, 8, 0),
	gsSP2Triangles(0, 4, 9, 0, 0, 2, 4, 0),
	gsSP2Triangles(10, 11, 12, 0, 10, 13, 11, 0),
	gsSP2Triangles(10, 14, 13, 0, 14, 15, 13, 0),
	gsSP2Triangles(15, 16, 13, 0, 16, 17, 13, 0),
	gsSP2Triangles(13, 17, 18, 0, 19, 13, 18, 0),
	gsSP2Triangles(19, 11, 13, 0, 19, 12, 11, 0),
	gsSP2Triangles(20, 21, 22, 0, 20, 23, 21, 0),
	gsSP2Triangles(20, 24, 23, 0, 24, 25, 23, 0),
	gsSP2Triangles(25, 26, 23, 0, 26, 27, 23, 0),
	gsSP2Triangles(23, 27, 28, 0, 29, 23, 28, 0),
	gsSP2Triangles(29, 21, 23, 0, 29, 22, 21, 0),
	gsSP2Triangles(30, 31, 32, 0, 33, 32, 31, 0),
	gsSP2Triangles(33, 34, 32, 0, 33, 35, 34, 0),
	gsSP2Triangles(34, 35, 36, 0, 37, 34, 36, 0),
	gsSP2Triangles(38, 34, 37, 0, 39, 34, 38, 0),
	gsSP2Triangles(30, 34, 39, 0, 30, 32, 34, 0),
	gsSPEndDisplayList(),
};

Vtx monteman_Right_Hand_Cap_Switch_Option_Right_Hand_Cap_mesh_layer_1_vtx_2[26] = {
	{{{125, -12, -2}, 0, {-16, 1008}, {0x2B, 0x6E, 0x2F, 0xFF}}},
	{{{144, -21, -10}, 0, {-16, 1008}, {0x68, 0x49, 0xFC, 0xFF}}},
	{{{132, -5, -33}, 0, {-16, 1008}, {0x51, 0x60, 0xEB, 0xFF}}},
	{{{144, -46, -42}, 0, {-16, 1008}, {0x73, 0x00, 0xCB, 0xFF}}},
	{{{151, -46, -18}, 0, {-16, 1008}, {0x7A, 0xFF, 0xDD, 0xFF}}},
	{{{144, -70, -10}, 0, {-16, 1008}, {0x67, 0xB6, 0xFD, 0xFF}}},
	{{{132, -86, -33}, 0, {-16, 1008}, {0x51, 0xA0, 0xEC, 0xFF}}},
	{{{125, -79, -2}, 0, {-16, 1008}, {0x2B, 0x92, 0x2F, 0xFF}}},
	{{{110, -91, -18}, 0, {-16, 1008}, {0x11, 0x85, 0x19, 0xFF}}},
	{{{87, -86, -2}, 0, {-16, 1008}, {0xCE, 0xA1, 0x44, 0xFF}}},
	{{{103, -76, 11}, 0, {-16, 1008}, {0xE8, 0xAD, 0x5D, 0xFF}}},
	{{{75, -46, 7}, 0, {-16, 1008}, {0xA8, 0xFE, 0x5C, 0xFF}}},
	{{{96, -46, 20}, 0, {-16, 1008}, {0xBE, 0xFF, 0x6D, 0xFF}}},
	{{{103, -15, 11}, 0, {-16, 1008}, {0xE8, 0x53, 0x5D, 0xFF}}},
	{{{87, -5, -2}, 0, {-16, 1008}, {0xD0, 0x60, 0x44, 0xFF}}},
	{{{110, 0, -18}, 0, {-16, 1008}, {0x11, 0x7B, 0x19, 0xFF}}},
	{{{113, -5, -61}, 0, {-16, 1008}, {0x17, 0x58, 0xA7, 0xFF}}},
	{{{126, -46, -69}, 0, {-16, 1008}, {0x47, 0x00, 0x96, 0xFF}}},
	{{{114, -86, -61}, 0, {-16, 1008}, {0x17, 0xA8, 0xA7, 0xFF}}},
	{{{92, -91, -46}, 0, {-16, 1008}, {0xDA, 0x94, 0xC9, 0xFF}}},
	{{{71, -86, -31}, 0, {-16, 1008}, {0xA7, 0xA7, 0xF2, 0xFF}}},
	{{{55, -46, -20}, 0, {-16, 1008}, {0x83, 0xFD, 0x14, 0xFF}}},
	{{{71, -5, -31}, 0, {-16, 1008}, {0xA7, 0x59, 0xF0, 0xFF}}},
	{{{92, 0, -46}, 0, {-16, 1008}, {0xD9, 0x6B, 0xC8, 0xFF}}},
	{{{101, -46, -73}, 0, {-16, 1008}, {0xDE, 0x00, 0x86, 0xFF}}},
	{{{67, -46, -49}, 0, {-16, 1008}, {0x9F, 0xFF, 0xAE, 0xFF}}},
};

Gfx monteman_Right_Hand_Cap_Switch_Option_Right_Hand_Cap_mesh_layer_1_tri_2[] = {
	gsSPVertex(monteman_Right_Hand_Cap_Switch_Option_Right_Hand_Cap_mesh_layer_1_vtx_2 + 0, 26, 0),
	gsSP2Triangles(0, 1, 2, 0, 3, 2, 1, 0),
	gsSP2Triangles(1, 4, 3, 0, 3, 4, 5, 0),
	gsSP2Triangles(5, 6, 3, 0, 6, 5, 7, 0),
	gsSP2Triangles(8, 6, 7, 0, 9, 8, 7, 0),
	gsSP2Triangles(7, 10, 9, 0, 11, 9, 10, 0),
	gsSP2Triangles(10, 12, 11, 0, 11, 12, 13, 0),
	gsSP2Triangles(13, 14, 11, 0, 14, 13, 0, 0),
	gsSP2Triangles(15, 14, 0, 0, 2, 15, 0, 0),
	gsSP2Triangles(15, 2, 16, 0, 16, 2, 3, 0),
	gsSP2Triangles(17, 16, 3, 0, 3, 6, 17, 0),
	gsSP2Triangles(6, 18, 17, 0, 8, 18, 6, 0),
	gsSP2Triangles(8, 19, 18, 0, 20, 19, 8, 0),
	gsSP2Triangles(9, 20, 8, 0, 20, 9, 11, 0),
	gsSP2Triangles(21, 20, 11, 0, 11, 14, 21, 0),
	gsSP2Triangles(14, 22, 21, 0, 22, 14, 15, 0),
	gsSP2Triangles(22, 15, 23, 0, 23, 15, 16, 0),
	gsSP2Triangles(16, 24, 23, 0, 24, 16, 17, 0),
	gsSP2Triangles(24, 17, 18, 0, 24, 18, 19, 0),
	gsSP2Triangles(19, 25, 24, 0, 25, 19, 20, 0),
	gsSP2Triangles(21, 25, 20, 0, 21, 22, 25, 0),
	gsSP2Triangles(22, 23, 25, 0, 25, 23, 24, 0),
	gsSPEndDisplayList(),
};

Vtx monteman_Right_Hand_Cap_Switch_Option_Right_Hand_Cap_mesh_layer_1_vtx_3[9] = {
	{{{279, -62, 37}, 0, {-16, 112}, {0x35, 0x96, 0x2D, 0xFF}}},
	{{{263, -45, 10}, 0, {112, 112}, {0xD0, 0x00, 0x8A, 0xFF}}},
	{{{373, -45, -34}, 0, {48, -16}, {0x6B, 0x00, 0xBC, 0xFF}}},
	{{{263, -45, 10}, 0, {-16, 112}, {0xD0, 0x00, 0x8A, 0xFF}}},
	{{{279, -29, 37}, 0, {112, 112}, {0x35, 0x6A, 0x2D, 0xFF}}},
	{{{373, -45, -34}, 0, {48, -16}, {0x6B, 0x00, 0xBC, 0xFF}}},
	{{{279, -29, 37}, 0, {-16, 112}, {0x35, 0x6A, 0x2D, 0xFF}}},
	{{{279, -62, 37}, 0, {112, 112}, {0x35, 0x96, 0x2D, 0xFF}}},
	{{{373, -45, -34}, 0, {48, -16}, {0x6B, 0x00, 0xBC, 0xFF}}},
};

Gfx monteman_Right_Hand_Cap_Switch_Option_Right_Hand_Cap_mesh_layer_1_tri_3[] = {
	gsSPVertex(monteman_Right_Hand_Cap_Switch_Option_Right_Hand_Cap_mesh_layer_1_vtx_3 + 0, 9, 0),
	gsSP2Triangles(0, 1, 2, 0, 3, 4, 5, 0),
	gsSP1Triangle(6, 7, 8, 0),
	gsSPEndDisplayList(),
};

Vtx monteman_Right_Hand_Cap_Switch_Option_Right_Hand_Cap_mesh_layer_4_vtx_0[41] = {
	{{{136, -120, 18}, 0, {-33, 316}, {0xF2, 0xA9, 0xA5, 0xFF}}},
	{{{125, -168, 116}, 0, {-131, 770}, {0x20, 0x86, 0xEE, 0xFF}}},
	{{{78, -132, 38}, 0, {-129, 769}, {0xF3, 0xA9, 0xA5, 0xFF}}},
	{{{175, -150, 84}, 0, {-266, 320}, {0x1E, 0x86, 0xEE, 0xFF}}},
	{{{211, -105, -8}, 0, {74, -276}, {0x04, 0xAE, 0x9F, 0xFF}}},
	{{{198, -45, -29}, 0, {533, -277}, {0xF4, 0x00, 0x82, 0xFF}}},
	{{{119, -46, -10}, 0, {533, 314}, {0xE0, 0x00, 0x85, 0xFF}}},
	{{{59, -46, 6}, 0, {533, 769}, {0xE0, 0x00, 0x85, 0xFF}}},
	{{{78, 41, 38}, 0, {-127, 769}, {0xF3, 0x57, 0xA5, 0xFF}}},
	{{{135, 29, 18}, 0, {-31, 316}, {0xF2, 0x57, 0xA5, 0xFF}}},
	{{{124, 77, 116}, 0, {-133, 770}, {0x20, 0x7A, 0xEE, 0xFF}}},
	{{{174, 60, 84}, 0, {-268, 320}, {0x1D, 0x7A, 0xEE, 0xFF}}},
	{{{170, 41, 193}, 0, {-408, 770}, {0x4D, 0x56, 0x35, 0xFF}}},
	{{{214, 29, 151}, 0, {-504, 323}, {0x4C, 0x57, 0x36, 0xFF}}},
	{{{190, -45, 225}, 0, {-1067, 771}, {0x60, 0x00, 0x53, 0xFF}}},
	{{{230, -45, 178}, 0, {-1067, 325}, {0x60, 0x00, 0x53, 0xFF}}},
	{{{214, -119, 151}, 0, {-502, 323}, {0x4C, 0xAA, 0x36, 0xFF}}},
	{{{171, -132, 193}, 0, {-406, 770}, {0x4D, 0xAA, 0x35, 0xFF}}},
	{{{241, -131, 43}, 0, {-417, -273}, {0x2C, 0x8C, 0xE5, 0xFF}}},
	{{{230, -96, -9}, 0, {142, -409}, {0x29, 0xBF, 0x9B, 0xFF}}},
	{{{220, -45, -27}, 0, {533, -409}, {0x1B, 0x00, 0x84, 0xFF}}},
	{{{211, 15, -8}, 0, {76, -276}, {0x04, 0x52, 0x9F, 0xFF}}},
	{{{241, 40, 43}, 0, {-419, -273}, {0x2C, 0x74, 0xE5, 0xFF}}},
	{{{271, 15, 95}, 0, {-610, -270}, {0x57, 0x52, 0x2B, 0xFF}}},
	{{{284, -45, 116}, 0, {-1067, -269}, {0x69, 0x00, 0x47, 0xFF}}},
	{{{271, -105, 95}, 0, {-608, -270}, {0x57, 0xAE, 0x2B, 0xFF}}},
	{{{256, -118, 34}, 0, {-514, -408}, {0x4B, 0xA3, 0xD4, 0xFF}}},
	{{{250, -82, -5}, 0, {248, -520}, {0x47, 0xD3, 0xA1, 0xFF}}},
	{{{242, -45, -18}, 0, {533, -521}, {0x3D, 0x00, 0x90, 0xFF}}},
	{{{230, 6, -9}, 0, {144, -409}, {0x29, 0x41, 0x9B, 0xFF}}},
	{{{256, 27, 34}, 0, {-516, -408}, {0x4B, 0x5D, 0xD4, 0xFF}}},
	{{{282, 6, 78}, 0, {-679, -408}, {0x6C, 0x42, 0x0D, 0xFF}}},
	{{{293, -45, 96}, 0, {-1067, -408}, {0x7A, 0x00, 0x25, 0xFF}}},
	{{{282, -96, 78}, 0, {-677, -408}, {0x6C, 0xBF, 0x0D, 0xFF}}},
	{{{269, -98, 27}, 0, {-664, -518}, {0x5F, 0xC1, 0xC8, 0xFF}}},
	{{{286, -45, 17}, 0, {-1067, -668}, {0x6D, 0x00, 0xC0, 0xFF}}},
	{{{250, -8, -5}, 0, {250, -520}, {0x47, 0x2D, 0xA1, 0xFF}}},
	{{{268, 7, 27}, 0, {-666, -518}, {0x5F, 0x40, 0xC8, 0xFF}}},
	{{{287, -8, 59}, 0, {-785, -516}, {0x76, 0x2C, 0xEF, 0xFF}}},
	{{{295, -45, 72}, 0, {-1067, -515}, {0x7F, 0x00, 0xFE, 0xFF}}},
	{{{287, -82, 59}, 0, {-783, -516}, {0x76, 0xD4, 0xEF, 0xFF}}},
};

Gfx monteman_Right_Hand_Cap_Switch_Option_Right_Hand_Cap_mesh_layer_4_tri_0[] = {
	gsSPVertex(monteman_Right_Hand_Cap_Switch_Option_Right_Hand_Cap_mesh_layer_4_vtx_0 + 0, 41, 0),
	gsSP2Triangles(0, 1, 2, 0, 3, 1, 0, 0),
	gsSP2Triangles(4, 3, 0, 0, 5, 4, 0, 0),
	gsSP2Triangles(6, 5, 0, 0, 6, 0, 2, 0),
	gsSP2Triangles(7, 6, 2, 0, 7, 8, 6, 0),
	gsSP2Triangles(9, 6, 8, 0, 9, 8, 10, 0),
	gsSP2Triangles(11, 9, 10, 0, 10, 12, 11, 0),
	gsSP2Triangles(11, 12, 13, 0, 12, 14, 13, 0),
	gsSP2Triangles(13, 14, 15, 0, 16, 15, 14, 0),
	gsSP2Triangles(17, 16, 14, 0, 3, 16, 17, 0),
	gsSP2Triangles(1, 3, 17, 0, 16, 3, 18, 0),
	gsSP2Triangles(18, 3, 4, 0, 19, 18, 4, 0),
	gsSP2Triangles(19, 4, 20, 0, 20, 4, 5, 0),
	gsSP2Triangles(20, 5, 21, 0, 21, 5, 9, 0),
	gsSP2Triangles(5, 6, 9, 0, 21, 9, 11, 0),
	gsSP2Triangles(22, 21, 11, 0, 13, 22, 11, 0),
	gsSP2Triangles(22, 13, 23, 0, 23, 13, 15, 0),
	gsSP2Triangles(23, 15, 24, 0, 25, 24, 15, 0),
	gsSP2Triangles(25, 15, 16, 0, 18, 25, 16, 0),
	gsSP2Triangles(26, 25, 18, 0, 26, 18, 19, 0),
	gsSP2Triangles(27, 26, 19, 0, 27, 19, 28, 0),
	gsSP2Triangles(28, 19, 20, 0, 28, 20, 29, 0),
	gsSP2Triangles(29, 20, 21, 0, 29, 21, 22, 0),
	gsSP2Triangles(30, 29, 22, 0, 30, 22, 23, 0),
	gsSP2Triangles(30, 23, 31, 0, 31, 23, 24, 0),
	gsSP2Triangles(32, 31, 24, 0, 32, 24, 33, 0),
	gsSP2Triangles(33, 24, 25, 0, 26, 33, 25, 0),
	gsSP2Triangles(34, 33, 26, 0, 34, 26, 27, 0),
	gsSP2Triangles(35, 34, 27, 0, 35, 27, 28, 0),
	gsSP2Triangles(35, 28, 36, 0, 36, 28, 29, 0),
	gsSP2Triangles(36, 29, 30, 0, 37, 36, 30, 0),
	gsSP2Triangles(37, 30, 31, 0, 38, 37, 31, 0),
	gsSP2Triangles(32, 38, 31, 0, 32, 39, 38, 0),
	gsSP2Triangles(32, 40, 39, 0, 32, 33, 40, 0),
	gsSP2Triangles(40, 33, 34, 0, 40, 34, 35, 0),
	gsSP2Triangles(39, 40, 35, 0, 39, 35, 38, 0),
	gsSP2Triangles(38, 35, 37, 0, 35, 36, 37, 0),
	gsSPEndDisplayList(),
};

Vtx monteman_Right_Hand_Wing_Cap_Swtich_Option_Right_Hand_Wing_Cap_mesh_layer_1_vtx_0[26] = {
	{{{-116, -88, -32}, 0, {-16, -16}, {0x49, 0x1F, 0x9D, 0x00}}},
	{{{-139, -38, -4}, 0, {-16, -16}, {0x2E, 0x74, 0xE9, 0x00}}},
	{{{-122, -44, 0}, 0, {-16, -16}, {0xDD, 0x73, 0xD7, 0x00}}},
	{{{-133, -59, 41}, 0, {-16, -16}, {0xC7, 0x35, 0x65, 0x00}}},
	{{{-119, -61, 35}, 0, {-16, -16}, {0xF8, 0x3F, 0x6E, 0x00}}},
	{{{-97, -110, 35}, 0, {-16, -16}, {0x10, 0xC0, 0x6D, 0x00}}},
	{{{-107, -122, 41}, 0, {-16, -16}, {0xFB, 0xB1, 0x63, 0x00}}},
	{{{-135, -97, 7}, 0, {-16, -16}, {0x8B, 0xCF, 0xF8, 0x00}}},
	{{{-139, -38, -4}, 0, {-16, -16}, {0x83, 0xF4, 0xED, 0x00}}},
	{{{-116, -88, -32}, 0, {-16, -16}, {0x99, 0xD5, 0xC4, 0x00}}},
	{{{-96, -140, -4}, 0, {-16, -16}, {0xA1, 0xAF, 0xEC, 0x00}}},
	{{{-89, -124, 0}, 0, {-16, -16}, {0x3D, 0x98, 0xD7, 0x00}}},
	{{{-96, -140, -4}, 0, {-16, -16}, {0x74, 0xD3, 0xE9, 0x00}}},
	{{{-104, -84, -22}, 0, {-16, -16}, {0x04, 0xFF, 0x81, 0x00}}},
	{{{-85, -76, -36}, 0, {-16, -16}, {0xE6, 0xF5, 0x84, 0x00}}},
	{{{-109, -25, -3}, 0, {-16, -16}, {0xB2, 0x59, 0xD2, 0x00}}},
	{{{-91, -23, 34}, 0, {-16, -16}, {0xCE, 0x59, 0x4B, 0x00}}},
	{{{-91, -78, 48}, 0, {-16, -16}, {0xC0, 0xF9, 0x6E, 0x00}}},
	{{{-64, -74, 65}, 0, {-16, -16}, {0xF1, 0x13, 0x7D, 0x00}}},
	{{{-66, -31, 44}, 0, {-16, -16}, {0x15, 0x51, 0x60, 0x00}}},
	{{{-35, -70, 52}, 0, {-16, -16}, {0x44, 0x2D, 0x62, 0x00}}},
	{{{-25, -93, 52}, 0, {-16, -16}, {0x67, 0xF9, 0x4A, 0x00}}},
	{{{-24, -46, 24}, 0, {-16, -16}, {0x6C, 0x3D, 0x1C, 0x00}}},
	{{{-17, -110, 1}, 0, {-16, -16}, {0x65, 0xBF, 0xD6, 0x00}}},
	{{{-35, -55, -32}, 0, {-16, -16}, {0x45, 0x1C, 0x99, 0x00}}},
	{{{-62, -4, 0}, 0, {-16, -16}, {0x18, 0x79, 0xE3, 0x00}}},
};

Gfx monteman_Right_Hand_Wing_Cap_Swtich_Option_Right_Hand_Wing_Cap_mesh_layer_1_tri_0[] = {
	gsSPVertex(monteman_Right_Hand_Wing_Cap_Swtich_Option_Right_Hand_Wing_Cap_mesh_layer_1_vtx_0 + 0, 26, 0),
	gsSP2Triangles(0, 1, 2, 0, 2, 1, 3, 0),
	gsSP2Triangles(3, 4, 2, 0, 5, 4, 3, 0),
	gsSP2Triangles(3, 6, 5, 0, 3, 7, 6, 0),
	gsSP2Triangles(8, 7, 3, 0, 9, 7, 8, 0),
	gsSP2Triangles(10, 7, 9, 0, 6, 7, 10, 0),
	gsSP2Triangles(11, 5, 6, 0, 6, 12, 11, 0),
	gsSP2Triangles(11, 12, 0, 0, 0, 13, 11, 0),
	gsSP2Triangles(2, 13, 0, 0, 14, 13, 2, 0),
	gsSP2Triangles(15, 14, 2, 0, 15, 2, 4, 0),
	gsSP2Triangles(16, 15, 4, 0, 4, 17, 16, 0),
	gsSP2Triangles(17, 4, 5, 0, 16, 17, 18, 0),
	gsSP2Triangles(19, 16, 18, 0, 20, 19, 18, 0),
	gsSP2Triangles(21, 20, 18, 0, 21, 22, 20, 0),
	gsSP2Triangles(23, 22, 21, 0, 24, 22, 23, 0),
	gsSP2Triangles(14, 24, 23, 0, 25, 24, 14, 0),
	gsSP2Triangles(15, 25, 14, 0, 25, 15, 16, 0),
	gsSP2Triangles(16, 19, 25, 0, 19, 22, 25, 0),
	gsSP2Triangles(22, 19, 20, 0, 25, 22, 24, 0),
	gsSP1Triangle(11, 13, 14, 0),
	gsSPEndDisplayList(),
};

Vtx monteman_Right_Hand_Wing_Cap_Swtich_Option_Right_Hand_Wing_Cap_mesh_layer_1_vtx_1[40] = {
	{{{245, -83, -28}, 0, {-260, 764}, {0x61, 0x50, 0xED, 0xFF}}},
	{{{254, -130, -35}, 0, {-260, 764}, {0x71, 0xD0, 0xE0, 0xFF}}},
	{{{255, -105, -67}, 0, {-260, 764}, {0x63, 0x02, 0xB0, 0xFF}}},
	{{{219, -130, -62}, 0, {-260, 764}, {0x15, 0xCC, 0x8E, 0xFF}}},
	{{{200, -65, -78}, 0, {-260, 764}, {0x10, 0x43, 0x95, 0xFF}}},
	{{{172, -109, -67}, 0, {-260, 764}, {0xDF, 0xF9, 0x86, 0xFF}}},
	{{{131, -82, -42}, 0, {-260, 764}, {0xC6, 0xFB, 0x8F, 0xFF}}},
	{{{106, -38, -34}, 0, {-260, 764}, {0xEC, 0x53, 0xA2, 0xFF}}},
	{{{152, -47, -16}, 0, {-260, 764}, {0x16, 0x7C, 0xED, 0xFF}}},
	{{{206, -51, -23}, 0, {-260, 764}, {0x28, 0x74, 0xDE, 0xFF}}},
	{{{245, -178, -28}, 0, {-260, 764}, {0x61, 0xB1, 0xED, 0xFF}}},
	{{{255, -156, -67}, 0, {-260, 764}, {0x63, 0xFE, 0xB0, 0xFF}}},
	{{{254, -130, -35}, 0, {-260, 764}, {0x71, 0x31, 0xE0, 0xFF}}},
	{{{200, -196, -78}, 0, {-260, 764}, {0x10, 0xBD, 0x95, 0xFF}}},
	{{{206, -210, -23}, 0, {-260, 764}, {0x28, 0x8C, 0xDE, 0xFF}}},
	{{{153, -214, -16}, 0, {-260, 764}, {0x16, 0x84, 0xED, 0xFF}}},
	{{{106, -223, -34}, 0, {-260, 764}, {0xEC, 0xAD, 0xA2, 0xFF}}},
	{{{131, -179, -42}, 0, {-260, 764}, {0xC6, 0x05, 0x8F, 0xFF}}},
	{{{172, -152, -67}, 0, {-260, 764}, {0xDF, 0x07, 0x86, 0xFF}}},
	{{{219, -130, -62}, 0, {-260, 764}, {0x14, 0x35, 0x8E, 0xFF}}},
	{{{245, -83, -28}, 0, {-260, 764}, {0x2B, 0x4F, 0xA7, 0xFF}}},
	{{{285, -105, -28}, 0, {-260, 764}, {0x67, 0x02, 0xB6, 0xFF}}},
	{{{254, -130, -35}, 0, {-260, 764}, {0x3C, 0xD0, 0x9B, 0xFF}}},
	{{{281, -64, 28}, 0, {-260, 764}, {0x6B, 0x43, 0x0C, 0xFF}}},
	{{{230, -51, 8}, 0, {-260, 764}, {0x2B, 0x74, 0xE3, 0xFF}}},
	{{{208, -47, 58}, 0, {-260, 764}, {0x18, 0x7C, 0xF0, 0xFF}}},
	{{{214, -38, 107}, 0, {-260, 764}, {0x55, 0x53, 0x2C, 0xFF}}},
	{{{228, -82, 85}, 0, {-260, 764}, {0x5E, 0xFB, 0x56, 0xFF}}},
	{{{264, -109, 53}, 0, {-260, 764}, {0x6D, 0xF9, 0x40, 0xFF}}},
	{{{271, -130, 6}, 0, {-260, 764}, {0x73, 0xCC, 0x0A, 0xFF}}},
	{{{245, -178, -28}, 0, {-260, 764}, {0x2C, 0xB1, 0xA7, 0xFF}}},
	{{{254, -130, -35}, 0, {-260, 764}, {0x3C, 0x30, 0x9B, 0xFF}}},
	{{{285, -156, -28}, 0, {-260, 764}, {0x67, 0xFE, 0xB6, 0xFF}}},
	{{{271, -130, 6}, 0, {-260, 764}, {0x73, 0x35, 0x0A, 0xFF}}},
	{{{281, -196, 28}, 0, {-260, 764}, {0x6B, 0xBD, 0x0C, 0xFF}}},
	{{{264, -152, 53}, 0, {-260, 764}, {0x6D, 0x07, 0x40, 0xFF}}},
	{{{228, -179, 85}, 0, {-260, 764}, {0x5E, 0x05, 0x56, 0xFF}}},
	{{{214, -223, 107}, 0, {-260, 764}, {0x55, 0xAD, 0x2C, 0xFF}}},
	{{{209, -214, 58}, 0, {-260, 764}, {0x18, 0x84, 0xF0, 0xFF}}},
	{{{230, -210, 8}, 0, {-260, 764}, {0x2B, 0x8C, 0xE3, 0xFF}}},
};

Gfx monteman_Right_Hand_Wing_Cap_Swtich_Option_Right_Hand_Wing_Cap_mesh_layer_1_tri_1[] = {
	gsSPVertex(monteman_Right_Hand_Wing_Cap_Swtich_Option_Right_Hand_Wing_Cap_mesh_layer_1_vtx_1 + 0, 40, 0),
	gsSP2Triangles(0, 1, 2, 0, 3, 2, 1, 0),
	gsSP2Triangles(3, 4, 2, 0, 3, 5, 4, 0),
	gsSP2Triangles(4, 5, 6, 0, 7, 4, 6, 0),
	gsSP2Triangles(8, 4, 7, 0, 9, 4, 8, 0),
	gsSP2Triangles(0, 4, 9, 0, 0, 2, 4, 0),
	gsSP2Triangles(10, 11, 12, 0, 10, 13, 11, 0),
	gsSP2Triangles(10, 14, 13, 0, 14, 15, 13, 0),
	gsSP2Triangles(15, 16, 13, 0, 16, 17, 13, 0),
	gsSP2Triangles(13, 17, 18, 0, 19, 13, 18, 0),
	gsSP2Triangles(19, 11, 13, 0, 19, 12, 11, 0),
	gsSP2Triangles(20, 21, 22, 0, 20, 23, 21, 0),
	gsSP2Triangles(20, 24, 23, 0, 24, 25, 23, 0),
	gsSP2Triangles(25, 26, 23, 0, 26, 27, 23, 0),
	gsSP2Triangles(23, 27, 28, 0, 29, 23, 28, 0),
	gsSP2Triangles(29, 21, 23, 0, 29, 22, 21, 0),
	gsSP2Triangles(30, 31, 32, 0, 33, 32, 31, 0),
	gsSP2Triangles(33, 34, 32, 0, 33, 35, 34, 0),
	gsSP2Triangles(34, 35, 36, 0, 37, 34, 36, 0),
	gsSP2Triangles(38, 34, 37, 0, 39, 34, 38, 0),
	gsSP2Triangles(30, 34, 39, 0, 30, 32, 34, 0),
	gsSPEndDisplayList(),
};

Vtx monteman_Right_Hand_Wing_Cap_Swtich_Option_Right_Hand_Wing_Cap_mesh_layer_1_vtx_2[26] = {
	{{{5, -97, -2}, 0, {-16, 1008}, {0x2B, 0x6E, 0x2F, 0xFF}}},
	{{{24, -106, -10}, 0, {-16, 1008}, {0x68, 0x49, 0xFC, 0xFF}}},
	{{{12, -90, -33}, 0, {-16, 1008}, {0x51, 0x60, 0xEB, 0xFF}}},
	{{{24, -131, -42}, 0, {-16, 1008}, {0x73, 0x00, 0xCB, 0xFF}}},
	{{{31, -131, -18}, 0, {-16, 1008}, {0x7A, 0xFF, 0xDD, 0xFF}}},
	{{{24, -155, -10}, 0, {-16, 1008}, {0x67, 0xB6, 0xFD, 0xFF}}},
	{{{12, -171, -33}, 0, {-16, 1008}, {0x51, 0xA0, 0xEC, 0xFF}}},
	{{{5, -164, -2}, 0, {-16, 1008}, {0x2B, 0x92, 0x2F, 0xFF}}},
	{{{-10, -176, -18}, 0, {-16, 1008}, {0x11, 0x85, 0x19, 0xFF}}},
	{{{-33, -171, -2}, 0, {-16, 1008}, {0xCE, 0xA1, 0x44, 0xFF}}},
	{{{-17, -161, 11}, 0, {-16, 1008}, {0xE8, 0xAD, 0x5D, 0xFF}}},
	{{{-45, -131, 7}, 0, {-16, 1008}, {0xA8, 0xFE, 0x5C, 0xFF}}},
	{{{-24, -131, 20}, 0, {-16, 1008}, {0xBE, 0xFF, 0x6D, 0xFF}}},
	{{{-17, -100, 11}, 0, {-16, 1008}, {0xE8, 0x53, 0x5D, 0xFF}}},
	{{{-33, -90, -2}, 0, {-16, 1008}, {0xD0, 0x60, 0x44, 0xFF}}},
	{{{-10, -85, -18}, 0, {-16, 1008}, {0x11, 0x7B, 0x19, 0xFF}}},
	{{{-7, -90, -61}, 0, {-16, 1008}, {0x17, 0x58, 0xA7, 0xFF}}},
	{{{6, -131, -69}, 0, {-16, 1008}, {0x47, 0x00, 0x96, 0xFF}}},
	{{{-6, -171, -61}, 0, {-16, 1008}, {0x17, 0xA8, 0xA7, 0xFF}}},
	{{{-28, -176, -46}, 0, {-16, 1008}, {0xDA, 0x94, 0xC9, 0xFF}}},
	{{{-49, -171, -31}, 0, {-16, 1008}, {0xA7, 0xA7, 0xF2, 0xFF}}},
	{{{-65, -131, -20}, 0, {-16, 1008}, {0x83, 0xFD, 0x14, 0xFF}}},
	{{{-49, -90, -31}, 0, {-16, 1008}, {0xA7, 0x59, 0xF0, 0xFF}}},
	{{{-28, -85, -46}, 0, {-16, 1008}, {0xD9, 0x6B, 0xC8, 0xFF}}},
	{{{-19, -131, -73}, 0, {-16, 1008}, {0xDE, 0x00, 0x86, 0xFF}}},
	{{{-53, -131, -49}, 0, {-16, 1008}, {0x9F, 0xFF, 0xAE, 0xFF}}},
};

Gfx monteman_Right_Hand_Wing_Cap_Swtich_Option_Right_Hand_Wing_Cap_mesh_layer_1_tri_2[] = {
	gsSPVertex(monteman_Right_Hand_Wing_Cap_Swtich_Option_Right_Hand_Wing_Cap_mesh_layer_1_vtx_2 + 0, 26, 0),
	gsSP2Triangles(0, 1, 2, 0, 3, 2, 1, 0),
	gsSP2Triangles(1, 4, 3, 0, 3, 4, 5, 0),
	gsSP2Triangles(5, 6, 3, 0, 6, 5, 7, 0),
	gsSP2Triangles(8, 6, 7, 0, 9, 8, 7, 0),
	gsSP2Triangles(7, 10, 9, 0, 11, 9, 10, 0),
	gsSP2Triangles(10, 12, 11, 0, 11, 12, 13, 0),
	gsSP2Triangles(13, 14, 11, 0, 14, 13, 0, 0),
	gsSP2Triangles(15, 14, 0, 0, 2, 15, 0, 0),
	gsSP2Triangles(15, 2, 16, 0, 16, 2, 3, 0),
	gsSP2Triangles(17, 16, 3, 0, 3, 6, 17, 0),
	gsSP2Triangles(6, 18, 17, 0, 8, 18, 6, 0),
	gsSP2Triangles(8, 19, 18, 0, 20, 19, 8, 0),
	gsSP2Triangles(9, 20, 8, 0, 20, 9, 11, 0),
	gsSP2Triangles(21, 20, 11, 0, 11, 14, 21, 0),
	gsSP2Triangles(14, 22, 21, 0, 22, 14, 15, 0),
	gsSP2Triangles(22, 15, 23, 0, 23, 15, 16, 0),
	gsSP2Triangles(16, 24, 23, 0, 24, 16, 17, 0),
	gsSP2Triangles(24, 17, 18, 0, 24, 18, 19, 0),
	gsSP2Triangles(19, 25, 24, 0, 25, 19, 20, 0),
	gsSP2Triangles(21, 25, 20, 0, 21, 22, 25, 0),
	gsSP2Triangles(22, 23, 25, 0, 25, 23, 24, 0),
	gsSPEndDisplayList(),
};

Vtx monteman_Right_Hand_Wing_Cap_Swtich_Option_Right_Hand_Wing_Cap_mesh_layer_1_vtx_3[9] = {
	{{{159, -147, 37}, 0, {-16, 112}, {0x35, 0x96, 0x2D, 0xFF}}},
	{{{143, -130, 10}, 0, {112, 112}, {0xD0, 0x00, 0x8A, 0xFF}}},
	{{{253, -130, -34}, 0, {48, -16}, {0x6B, 0x00, 0xBC, 0xFF}}},
	{{{143, -130, 10}, 0, {-16, 112}, {0xD0, 0x00, 0x8A, 0xFF}}},
	{{{159, -114, 37}, 0, {112, 112}, {0x35, 0x6A, 0x2D, 0xFF}}},
	{{{253, -130, -34}, 0, {48, -16}, {0x6B, 0x00, 0xBC, 0xFF}}},
	{{{159, -114, 37}, 0, {-16, 112}, {0x35, 0x6A, 0x2D, 0xFF}}},
	{{{159, -147, 37}, 0, {112, 112}, {0x35, 0x96, 0x2D, 0xFF}}},
	{{{253, -130, -34}, 0, {48, -16}, {0x6B, 0x00, 0xBC, 0xFF}}},
};

Gfx monteman_Right_Hand_Wing_Cap_Swtich_Option_Right_Hand_Wing_Cap_mesh_layer_1_tri_3[] = {
	gsSPVertex(monteman_Right_Hand_Wing_Cap_Swtich_Option_Right_Hand_Wing_Cap_mesh_layer_1_vtx_3 + 0, 9, 0),
	gsSP2Triangles(0, 1, 2, 0, 3, 4, 5, 0),
	gsSP1Triangle(6, 7, 8, 0),
	gsSPEndDisplayList(),
};

Vtx monteman_Right_Hand_Wing_Cap_Swtich_Option_Right_Hand_Wing_Cap_mesh_layer_1_vtx_4[47] = {
	{{{57, -67, -3}, 0, {977, 906}, {0x93, 0x3E, 0x15, 0xFF}}},
	{{{75, -33, 59}, 0, {977, 1069}, {0xFE, 0x39, 0x72, 0xFF}}},
	{{{49, -39, 42}, 0, {977, 1069}, {0x8F, 0x24, 0x2E, 0xFF}}},
	{{{102, -39, 48}, 0, {977, 967}, {0x12, 0x3F, 0x6D, 0xFF}}},
	{{{153, -53, 39}, 0, {977, 906}, {0x43, 0x4F, 0x4A, 0xFF}}},
	{{{53, -98, -15}, 0, {977, 844}, {0x88, 0x02, 0x28, 0xFF}}},
	{{{168, -88, 35}, 0, {977, 844}, {0x69, 0xFC, 0x48, 0xFF}}},
	{{{169, -133, 13}, 0, {977, 783}, {0x7A, 0xFB, 0x21, 0xFF}}},
	{{{47, -130, -26}, 0, {977, 783}, {0x81, 0x00, 0x04, 0xFF}}},
	{{{53, -163, -14}, 0, {977, 844}, {0x87, 0x00, 0x28, 0xFF}}},
	{{{166, -177, 32}, 0, {977, 844}, {0x6C, 0xF8, 0x42, 0xFF}}},
	{{{142, -212, 44}, 0, {977, 906}, {0x38, 0xB6, 0x57, 0xFF}}},
	{{{57, -194, -2}, 0, {977, 906}, {0x94, 0xC0, 0x14, 0xFF}}},
	{{{103, -223, 48}, 0, {977, 967}, {0x00, 0xBB, 0x6A, 0xFF}}},
	{{{75, -229, 59}, 0, {977, 1069}, {0xFD, 0xC3, 0x70, 0xFF}}},
	{{{49, -222, 43}, 0, {977, 1069}, {0x8F, 0xE0, 0x2F, 0xFF}}},
	{{{68, -90, -32}, 0, {721, 1909}, {0xD0, 0x3D, 0x9C, 0xFF}}},
	{{{53, -98, -15}, 0, {465, 1991}, {0x88, 0x02, 0x28, 0xFF}}},
	{{{57, -67, -3}, 0, {875, 1991}, {0x93, 0x3E, 0x15, 0xFF}}},
	{{{47, -130, -26}, 0, {15, 1991}, {0x81, 0x00, 0x04, 0xFF}}},
	{{{71, -130, -45}, 0, {15, 1909}, {0xDB, 0x00, 0x87, 0xFF}}},
	{{{117, -119, -41}, 0, {117, 1172}, {0x1F, 0xFF, 0x85, 0xFF}}},
	{{{111, -84, -28}, 0, {752, 1172}, {0x28, 0x29, 0x8F, 0xFF}}},
	{{{97, -61, -3}, 0, {875, 1561}, {0x09, 0x6A, 0xBA, 0xFF}}},
	{{{71, -47, 27}, 0, {916, 1745}, {0xFD, 0x70, 0xC5, 0xFF}}},
	{{{49, -39, 42}, 0, {916, 1991}, {0x8F, 0x24, 0x2E, 0xFF}}},
	{{{75, -33, 59}, 0, {977, 1991}, {0xFE, 0x39, 0x72, 0xFF}}},
	{{{102, -39, 48}, 0, {977, 1418}, {0x12, 0x3F, 0x6D, 0xFF}}},
	{{{153, -53, 39}, 0, {844, 783}, {0x43, 0x4F, 0x4A, 0xFF}}},
	{{{168, -88, 35}, 0, {373, 783}, {0x69, 0xFC, 0x48, 0xFF}}},
	{{{126, -106, -15}, 0, {271, 844}, {0x73, 0x09, 0xCB, 0xFF}}},
	{{{169, -133, 13}, 0, {15, 783}, {0x7A, 0xFB, 0x21, 0xFF}}},
	{{{139, -130, -12}, 0, {15, 844}, {0x5D, 0x01, 0xA9, 0xFF}}},
	{{{126, -155, -15}, 0, {271, 844}, {0x4C, 0xF2, 0x9B, 0xFF}}},
	{{{166, -177, 32}, 0, {373, 783}, {0x6C, 0xF8, 0x42, 0xFF}}},
	{{{111, -177, -28}, 0, {752, 1172}, {0x16, 0xC6, 0x91, 0xFF}}},
	{{{142, -212, 44}, 0, {844, 783}, {0x38, 0xB6, 0x57, 0xFF}}},
	{{{97, -200, -3}, 0, {875, 1561}, {0x0B, 0x96, 0xBA, 0xFF}}},
	{{{103, -223, 48}, 0, {977, 1418}, {0x00, 0xBB, 0x6A, 0xFF}}},
	{{{71, -213, 27}, 0, {916, 1745}, {0xFB, 0x90, 0xC4, 0xFF}}},
	{{{75, -229, 59}, 0, {977, 1991}, {0xFD, 0xC3, 0x70, 0xFF}}},
	{{{49, -222, 43}, 0, {916, 1991}, {0x8F, 0xE0, 0x2F, 0xFF}}},
	{{{57, -194, -2}, 0, {875, 1991}, {0x94, 0xC0, 0x14, 0xFF}}},
	{{{68, -171, -32}, 0, {721, 1909}, {0xCF, 0xC3, 0x9C, 0xFF}}},
	{{{53, -163, -14}, 0, {465, 1991}, {0x87, 0x00, 0x28, 0xFF}}},
	{{{117, -141, -41}, 0, {117, 1172}, {0x0C, 0xD9, 0x88, 0xFF}}},
	{{{118, -130, -43}, 0, {15, 1254}, {0x3E, 0x00, 0x91, 0xFF}}},
};

Gfx monteman_Right_Hand_Wing_Cap_Swtich_Option_Right_Hand_Wing_Cap_mesh_layer_1_tri_4[] = {
	gsSPVertex(monteman_Right_Hand_Wing_Cap_Swtich_Option_Right_Hand_Wing_Cap_mesh_layer_1_vtx_4 + 0, 47, 0),
	gsSP2Triangles(0, 1, 2, 0, 0, 3, 1, 0),
	gsSP2Triangles(0, 4, 3, 0, 5, 4, 0, 0),
	gsSP2Triangles(5, 6, 4, 0, 5, 7, 6, 0),
	gsSP2Triangles(5, 8, 7, 0, 9, 7, 8, 0),
	gsSP2Triangles(9, 10, 7, 0, 9, 11, 10, 0),
	gsSP2Triangles(9, 12, 11, 0, 12, 13, 11, 0),
	gsSP2Triangles(12, 14, 13, 0, 12, 15, 14, 0),
	gsSP2Triangles(16, 17, 18, 0, 17, 16, 19, 0),
	gsSP2Triangles(19, 16, 20, 0, 20, 16, 21, 0),
	gsSP2Triangles(21, 16, 22, 0, 16, 23, 22, 0),
	gsSP2Triangles(18, 23, 16, 0, 23, 18, 24, 0),
	gsSP2Triangles(24, 18, 25, 0, 26, 24, 25, 0),
	gsSP2Triangles(24, 26, 27, 0, 27, 23, 24, 0),
	gsSP2Triangles(28, 23, 27, 0, 28, 22, 23, 0),
	gsSP2Triangles(22, 28, 29, 0, 29, 30, 22, 0),
	gsSP2Triangles(31, 30, 29, 0, 32, 30, 31, 0),
	gsSP2Triangles(32, 31, 33, 0, 31, 34, 33, 0),
	gsSP2Triangles(34, 35, 33, 0, 35, 34, 36, 0),
	gsSP2Triangles(36, 37, 35, 0, 36, 38, 37, 0),
	gsSP2Triangles(38, 39, 37, 0, 39, 38, 40, 0),
	gsSP2Triangles(40, 41, 39, 0, 39, 41, 42, 0),
	gsSP2Triangles(37, 39, 42, 0, 42, 43, 37, 0),
	gsSP2Triangles(43, 42, 44, 0, 44, 19, 43, 0),
	gsSP2Triangles(19, 20, 43, 0, 20, 45, 43, 0),
	gsSP2Triangles(45, 20, 46, 0, 21, 46, 20, 0),
	gsSP2Triangles(21, 32, 46, 0, 21, 30, 32, 0),
	gsSP2Triangles(30, 21, 22, 0, 45, 46, 32, 0),
	gsSP2Triangles(45, 32, 33, 0, 33, 35, 45, 0),
	gsSP2Triangles(45, 35, 43, 0, 43, 35, 37, 0),
	gsSPEndDisplayList(),
};

Vtx monteman_Right_Hand_Wing_Cap_Swtich_Option_Right_Hand_Wing_Cap_mesh_layer_4_vtx_0[41] = {
	{{{16, -205, 18}, 0, {-33, 316}, {0xF2, 0xA9, 0xA5, 0xFF}}},
	{{{5, -253, 116}, 0, {-131, 770}, {0x20, 0x86, 0xEE, 0xFF}}},
	{{{-42, -217, 38}, 0, {-129, 769}, {0xF3, 0xA9, 0xA5, 0xFF}}},
	{{{55, -236, 84}, 0, {-266, 320}, {0x1E, 0x86, 0xEE, 0xFF}}},
	{{{91, -191, -8}, 0, {74, -276}, {0x04, 0xAE, 0x9F, 0xFF}}},
	{{{78, -131, -29}, 0, {533, -277}, {0xF4, 0x00, 0x82, 0xFF}}},
	{{{-1, -131, -10}, 0, {533, 314}, {0xE0, 0x00, 0x85, 0xFF}}},
	{{{-61, -131, 6}, 0, {533, 769}, {0xE0, 0x00, 0x85, 0xFF}}},
	{{{-42, -44, 38}, 0, {-127, 769}, {0xF3, 0x57, 0xA5, 0xFF}}},
	{{{15, -57, 18}, 0, {-31, 316}, {0xF2, 0x57, 0xA5, 0xFF}}},
	{{{4, -8, 116}, 0, {-133, 770}, {0x20, 0x7A, 0xEE, 0xFF}}},
	{{{54, -26, 84}, 0, {-268, 320}, {0x1D, 0x7A, 0xEE, 0xFF}}},
	{{{50, -44, 193}, 0, {-408, 770}, {0x4D, 0x56, 0x35, 0xFF}}},
	{{{94, -56, 151}, 0, {-504, 323}, {0x4C, 0x57, 0x36, 0xFF}}},
	{{{70, -131, 225}, 0, {-1067, 771}, {0x60, 0x00, 0x53, 0xFF}}},
	{{{110, -130, 178}, 0, {-1067, 325}, {0x60, 0x00, 0x53, 0xFF}}},
	{{{94, -205, 151}, 0, {-502, 323}, {0x4C, 0xAA, 0x36, 0xFF}}},
	{{{51, -217, 193}, 0, {-406, 770}, {0x4D, 0xAA, 0x35, 0xFF}}},
	{{{121, -216, 43}, 0, {-417, -273}, {0x2C, 0x8C, 0xE5, 0xFF}}},
	{{{110, -181, -9}, 0, {142, -409}, {0x29, 0xBF, 0x9B, 0xFF}}},
	{{{100, -130, -27}, 0, {533, -409}, {0x1B, 0x00, 0x84, 0xFF}}},
	{{{91, -70, -8}, 0, {76, -276}, {0x04, 0x52, 0x9F, 0xFF}}},
	{{{121, -45, 43}, 0, {-419, -273}, {0x2C, 0x74, 0xE5, 0xFF}}},
	{{{151, -70, 95}, 0, {-610, -270}, {0x57, 0x52, 0x2B, 0xFF}}},
	{{{164, -130, 116}, 0, {-1067, -269}, {0x69, 0x00, 0x47, 0xFF}}},
	{{{151, -190, 95}, 0, {-608, -270}, {0x57, 0xAE, 0x2B, 0xFF}}},
	{{{136, -203, 34}, 0, {-514, -408}, {0x4B, 0xA3, 0xD4, 0xFF}}},
	{{{130, -168, -5}, 0, {248, -520}, {0x47, 0xD3, 0xA1, 0xFF}}},
	{{{122, -130, -18}, 0, {533, -521}, {0x3D, 0x00, 0x90, 0xFF}}},
	{{{110, -79, -9}, 0, {144, -409}, {0x29, 0x41, 0x9B, 0xFF}}},
	{{{136, -58, 34}, 0, {-516, -408}, {0x4B, 0x5D, 0xD4, 0xFF}}},
	{{{162, -79, 78}, 0, {-679, -408}, {0x6C, 0x42, 0x0D, 0xFF}}},
	{{{173, -130, 96}, 0, {-1067, -408}, {0x7A, 0x00, 0x25, 0xFF}}},
	{{{162, -181, 78}, 0, {-677, -408}, {0x6C, 0xBF, 0x0D, 0xFF}}},
	{{{149, -183, 27}, 0, {-664, -518}, {0x5F, 0xC1, 0xC8, 0xFF}}},
	{{{166, -130, 17}, 0, {-1067, -668}, {0x6D, 0x00, 0xC0, 0xFF}}},
	{{{130, -93, -5}, 0, {250, -520}, {0x47, 0x2D, 0xA1, 0xFF}}},
	{{{148, -78, 27}, 0, {-666, -518}, {0x5F, 0x40, 0xC8, 0xFF}}},
	{{{167, -93, 59}, 0, {-785, -516}, {0x76, 0x2C, 0xEF, 0xFF}}},
	{{{175, -130, 72}, 0, {-1067, -515}, {0x7F, 0x00, 0xFE, 0xFF}}},
	{{{167, -168, 59}, 0, {-783, -516}, {0x76, 0xD4, 0xEF, 0xFF}}},
};

Gfx monteman_Right_Hand_Wing_Cap_Swtich_Option_Right_Hand_Wing_Cap_mesh_layer_4_tri_0[] = {
	gsSPVertex(monteman_Right_Hand_Wing_Cap_Swtich_Option_Right_Hand_Wing_Cap_mesh_layer_4_vtx_0 + 0, 41, 0),
	gsSP2Triangles(0, 1, 2, 0, 3, 1, 0, 0),
	gsSP2Triangles(4, 3, 0, 0, 5, 4, 0, 0),
	gsSP2Triangles(6, 5, 0, 0, 6, 0, 2, 0),
	gsSP2Triangles(7, 6, 2, 0, 7, 8, 6, 0),
	gsSP2Triangles(9, 6, 8, 0, 9, 8, 10, 0),
	gsSP2Triangles(11, 9, 10, 0, 10, 12, 11, 0),
	gsSP2Triangles(11, 12, 13, 0, 12, 14, 13, 0),
	gsSP2Triangles(13, 14, 15, 0, 16, 15, 14, 0),
	gsSP2Triangles(17, 16, 14, 0, 3, 16, 17, 0),
	gsSP2Triangles(1, 3, 17, 0, 16, 3, 18, 0),
	gsSP2Triangles(18, 3, 4, 0, 19, 18, 4, 0),
	gsSP2Triangles(19, 4, 20, 0, 20, 4, 5, 0),
	gsSP2Triangles(20, 5, 21, 0, 21, 5, 9, 0),
	gsSP2Triangles(5, 6, 9, 0, 21, 9, 11, 0),
	gsSP2Triangles(22, 21, 11, 0, 13, 22, 11, 0),
	gsSP2Triangles(22, 13, 23, 0, 23, 13, 15, 0),
	gsSP2Triangles(23, 15, 24, 0, 25, 24, 15, 0),
	gsSP2Triangles(25, 15, 16, 0, 18, 25, 16, 0),
	gsSP2Triangles(26, 25, 18, 0, 26, 18, 19, 0),
	gsSP2Triangles(27, 26, 19, 0, 27, 19, 28, 0),
	gsSP2Triangles(28, 19, 20, 0, 28, 20, 29, 0),
	gsSP2Triangles(29, 20, 21, 0, 29, 21, 22, 0),
	gsSP2Triangles(30, 29, 22, 0, 30, 22, 23, 0),
	gsSP2Triangles(30, 23, 31, 0, 31, 23, 24, 0),
	gsSP2Triangles(32, 31, 24, 0, 32, 24, 33, 0),
	gsSP2Triangles(33, 24, 25, 0, 26, 33, 25, 0),
	gsSP2Triangles(34, 33, 26, 0, 34, 26, 27, 0),
	gsSP2Triangles(35, 34, 27, 0, 35, 27, 28, 0),
	gsSP2Triangles(35, 28, 36, 0, 36, 28, 29, 0),
	gsSP2Triangles(36, 29, 30, 0, 37, 36, 30, 0),
	gsSP2Triangles(37, 30, 31, 0, 38, 37, 31, 0),
	gsSP2Triangles(32, 38, 31, 0, 32, 39, 38, 0),
	gsSP2Triangles(32, 40, 39, 0, 32, 33, 40, 0),
	gsSP2Triangles(40, 33, 34, 0, 40, 34, 35, 0),
	gsSP2Triangles(39, 40, 35, 0, 39, 35, 38, 0),
	gsSP2Triangles(38, 35, 37, 0, 35, 36, 37, 0),
	gsSPEndDisplayList(),
};

Vtx monteman_Right_Hand_Wing_Cap_Swtich_Option_Wings_skinned_mesh_layer_1_vtx_0[7] = {
	{{{-97, -110, 35}, 0, {-16, -16}, {0x10, 0xC0, 0x6D, 0x00}}},
	{{{-89, -124, 0}, 0, {-16, -16}, {0x3D, 0x98, 0xD7, 0x00}}},
	{{{-85, -76, -36}, 0, {-16, -16}, {0xE6, 0xF5, 0x84, 0x00}}},
	{{{-17, -110, 1}, 0, {-16, -16}, {0x65, 0xBF, 0xD6, 0x00}}},
	{{{-91, -78, 48}, 0, {-16, -16}, {0xC0, 0xF9, 0x6E, 0x00}}},
	{{{-64, -74, 65}, 0, {-16, -16}, {0xF1, 0x13, 0x7D, 0x00}}},
	{{{-25, -93, 52}, 0, {-16, -16}, {0x67, 0xF9, 0x4A, 0x00}}},
};

Gfx monteman_Right_Hand_Wing_Cap_Swtich_Option_Wings_skinned_mesh_layer_1_tri_0[] = {
	gsSPVertex(monteman_Right_Hand_Wing_Cap_Swtich_Option_Wings_skinned_mesh_layer_1_vtx_0 + 0, 7, 0),
	gsSPEndDisplayList(),
};

Vtx monteman_Right_Hand_Wing_Cap_Swtich_Option_Wings_mesh_layer_1_vtx_0[2] = {
	{{{-65, -128, -3}, 0, {-16, -16}, {0x07, 0x8C, 0xCD, 0x00}}},
	{{{-45, -117, 65}, 0, {-16, -16}, {0x19, 0xB2, 0x61, 0x00}}},
};

Gfx monteman_Right_Hand_Wing_Cap_Swtich_Option_Wings_mesh_layer_1_tri_0[] = {
	gsSPVertex(monteman_Right_Hand_Wing_Cap_Swtich_Option_Wings_mesh_layer_1_vtx_0 + 0, 2, 7),
	gsSP2Triangles(0, 1, 7, 0, 2, 7, 1, 0),
	gsSP2Triangles(2, 3, 7, 0, 7, 3, 8, 0),
	gsSP2Triangles(3, 6, 8, 0, 8, 6, 5, 0),
	gsSP2Triangles(8, 5, 4, 0, 8, 4, 0, 0),
	gsSP1Triangle(7, 8, 0, 0),
	gsSPEndDisplayList(),
};

Vtx monteman_Right_Hand_Wing_Cap_Swtich_Option_Wings_mesh_layer_1_vtx_1[54] = {
	{{{199, -86, 33}, 0, {76, 721}, {0x18, 0xB8, 0x9A, 0xFF}}},
	{{{254, -79, 55}, 0, {45, 680}, {0x38, 0xBB, 0xA6, 0xFF}}},
	{{{180, -78, 60}, 0, {240, 721}, {0xCE, 0xAF, 0x54, 0xFF}}},
	{{{232, -61, 95}, 0, {240, 680}, {0xD1, 0xB0, 0x57, 0xFF}}},
	{{{304, -77, 80}, 0, {15, 660}, {0x5B, 0xBC, 0xC8, 0xFF}}},
	{{{268, -35, 141}, 0, {240, 660}, {0xC6, 0xB3, 0x53, 0xFF}}},
	{{{328, -51, 132}, 0, {15, 373}, {0x73, 0xCC, 0xF8, 0xFF}}},
	{{{298, -7, 189}, 0, {240, 373}, {0xC5, 0xBD, 0x5A, 0xFF}}},
	{{{335, -23, 177}, 0, {76, 148}, {0x76, 0xD5, 0x13, 0xFF}}},
	{{{332, -2, 206}, 0, {240, 25}, {0x5D, 0x08, 0x56, 0xFF}}},
	{{{309, 15, 203}, 0, {404, 148}, {0x0E, 0x5D, 0x55, 0xFF}}},
	{{{287, 21, 187}, 0, {465, 373}, {0xCF, 0x6F, 0x27, 0xFF}}},
	{{{257, 7, 145}, 0, {465, 660}, {0xBA, 0x69, 0x09, 0xFF}}},
	{{{226, -21, 97}, 0, {435, 680}, {0xBA, 0x6A, 0xFC, 0xFF}}},
	{{{193, -44, 65}, 0, {404, 721}, {0xC2, 0x6E, 0xF1, 0xFF}}},
	{{{309, 15, 203}, 0, {588, 148}, {0x0E, 0x5D, 0x55, 0xFF}}},
	{{{332, -2, 206}, 0, {752, 25}, {0x5D, 0x08, 0x56, 0xFF}}},
	{{{335, -23, 177}, 0, {916, 148}, {0x76, 0xD5, 0x13, 0xFF}}},
	{{{287, 21, 187}, 0, {527, 373}, {0xCF, 0x6F, 0x27, 0xFF}}},
	{{{328, -51, 132}, 0, {977, 373}, {0x73, 0xCC, 0xF8, 0xFF}}},
	{{{257, 7, 145}, 0, {527, 660}, {0xBA, 0x69, 0x09, 0xFF}}},
	{{{304, -77, 80}, 0, {977, 660}, {0x5B, 0xBC, 0xC8, 0xFF}}},
	{{{226, -21, 97}, 0, {557, 680}, {0xBA, 0x6A, 0xFC, 0xFF}}},
	{{{254, -79, 55}, 0, {947, 680}, {0x38, 0xBB, 0xA6, 0xFF}}},
	{{{193, -44, 65}, 0, {588, 721}, {0xC2, 0x6E, 0xF1, 0xFF}}},
	{{{199, -86, 33}, 0, {916, 721}, {0x18, 0xB8, 0x9A, 0xFF}}},
	{{{128, -73, 28}, 0, {-16, 2032}, {0x89, 0xFB, 0xD3, 0xFF}}},
	{{{199, -175, 33}, 0, {76, 721}, {0x18, 0x48, 0x9A, 0xFF}}},
	{{{180, -182, 60}, 0, {240, 721}, {0xCE, 0x51, 0x54, 0xFF}}},
	{{{254, -181, 55}, 0, {45, 680}, {0x38, 0x45, 0xA6, 0xFF}}},
	{{{232, -200, 95}, 0, {240, 680}, {0xD1, 0x50, 0x57, 0xFF}}},
	{{{226, -239, 97}, 0, {435, 680}, {0xBA, 0x96, 0xFC, 0xFF}}},
	{{{193, -217, 65}, 0, {404, 721}, {0xC3, 0x92, 0xF1, 0xFF}}},
	{{{258, -267, 145}, 0, {465, 660}, {0xBA, 0x96, 0x09, 0xFF}}},
	{{{268, -226, 141}, 0, {240, 660}, {0xC6, 0x4C, 0x53, 0xFF}}},
	{{{287, -281, 187}, 0, {465, 373}, {0xD0, 0x91, 0x27, 0xFF}}},
	{{{298, -253, 189}, 0, {240, 373}, {0xC5, 0x43, 0x5A, 0xFF}}},
	{{{310, -275, 203}, 0, {404, 148}, {0x0E, 0xA3, 0x55, 0xFF}}},
	{{{333, -258, 206}, 0, {240, 25}, {0x5D, 0xF8, 0x56, 0xFF}}},
	{{{335, -237, 177}, 0, {76, 148}, {0x76, 0x2C, 0x13, 0xFF}}},
	{{{328, -209, 132}, 0, {15, 373}, {0x73, 0x35, 0xF8, 0xFF}}},
	{{{304, -183, 80}, 0, {15, 660}, {0x5B, 0x45, 0xC8, 0xFF}}},
	{{{310, -275, 203}, 0, {588, 148}, {0x0E, 0xA3, 0x55, 0xFF}}},
	{{{335, -237, 177}, 0, {916, 148}, {0x76, 0x2C, 0x13, 0xFF}}},
	{{{333, -258, 206}, 0, {752, 25}, {0x5D, 0xF8, 0x56, 0xFF}}},
	{{{287, -281, 187}, 0, {527, 373}, {0xD0, 0x91, 0x27, 0xFF}}},
	{{{328, -209, 132}, 0, {977, 373}, {0x73, 0x35, 0xF8, 0xFF}}},
	{{{258, -267, 145}, 0, {527, 660}, {0xBA, 0x96, 0x09, 0xFF}}},
	{{{304, -183, 80}, 0, {977, 660}, {0x5B, 0x45, 0xC8, 0xFF}}},
	{{{226, -239, 97}, 0, {557, 680}, {0xBA, 0x96, 0xFC, 0xFF}}},
	{{{254, -181, 55}, 0, {947, 680}, {0x38, 0x45, 0xA6, 0xFF}}},
	{{{193, -217, 65}, 0, {588, 721}, {0xC3, 0x92, 0xF1, 0xFF}}},
	{{{199, -175, 33}, 0, {916, 721}, {0x18, 0x48, 0x9A, 0xFF}}},
	{{{128, -187, 28}, 0, {-16, 2032}, {0x89, 0x05, 0xD3, 0xFF}}},
};

Gfx monteman_Right_Hand_Wing_Cap_Swtich_Option_Wings_mesh_layer_1_tri_1[] = {
	gsSPVertex(monteman_Right_Hand_Wing_Cap_Swtich_Option_Wings_mesh_layer_1_vtx_1 + 0, 54, 0),
	gsSP2Triangles(0, 1, 2, 0, 1, 3, 2, 0),
	gsSP2Triangles(1, 4, 3, 0, 4, 5, 3, 0),
	gsSP2Triangles(4, 6, 5, 0, 6, 7, 5, 0),
	gsSP2Triangles(6, 8, 7, 0, 8, 9, 7, 0),
	gsSP2Triangles(7, 9, 10, 0, 7, 10, 11, 0),
	gsSP2Triangles(5, 7, 11, 0, 5, 11, 12, 0),
	gsSP2Triangles(3, 5, 12, 0, 3, 12, 13, 0),
	gsSP2Triangles(2, 3, 13, 0, 2, 13, 14, 0),
	gsSP2Triangles(15, 16, 17, 0, 18, 15, 17, 0),
	gsSP2Triangles(18, 17, 19, 0, 20, 18, 19, 0),
	gsSP2Triangles(20, 19, 21, 0, 22, 20, 21, 0),
	gsSP2Triangles(22, 21, 23, 0, 24, 22, 23, 0),
	gsSP2Triangles(24, 23, 25, 0, 24, 25, 26, 0),
	gsSP2Triangles(25, 2, 26, 0, 2, 24, 26, 0),
	gsSP2Triangles(27, 28, 29, 0, 29, 28, 30, 0),
	gsSP2Triangles(28, 31, 30, 0, 28, 32, 31, 0),
	gsSP2Triangles(30, 31, 33, 0, 30, 33, 34, 0),
	gsSP2Triangles(34, 33, 35, 0, 34, 35, 36, 0),
	gsSP2Triangles(36, 35, 37, 0, 36, 37, 38, 0),
	gsSP2Triangles(39, 36, 38, 0, 40, 36, 39, 0),
	gsSP2Triangles(40, 34, 36, 0, 41, 34, 40, 0),
	gsSP2Triangles(41, 30, 34, 0, 29, 30, 41, 0),
	gsSP2Triangles(42, 43, 44, 0, 45, 43, 42, 0),
	gsSP2Triangles(45, 46, 43, 0, 47, 46, 45, 0),
	gsSP2Triangles(47, 48, 46, 0, 49, 48, 47, 0),
	gsSP2Triangles(49, 50, 48, 0, 51, 50, 49, 0),
	gsSP2Triangles(51, 52, 50, 0, 51, 53, 52, 0),
	gsSP2Triangles(28, 53, 51, 0, 52, 53, 28, 0),
	gsSPEndDisplayList(),
};

Vtx monteman_Left_Thigh_Color_mesh_layer_1_vtx_0[9] = {
	{{{54, -11, 21}, 0, {484, 766}, {0x0B, 0xFB, 0x7E, 0xFF}}},
	{{{74, 7, -1}, 0, {690, 436}, {0x11, 0x7E, 0x04, 0xFF}}},
	{{{54, 7, -2}, 0, {699, 726}, {0x03, 0x7F, 0xFD, 0xFF}}},
	{{{88, -8, 18}, 0, {510, 326}, {0x42, 0x04, 0x6C, 0xFF}}},
	{{{55, -30, -4}, 0, {259, 798}, {0x14, 0x83, 0xF2, 0xFF}}},
	{{{89, -22, -3}, 0, {312, 352}, {0x4B, 0x9A, 0xFC, 0xFF}}},
	{{{88, -8, -20}, 0, {510, 326}, {0x41, 0x09, 0x93, 0xFF}}},
	{{{54, -8, -21}, 0, {524, 760}, {0x05, 0x13, 0x83, 0xFF}}},
	{{{97, -3, -1}, 0, {510, 362}, {0x74, 0x35, 0x00, 0xFF}}},
};

Gfx monteman_Left_Thigh_Color_mesh_layer_1_tri_0[] = {
	gsSPVertex(monteman_Left_Thigh_Color_mesh_layer_1_vtx_0 + 0, 9, 0),
	gsSP2Triangles(0, 1, 2, 0, 1, 0, 3, 0),
	gsSP2Triangles(4, 3, 0, 0, 3, 4, 5, 0),
	gsSP2Triangles(4, 6, 5, 0, 6, 4, 7, 0),
	gsSP2Triangles(7, 1, 6, 0, 1, 7, 2, 0),
	gsSP2Triangles(6, 1, 8, 0, 1, 3, 8, 0),
	gsSP2Triangles(3, 5, 8, 0, 5, 6, 8, 0),
	gsSPEndDisplayList(),
};

Vtx monteman_Left_Thigh_Color_mesh_layer_1_vtx_1[13] = {
	{{{46, 17, -28}, 0, {2962, -3094}, {0x38, 0x40, 0xA1, 0xFF}}},
	{{{60, -20, -33}, 0, {2072, -1868}, {0x61, 0xFA, 0xAE, 0xFF}}},
	{{{47, -33, -33}, 0, {1456, -3048}, {0x25, 0xAE, 0xA6, 0xFF}}},
	{{{59, -1, -25}, 0, {2826, -1906}, {0x7B, 0x10, 0xE5, 0xFF}}},
	{{{59, 11, 0}, 0, {3292, -1910}, {0x70, 0x35, 0x1C, 0xFF}}},
	{{{33, 14, -1}, 0, {3436, -2878}, {0x0F, 0x71, 0x38, 0xFF}}},
	{{{19, 23, -12}, 0, {3794, -4290}, {0xD5, 0x77, 0xF5, 0xFF}}},
	{{{4, -9, -30}, 0, {2150, -4074}, {0xA1, 0x0E, 0xAD, 0xFF}}},
	{{{14, -49, -19}, 0, {626, -4522}, {0xCA, 0x93, 0xDD, 0xFF}}},
	{{{20, -48, -5}, 0, {996, -3348}, {0xEF, 0x8D, 0x33, 0xFF}}},
	{{{60, -38, -3}, 0, {1382, -1880}, {0x66, 0xBC, 0x20, 0xFF}}},
	{{{4, -7, 28}, 0, {2264, -4976}, {0xC0, 0xF0, 0x6C, 0xFF}}},
	{{{60, -8, 32}, 0, {2558, -1886}, {0x54, 0x02, 0x60, 0xFF}}},
};

Gfx monteman_Left_Thigh_Color_mesh_layer_1_tri_1[] = {
	gsSPVertex(monteman_Left_Thigh_Color_mesh_layer_1_vtx_1 + 0, 13, 0),
	gsSP2Triangles(0, 1, 2, 0, 1, 0, 3, 0),
	gsSP2Triangles(0, 4, 3, 0, 4, 0, 5, 0),
	gsSP2Triangles(5, 0, 6, 0, 6, 0, 7, 0),
	gsSP2Triangles(0, 2, 7, 0, 2, 8, 7, 0),
	gsSP2Triangles(2, 9, 8, 0, 9, 2, 10, 0),
	gsSP2Triangles(10, 2, 1, 0, 11, 9, 10, 0),
	gsSP2Triangles(9, 11, 8, 0, 8, 11, 7, 0),
	gsSP2Triangles(11, 6, 7, 0, 11, 5, 6, 0),
	gsSP2Triangles(12, 5, 11, 0, 11, 10, 12, 0),
	gsSP1Triangle(5, 12, 4, 0),
	gsSPEndDisplayList(),
};

Vtx monteman_Left_Thigh_Color_mesh_layer_1_vtx_2[9] = {
	{{{54, -11, 21}, 0, {484, 766}, {0x0B, 0xFB, 0x7E, 0xFF}}},
	{{{60, -8, 32}, 0, {2558, -1886}, {0x54, 0x02, 0x60, 0xFF}}},
	{{{60, -38, -3}, 0, {1382, -1880}, {0x66, 0xBC, 0x20, 0xFF}}},
	{{{54, 7, -2}, 0, {699, 726}, {0x03, 0x7F, 0xFD, 0xFF}}},
	{{{59, 11, 0}, 0, {3292, -1910}, {0x70, 0x35, 0x1C, 0xFF}}},
	{{{59, -1, -25}, 0, {2826, -1906}, {0x7B, 0x10, 0xE5, 0xFF}}},
	{{{54, -8, -21}, 0, {524, 760}, {0x05, 0x13, 0x83, 0xFF}}},
	{{{60, -20, -33}, 0, {2072, -1868}, {0x61, 0xFA, 0xAE, 0xFF}}},
	{{{55, -30, -4}, 0, {259, 798}, {0x14, 0x83, 0xF2, 0xFF}}},
};

Gfx monteman_Left_Thigh_Color_mesh_layer_1_tri_2[] = {
	gsSPVertex(monteman_Left_Thigh_Color_mesh_layer_1_vtx_2 + 0, 9, 0),
	gsSP2Triangles(0, 1, 2, 0, 1, 0, 3, 0),
	gsSP2Triangles(1, 3, 4, 0, 5, 4, 3, 0),
	gsSP2Triangles(5, 3, 6, 0, 5, 6, 7, 0),
	gsSP2Triangles(8, 7, 6, 0, 8, 2, 7, 0),
	gsSP1Triangle(0, 2, 8, 0),
	gsSPEndDisplayList(),
};

Vtx monteman_Left_Leg_mesh_layer_1_vtx_0[29] = {
	{{{43, -6, 15}, 0, {-100, 966}, {0x17, 0xF8, 0x7D, 0xFF}}},
	{{{59, 8, -1}, 0, {978, 398}, {0x36, 0x72, 0xEF, 0xFF}}},
	{{{44, 6, 0}, 0, {-39, 412}, {0x0E, 0x7E, 0xF9, 0xFF}}},
	{{{62, -6, 14}, 0, {1031, 930}, {0x4F, 0xF7, 0x63, 0xFF}}},
	{{{61, -6, -12}, 0, {1039, 1022}, {0x4C, 0xFC, 0x9A, 0xFF}}},
	{{{57, -19, -1}, 0, {-52, 328}, {0x25, 0x87, 0xFC, 0xFF}}},
	{{{44, -6, -11}, 0, {-89, 1068}, {0x0B, 0xFE, 0x82, 0xFF}}},
	{{{44, 6, 0}, 0, {-65, 150}, {0x0E, 0x7E, 0xF9, 0xFF}}},
	{{{59, 8, -1}, 0, {981, 186}, {0x36, 0x72, 0xEF, 0xFF}}},
	{{{44, -15, -1}, 0, {991, 388}, {0xFD, 0x81, 0xF6, 0xFF}}},
	{{{62, -6, 14}, 0, {-138, 972}, {0x4F, 0xF7, 0x63, 0xFF}}},
	{{{43, -6, 15}, 0, {1042, 950}, {0x17, 0xF8, 0x7D, 0xFF}}},
	{{{57, -19, -1}, 0, {-50, 418}, {0x25, 0x87, 0xFC, 0xFF}}},
	{{{61, -6, -12}, 0, {-120, 994}, {0x4C, 0xFC, 0x9A, 0xFF}}},
	{{{44, -6, -11}, 0, {1027, 1032}, {0x0B, 0xFE, 0x82, 0xFF}}},
	{{{44, -15, -1}, 0, {991, 378}, {0xFD, 0x81, 0xF6, 0xFF}}},
	{{{43, -6, 15}, 0, {446, 746}, {0x17, 0xF8, 0x7D, 0xFF}}},
	{{{44, 6, 0}, 0, {617, 774}, {0x0E, 0x7E, 0xF9, 0xFF}}},
	{{{20, 13, 0}, 0, {713, -182}, {0x07, 0x7F, 0xFC, 0xFF}}},
	{{{44, -6, -11}, 0, {445, 756}, {0x0B, 0xFE, 0x82, 0xFF}}},
	{{{11, -6, -22}, 0, {429, -688}, {0x07, 0x01, 0x81, 0xFF}}},
	{{{6, -21, -2}, 0, {208, -770}, {0x11, 0x82, 0xFD, 0xFF}}},
	{{{44, -15, -1}, 0, {301, 760}, {0xFD, 0x81, 0xF6, 0xFF}}},
	{{{13, -6, 24}, 0, {430, -590}, {0xF5, 0xFD, 0x7F, 0xFF}}},
	{{{-1, -8, 18}, 0, {410, -1198}, {0xC6, 0xED, 0x6F, 0xFF}}},
	{{{-15, 7, -1}, 0, {585, -1446}, {0xA3, 0x56, 0x02, 0xFF}}},
	{{{-1, -8, -20}, 0, {410, -1198}, {0xD6, 0xF1, 0x89, 0xFF}}},
	{{{0, -22, -3}, 0, {213, -1174}, {0xE7, 0x84, 0xF5, 0xFF}}},
	{{{-16, -10, -1}, 0, {408, -1259}, {0x8A, 0xD1, 0x00, 0xFF}}},
};

Gfx monteman_Left_Leg_mesh_layer_1_tri_0[] = {
	gsSPVertex(monteman_Left_Leg_mesh_layer_1_vtx_0 + 0, 29, 0),
	gsSP2Triangles(0, 1, 2, 0, 0, 3, 1, 0),
	gsSP2Triangles(3, 4, 1, 0, 3, 5, 4, 0),
	gsSP2Triangles(6, 7, 4, 0, 4, 7, 8, 0),
	gsSP2Triangles(9, 10, 11, 0, 10, 9, 12, 0),
	gsSP2Triangles(13, 5, 14, 0, 14, 5, 15, 0),
	gsSP2Triangles(16, 17, 18, 0, 17, 19, 18, 0),
	gsSP2Triangles(20, 18, 19, 0, 19, 21, 20, 0),
	gsSP2Triangles(21, 19, 22, 0, 22, 23, 21, 0),
	gsSP2Triangles(23, 22, 16, 0, 18, 23, 16, 0),
	gsSP2Triangles(23, 18, 24, 0, 24, 18, 25, 0),
	gsSP2Triangles(18, 26, 25, 0, 26, 18, 20, 0),
	gsSP2Triangles(21, 26, 20, 0, 26, 21, 27, 0),
	gsSP2Triangles(21, 24, 27, 0, 24, 21, 23, 0),
	gsSP2Triangles(27, 24, 28, 0, 24, 25, 28, 0),
	gsSP2Triangles(25, 26, 28, 0, 26, 27, 28, 0),
	gsSPEndDisplayList(),
};

Vtx monteman_Left_Shoe_mesh_layer_1_vtx_0[23] = {
	{{{-11, 54, 53}, 0, {-16, -16}, {0xF9, 0x55, 0x5E, 0xFF}}},
	{{{-39, 64, -8}, 0, {-16, -16}, {0xC4, 0x65, 0xD0, 0xFF}}},
	{{{-41, 65, 26}, 0, {-16, -16}, {0xBF, 0x65, 0x28, 0xFF}}},
	{{{-12, 53, -32}, 0, {-16, -16}, {0xF8, 0x52, 0x9F, 0xFF}}},
	{{{78, 21, 61}, 0, {-16, -16}, {0x3A, 0x33, 0x64, 0xFF}}},
	{{{76, 20, -41}, 0, {-16, -16}, {0x33, 0x33, 0x98, 0xFF}}},
	{{{110, 9, 35}, 0, {-16, -16}, {0x72, 0x14, 0x34, 0xFF}}},
	{{{110, 8, -20}, 0, {-16, -16}, {0x6E, 0x11, 0xC4, 0xFF}}},
	{{{44, -12, -33}, 0, {-16, -16}, {0xFB, 0xB5, 0x99, 0xFF}}},
	{{{-12, 53, -32}, 0, {-16, -16}, {0xF8, 0x52, 0x9F, 0xFF}}},
	{{{76, 20, -41}, 0, {-16, -16}, {0x33, 0x33, 0x98, 0xFF}}},
	{{{-35, 11, -21}, 0, {-16, -16}, {0xB5, 0xCB, 0xA8, 0xFF}}},
	{{{27, -35, 11}, 0, {-16, -16}, {0xE4, 0x84, 0xFC, 0xFF}}},
	{{{80, -31, 7}, 0, {-16, -16}, {0x36, 0x8D, 0xF9, 0xFF}}},
	{{{110, 8, -20}, 0, {-16, -16}, {0x6E, 0x11, 0xC4, 0xFF}}},
	{{{110, 9, 35}, 0, {-16, -16}, {0x72, 0x14, 0x34, 0xFF}}},
	{{{43, -18, 54}, 0, {-16, -16}, {0x00, 0xB0, 0x63, 0xFF}}},
	{{{78, 21, 61}, 0, {-16, -16}, {0x3A, 0x33, 0x64, 0xFF}}},
	{{{-11, 54, 53}, 0, {-16, -16}, {0xF9, 0x55, 0x5E, 0xFF}}},
	{{{-34, 12, 44}, 0, {-16, -16}, {0xB3, 0xCF, 0x58, 0xFF}}},
	{{{-41, 65, 26}, 0, {-16, -16}, {0xBF, 0x65, 0x28, 0xFF}}},
	{{{-54, 15, 8}, 0, {-16, -16}, {0x89, 0xD3, 0xFC, 0xFF}}},
	{{{-39, 64, -8}, 0, {-16, -16}, {0xC5, 0x65, 0xD0, 0xFF}}},
};

Gfx monteman_Left_Shoe_mesh_layer_1_tri_0[] = {
	gsSPVertex(monteman_Left_Shoe_mesh_layer_1_vtx_0 + 0, 23, 0),
	gsSP2Triangles(0, 1, 2, 0, 0, 3, 1, 0),
	gsSP2Triangles(0, 4, 3, 0, 4, 5, 3, 0),
	gsSP2Triangles(4, 6, 5, 0, 6, 7, 5, 0),
	gsSP2Triangles(8, 9, 10, 0, 8, 11, 9, 0),
	gsSP2Triangles(11, 8, 12, 0, 12, 8, 13, 0),
	gsSP2Triangles(14, 13, 8, 0, 8, 10, 14, 0),
	gsSP2Triangles(13, 14, 15, 0, 16, 13, 15, 0),
	gsSP2Triangles(15, 17, 16, 0, 16, 17, 18, 0),
	gsSP2Triangles(19, 16, 18, 0, 19, 18, 20, 0),
	gsSP2Triangles(20, 21, 19, 0, 21, 20, 22, 0),
	gsSP2Triangles(22, 11, 21, 0, 22, 9, 11, 0),
	gsSP2Triangles(21, 11, 12, 0, 12, 19, 21, 0),
	gsSP2Triangles(12, 16, 19, 0, 13, 16, 12, 0),
	gsSPEndDisplayList(),
};

Vtx monteman_Right_Thigh_Color_mesh_layer_1_vtx_0[9] = {
	{{{54, -11, -21}, 0, {484, 766}, {0x0B, 0xFB, 0x82, 0xFF}}},
	{{{54, 7, 2}, 0, {699, 726}, {0x03, 0x7F, 0x03, 0xFF}}},
	{{{74, 7, 1}, 0, {690, 436}, {0x11, 0x7E, 0xFC, 0xFF}}},
	{{{54, -8, 21}, 0, {524, 760}, {0x05, 0x13, 0x7D, 0xFF}}},
	{{{88, -8, 20}, 0, {510, 326}, {0x41, 0x09, 0x6D, 0xFF}}},
	{{{55, -30, 4}, 0, {259, 798}, {0x14, 0x83, 0x0E, 0xFF}}},
	{{{89, -22, 3}, 0, {312, 352}, {0x4B, 0x9A, 0x04, 0xFF}}},
	{{{88, -8, -18}, 0, {510, 326}, {0x42, 0x04, 0x94, 0xFF}}},
	{{{97, -3, 1}, 0, {510, 362}, {0x74, 0x35, 0x00, 0xFF}}},
};

Gfx monteman_Right_Thigh_Color_mesh_layer_1_tri_0[] = {
	gsSPVertex(monteman_Right_Thigh_Color_mesh_layer_1_vtx_0 + 0, 9, 0),
	gsSP2Triangles(0, 1, 2, 0, 2, 1, 3, 0),
	gsSP2Triangles(3, 4, 2, 0, 4, 3, 5, 0),
	gsSP2Triangles(5, 6, 4, 0, 7, 6, 5, 0),
	gsSP2Triangles(5, 0, 7, 0, 2, 7, 0, 0),
	gsSP2Triangles(7, 2, 8, 0, 2, 4, 8, 0),
	gsSP2Triangles(4, 6, 8, 0, 6, 7, 8, 0),
	gsSPEndDisplayList(),
};

Vtx monteman_Right_Thigh_Color_mesh_layer_1_vtx_1[13] = {
	{{{46, 17, 28}, 0, {2962, -3094}, {0x2B, 0x68, 0x3B, 0xFF}}},
	{{{47, -33, 33}, 0, {1456, -3048}, {0x43, 0xBC, 0x54, 0xFF}}},
	{{{60, -20, 33}, 0, {2072, -1868}, {0x61, 0xFA, 0x52, 0xFF}}},
	{{{4, -9, 30}, 0, {2150, -4074}, {0xA1, 0x0E, 0x53, 0xFF}}},
	{{{19, 23, 12}, 0, {3794, -4290}, {0xD6, 0x78, 0x01, 0xFF}}},
	{{{33, 14, 1}, 0, {3436, -2878}, {0x0F, 0x71, 0xC8, 0xFF}}},
	{{{59, 11, 0}, 0, {3292, -1910}, {0x70, 0x35, 0xE4, 0xFF}}},
	{{{59, -1, 25}, 0, {2826, -1906}, {0x7B, 0x10, 0x1B, 0xFF}}},
	{{{60, -8, -32}, 0, {2558, -1886}, {0x54, 0x02, 0xA0, 0xFF}}},
	{{{4, -7, -28}, 0, {2264, -4976}, {0xAE, 0xFB, 0x9F, 0xFF}}},
	{{{60, -38, 3}, 0, {1382, -1880}, {0x66, 0xBC, 0xE0, 0xFF}}},
	{{{20, -48, 5}, 0, {996, -3348}, {0xEF, 0x8D, 0xCD, 0xFF}}},
	{{{14, -49, 19}, 0, {626, -4522}, {0xD0, 0x91, 0x26, 0xFF}}},
};

Gfx monteman_Right_Thigh_Color_mesh_layer_1_tri_1[] = {
	gsSPVertex(monteman_Right_Thigh_Color_mesh_layer_1_vtx_1 + 0, 13, 0),
	gsSP2Triangles(0, 1, 2, 0, 1, 0, 3, 0),
	gsSP2Triangles(0, 4, 3, 0, 5, 4, 0, 0),
	gsSP2Triangles(6, 5, 0, 0, 0, 7, 6, 0),
	gsSP2Triangles(2, 7, 0, 0, 5, 6, 8, 0),
	gsSP2Triangles(8, 9, 5, 0, 9, 8, 10, 0),
	gsSP2Triangles(9, 10, 11, 0, 11, 10, 1, 0),
	gsSP2Triangles(10, 2, 1, 0, 1, 12, 11, 0),
	gsSP2Triangles(12, 1, 3, 0, 9, 12, 3, 0),
	gsSP2Triangles(4, 9, 3, 0, 9, 4, 5, 0),
	gsSP1Triangle(11, 12, 9, 0),
	gsSPEndDisplayList(),
};

Vtx monteman_Right_Thigh_Color_mesh_layer_1_vtx_2[9] = {
	{{{54, -11, -21}, 0, {484, 766}, {0x0B, 0xFB, 0x82, 0xFF}}},
	{{{60, -38, 3}, 0, {1382, -1880}, {0x66, 0xBC, 0xE0, 0xFF}}},
	{{{60, -8, -32}, 0, {2558, -1886}, {0x54, 0x02, 0xA0, 0xFF}}},
	{{{55, -30, 4}, 0, {259, 798}, {0x14, 0x83, 0x0E, 0xFF}}},
	{{{60, -20, 33}, 0, {2072, -1868}, {0x61, 0xFA, 0x52, 0xFF}}},
	{{{54, -8, 21}, 0, {524, 760}, {0x05, 0x13, 0x7D, 0xFF}}},
	{{{59, -1, 25}, 0, {2826, -1906}, {0x7B, 0x10, 0x1B, 0xFF}}},
	{{{54, 7, 2}, 0, {699, 726}, {0x03, 0x7F, 0x03, 0xFF}}},
	{{{59, 11, 0}, 0, {3292, -1910}, {0x70, 0x35, 0xE4, 0xFF}}},
};

Gfx monteman_Right_Thigh_Color_mesh_layer_1_tri_2[] = {
	gsSPVertex(monteman_Right_Thigh_Color_mesh_layer_1_vtx_2 + 0, 9, 0),
	gsSP2Triangles(0, 1, 2, 0, 0, 3, 1, 0),
	gsSP2Triangles(3, 4, 1, 0, 3, 5, 4, 0),
	gsSP2Triangles(6, 4, 5, 0, 6, 5, 7, 0),
	gsSP2Triangles(6, 7, 8, 0, 2, 8, 7, 0),
	gsSP1Triangle(2, 7, 0, 0),
	gsSPEndDisplayList(),
};

Vtx monteman_Right_Leg_mesh_layer_1_vtx_0[29] = {
	{{{43, -6, -15}, 0, {-100, 966}, {0x17, 0xF8, 0x83, 0xFF}}},
	{{{44, 6, 0}, 0, {-39, 412}, {0x0E, 0x7E, 0x07, 0xFF}}},
	{{{59, 8, 1}, 0, {978, 398}, {0x36, 0x72, 0x11, 0xFF}}},
	{{{62, -6, -14}, 0, {1031, 930}, {0x4F, 0xF7, 0x9D, 0xFF}}},
	{{{61, -6, 12}, 0, {1039, 1022}, {0x4C, 0xFC, 0x66, 0xFF}}},
	{{{57, -19, 1}, 0, {-52, 328}, {0x25, 0x87, 0x04, 0xFF}}},
	{{{44, -6, 11}, 0, {-89, 1068}, {0x0B, 0xFE, 0x7E, 0xFF}}},
	{{{44, 6, 0}, 0, {-65, 150}, {0x0E, 0x7E, 0x07, 0xFF}}},
	{{{59, 8, 1}, 0, {981, 186}, {0x36, 0x72, 0x11, 0xFF}}},
	{{{44, -15, 1}, 0, {991, 388}, {0xFD, 0x81, 0x0A, 0xFF}}},
	{{{43, -6, -15}, 0, {1042, 950}, {0x17, 0xF8, 0x83, 0xFF}}},
	{{{62, -6, -14}, 0, {-138, 972}, {0x4F, 0xF7, 0x9D, 0xFF}}},
	{{{57, -19, 1}, 0, {-50, 418}, {0x25, 0x87, 0x04, 0xFF}}},
	{{{61, -6, 12}, 0, {-120, 994}, {0x4C, 0xFC, 0x66, 0xFF}}},
	{{{44, -6, 11}, 0, {1027, 1032}, {0x0B, 0xFE, 0x7E, 0xFF}}},
	{{{44, -15, 1}, 0, {991, 378}, {0xFD, 0x81, 0x0A, 0xFF}}},
	{{{43, -6, -15}, 0, {446, 746}, {0x17, 0xF8, 0x83, 0xFF}}},
	{{{20, 13, 0}, 0, {713, -182}, {0x07, 0x7F, 0x04, 0xFF}}},
	{{{44, 6, 0}, 0, {617, 774}, {0x0E, 0x7E, 0x07, 0xFF}}},
	{{{13, -6, -24}, 0, {430, -590}, {0xF5, 0xFD, 0x81, 0xFF}}},
	{{{44, -15, 1}, 0, {301, 760}, {0xFD, 0x81, 0x0A, 0xFF}}},
	{{{6, -21, 2}, 0, {208, -770}, {0x11, 0x82, 0x03, 0xFF}}},
	{{{44, -6, 11}, 0, {445, 756}, {0x0B, 0xFE, 0x7E, 0xFF}}},
	{{{11, -6, 22}, 0, {429, -688}, {0x07, 0x01, 0x7F, 0xFF}}},
	{{{-1, -8, 20}, 0, {410, -1198}, {0xD6, 0xF1, 0x77, 0xFF}}},
	{{{0, -22, 3}, 0, {213, -1174}, {0xE7, 0x84, 0x0B, 0xFF}}},
	{{{-16, -10, 1}, 0, {408, -1259}, {0x8A, 0xD1, 0x00, 0xFF}}},
	{{{-15, 7, 1}, 0, {585, -1446}, {0xA3, 0x56, 0xFE, 0xFF}}},
	{{{-1, -8, -18}, 0, {410, -1198}, {0xC6, 0xED, 0x91, 0xFF}}},
};

Gfx monteman_Right_Leg_mesh_layer_1_tri_0[] = {
	gsSPVertex(monteman_Right_Leg_mesh_layer_1_vtx_0 + 0, 29, 0),
	gsSP2Triangles(0, 1, 2, 0, 0, 2, 3, 0),
	gsSP2Triangles(3, 2, 4, 0, 3, 4, 5, 0),
	gsSP2Triangles(6, 4, 7, 0, 4, 8, 7, 0),
	gsSP2Triangles(9, 10, 11, 0, 11, 12, 9, 0),
	gsSP2Triangles(13, 14, 5, 0, 14, 15, 5, 0),
	gsSP2Triangles(16, 17, 18, 0, 17, 16, 19, 0),
	gsSP2Triangles(19, 16, 20, 0, 20, 21, 19, 0),
	gsSP2Triangles(21, 20, 22, 0, 22, 23, 21, 0),
	gsSP2Triangles(23, 22, 17, 0, 18, 17, 22, 0),
	gsSP2Triangles(24, 23, 17, 0, 21, 23, 24, 0),
	gsSP2Triangles(24, 25, 21, 0, 25, 24, 26, 0),
	gsSP2Triangles(24, 27, 26, 0, 17, 27, 24, 0),
	gsSP2Triangles(28, 27, 17, 0, 19, 28, 17, 0),
	gsSP2Triangles(28, 19, 21, 0, 21, 25, 28, 0),
	gsSP2Triangles(28, 25, 26, 0, 27, 28, 26, 0),
	gsSPEndDisplayList(),
};

Vtx monteman_Right_Shoe_DL_mesh_layer_1_vtx_0[23] = {
	{{{75, 23, 40}, 0, {-16, -16}, {0x30, 0x37, 0x68, 0xFF}}},
	{{{109, 11, 20}, 0, {-16, -16}, {0x6D, 0x14, 0x3D, 0xFF}}},
	{{{110, 11, -36}, 0, {-16, -16}, {0x72, 0x15, 0xCC, 0xFF}}},
	{{{78, 22, -61}, 0, {-16, -16}, {0x3A, 0x35, 0x9C, 0xFF}}},
	{{{-14, 54, 29}, 0, {-16, -16}, {0xF4, 0x54, 0x5E, 0xFF}}},
	{{{-11, 53, -56}, 0, {-16, -16}, {0xF8, 0x53, 0xA0, 0xFF}}},
	{{{-40, 63, 5}, 0, {-16, -16}, {0xC1, 0x65, 0x2E, 0xFF}}},
	{{{-42, 64, -29}, 0, {-16, -16}, {0xBD, 0x64, 0xD7, 0xFF}}},
	{{{109, 11, 20}, 0, {-16, -16}, {0x6D, 0x14, 0x3D, 0xFF}}},
	{{{75, 23, 40}, 0, {-16, -16}, {0x30, 0x37, 0x68, 0xFF}}},
	{{{44, -11, 32}, 0, {-16, -16}, {0xFD, 0xB7, 0x68, 0xFF}}},
	{{{-14, 54, 29}, 0, {-16, -16}, {0xF4, 0x54, 0x5E, 0xFF}}},
	{{{-36, 11, 19}, 0, {-16, -16}, {0xB4, 0xCD, 0x58, 0xFF}}},
	{{{-40, 63, 5}, 0, {-16, -16}, {0xC1, 0x65, 0x2E, 0xFF}}},
	{{{-54, 14, -10}, 0, {-16, -16}, {0x8A, 0xD2, 0x04, 0xFF}}},
	{{{-42, 64, -29}, 0, {-16, -16}, {0xBD, 0x64, 0xD7, 0xFF}}},
	{{{-34, 11, -46}, 0, {-16, -16}, {0xB4, 0xCD, 0xA9, 0xFF}}},
	{{{-11, 53, -56}, 0, {-16, -16}, {0xF8, 0x53, 0xA0, 0xFF}}},
	{{{43, -18, -55}, 0, {-16, -16}, {0x02, 0xAF, 0x9E, 0xFF}}},
	{{{78, 22, -61}, 0, {-16, -16}, {0x3A, 0x35, 0x9C, 0xFF}}},
	{{{110, 11, -36}, 0, {-16, -16}, {0x72, 0x15, 0xCC, 0xFF}}},
	{{{80, -29, -7}, 0, {-16, -16}, {0x38, 0x8F, 0x09, 0xFF}}},
	{{{27, -35, -11}, 0, {-16, -16}, {0xE6, 0x84, 0x06, 0xFF}}},
};

Gfx monteman_Right_Shoe_DL_mesh_layer_1_tri_0[] = {
	gsSPVertex(monteman_Right_Shoe_DL_mesh_layer_1_vtx_0 + 0, 23, 0),
	gsSP2Triangles(0, 1, 2, 0, 0, 2, 3, 0),
	gsSP2Triangles(4, 0, 3, 0, 4, 3, 5, 0),
	gsSP2Triangles(6, 4, 5, 0, 7, 6, 5, 0),
	gsSP2Triangles(8, 9, 10, 0, 9, 11, 10, 0),
	gsSP2Triangles(11, 12, 10, 0, 12, 11, 13, 0),
	gsSP2Triangles(14, 12, 13, 0, 13, 15, 14, 0),
	gsSP2Triangles(16, 14, 15, 0, 15, 17, 16, 0),
	gsSP2Triangles(17, 18, 16, 0, 17, 19, 18, 0),
	gsSP2Triangles(18, 19, 20, 0, 20, 21, 18, 0),
	gsSP2Triangles(20, 8, 21, 0, 10, 21, 8, 0),
	gsSP2Triangles(21, 10, 22, 0, 22, 10, 12, 0),
	gsSP2Triangles(22, 12, 14, 0, 14, 16, 22, 0),
	gsSP2Triangles(16, 18, 22, 0, 22, 18, 21, 0),
	gsSPEndDisplayList(),
};

Vtx monteman_Metal_Mario_Switch_Option_Butt_mesh_layer_1_vtx_0[76] = {
	{{{25, -32, -38}, 0, {-228, -513}, {0x55, 0xB2, 0xCB, 0xFF}}},
	{{{25, -32, 38}, 0, {-228, -513}, {0x55, 0xB2, 0x35, 0xFF}}},
	{{{-6, -42, 30}, 0, {-228, -513}, {0xE3, 0x90, 0x35, 0xFF}}},
	{{{25, -32, 38}, 0, {-228, -513}, {0x55, 0xB2, 0x34, 0xFF}}},
	{{{23, 3, 62}, 0, {-228, -513}, {0x5C, 0x09, 0x57, 0xFF}}},
	{{{-6, -42, 30}, 0, {-228, -513}, {0xE3, 0x90, 0x35, 0xFF}}},
	{{{-6, -42, 30}, 0, {-228, -513}, {0xE3, 0x90, 0x35, 0xFF}}},
	{{{-6, -42, -30}, 0, {-228, -513}, {0xE3, 0x90, 0xCB, 0xFF}}},
	{{{25, -32, -38}, 0, {-228, -513}, {0x55, 0xB2, 0xCB, 0xFF}}},
	{{{-6, -42, 30}, 0, {-228, -513}, {0xE3, 0x90, 0x35, 0xFF}}},
	{{{-33, -25, 14}, 0, {-228, -513}, {0x92, 0xCB, 0x25, 0xFF}}},
	{{{-33, -25, -14}, 0, {-228, -513}, {0x92, 0xCB, 0xDB, 0xFF}}},
	{{{-33, -25, -14}, 0, {-228, -513}, {0x92, 0xCB, 0xDB, 0xFF}}},
	{{{-6, -42, -30}, 0, {-228, -513}, {0xE3, 0x90, 0xCB, 0xFF}}},
	{{{-6, -42, 30}, 0, {-228, -513}, {0xE3, 0x90, 0x35, 0xFF}}},
	{{{9, -2, 70}, 0, {-228, -513}, {0xF9, 0xF3, 0x7E, 0xFF}}},
	{{{-33, -25, 14}, 0, {-228, -513}, {0x93, 0xCB, 0x25, 0xFF}}},
	{{{-6, -42, 30}, 0, {-228, -513}, {0xE4, 0x90, 0x34, 0xFF}}},
	{{{-6, -42, 30}, 0, {-228, -513}, {0xE3, 0x90, 0x35, 0xFF}}},
	{{{23, 3, 62}, 0, {-228, -513}, {0x5C, 0x09, 0x57, 0xFF}}},
	{{{9, -2, 70}, 0, {-228, -513}, {0xF9, 0xF3, 0x7E, 0xFF}}},
	{{{-1, 53, 23}, 0, {-228, -513}, {0xD9, 0x6D, 0x34, 0xFF}}},
	{{{23, 3, 62}, 0, {-228, -513}, {0x5C, 0x09, 0x57, 0xFF}}},
	{{{25, 50, 25}, 0, {-228, -513}, {0x53, 0x55, 0x2C, 0xFF}}},
	{{{9, -2, 70}, 0, {-228, -513}, {0xF8, 0xF3, 0x7E, 0xFF}}},
	{{{23, 3, 62}, 0, {-228, -513}, {0x5C, 0x08, 0x57, 0xFF}}},
	{{{-1, 53, 23}, 0, {-228, -513}, {0xD9, 0x6D, 0x34, 0xFF}}},
	{{{-6, -42, -30}, 0, {-228, -513}, {0xE3, 0x90, 0xCB, 0xFF}}},
	{{{23, 3, -62}, 0, {-228, -513}, {0x5C, 0x09, 0xA9, 0xFF}}},
	{{{25, -32, -38}, 0, {-228, -513}, {0x55, 0xB2, 0xCC, 0xFF}}},
	{{{9, -2, -70}, 0, {-228, -513}, {0xF9, 0xF3, 0x82, 0xFF}}},
	{{{23, 3, -62}, 0, {-228, -513}, {0x5C, 0x09, 0xA9, 0xFF}}},
	{{{-6, -42, -30}, 0, {-228, -513}, {0xE3, 0x90, 0xCB, 0xFF}}},
	{{{-6, -42, -30}, 0, {-228, -513}, {0xE4, 0x90, 0xCC, 0xFF}}},
	{{{-33, -25, -14}, 0, {-228, -513}, {0x93, 0xCB, 0xDB, 0xFF}}},
	{{{9, -2, -70}, 0, {-228, -513}, {0xF9, 0xF3, 0x82, 0xFF}}},
	{{{-1, 53, -23}, 0, {-228, -513}, {0xD9, 0x6D, 0xCC, 0xFF}}},
	{{{23, 3, -62}, 0, {-228, -513}, {0x5C, 0x08, 0xA9, 0xFF}}},
	{{{9, -2, -70}, 0, {-228, -513}, {0xF8, 0xF3, 0x82, 0xFF}}},
	{{{25, 50, -25}, 0, {-228, -513}, {0x53, 0x55, 0xD4, 0xFF}}},
	{{{23, 3, -62}, 0, {-228, -513}, {0x5C, 0x09, 0xA9, 0xFF}}},
	{{{-1, 53, -23}, 0, {-228, -513}, {0xD9, 0x6D, 0xCC, 0xFF}}},
	{{{-33, -25, -14}, 0, {-228, -513}, {0x93, 0xCB, 0xDB, 0xFF}}},
	{{{-34, 25, -9}, 0, {-228, -513}, {0x90, 0x30, 0xDD, 0xFF}}},
	{{{9, -2, -70}, 0, {-228, -513}, {0xF9, 0xF3, 0x82, 0xFF}}},
	{{{-34, 25, -9}, 0, {-228, -513}, {0x90, 0x30, 0xDD, 0xFF}}},
	{{{-1, 53, -23}, 0, {-228, -513}, {0xD9, 0x6D, 0xCC, 0xFF}}},
	{{{9, -2, -70}, 0, {-228, -513}, {0xF9, 0xF3, 0x82, 0xFF}}},
	{{{25, 50, 25}, 0, {-228, -513}, {0x53, 0x55, 0x2D, 0xFF}}},
	{{{25, 50, -25}, 0, {-228, -513}, {0x53, 0x55, 0xD3, 0xFF}}},
	{{{-1, 53, -23}, 0, {-228, -513}, {0xD9, 0x6D, 0xCC, 0xFF}}},
	{{{-1, 53, -23}, 0, {-228, -513}, {0xD9, 0x6D, 0xCC, 0xFF}}},
	{{{-1, 53, 23}, 0, {-228, -513}, {0xD9, 0x6D, 0x34, 0xFF}}},
	{{{-34, 25, 9}, 0, {-228, -513}, {0x90, 0x30, 0x23, 0xFF}}},
	{{{-1, 53, 23}, 0, {-228, -513}, {0xD9, 0x6D, 0x34, 0xFF}}},
	{{{-1, 53, -23}, 0, {-228, -513}, {0xD9, 0x6D, 0xCC, 0xFF}}},
	{{{-1, 53, -23}, 0, {-228, -513}, {0xD9, 0x6D, 0xCC, 0xFF}}},
	{{{-34, 25, -9}, 0, {-228, -513}, {0x90, 0x30, 0xDD, 0xFF}}},
	{{{-34, 25, 9}, 0, {-228, -513}, {0x90, 0x30, 0x23, 0xFF}}},
	{{{-34, 25, 9}, 0, {-228, -513}, {0x90, 0x30, 0x23, 0xFF}}},
	{{{9, -2, 70}, 0, {-228, -513}, {0xF9, 0xF3, 0x7E, 0xFF}}},
	{{{-33, -25, 14}, 0, {-228, -513}, {0x93, 0xCB, 0x25, 0xFF}}},
	{{{9, -2, 70}, 0, {-228, -513}, {0xF9, 0xF3, 0x7E, 0xFF}}},
	{{{-34, 25, 9}, 0, {-228, -513}, {0x90, 0x30, 0x23, 0xFF}}},
	{{{-33, -25, 14}, 0, {-228, -513}, {0x93, 0xCB, 0x25, 0xFF}}},
	{{{-34, 25, 9}, 0, {-228, -513}, {0x90, 0x30, 0x23, 0xFF}}},
	{{{-34, 25, -9}, 0, {-228, -513}, {0x90, 0x30, 0xDD, 0xFF}}},
	{{{-34, 25, -9}, 0, {-228, -513}, {0x90, 0x30, 0xDD, 0xFF}}},
	{{{-33, -25, -14}, 0, {-228, -513}, {0x93, 0xCB, 0xDB, 0xFF}}},
	{{{-33, -25, 14}, 0, {-228, -513}, {0x93, 0xCB, 0x25, 0xFF}}},
	{{{23, 3, 62}, 0, {-228, -513}, {0x5C, 0x09, 0x57, 0xFF}}},
	{{{25, -32, 38}, 0, {-228, -513}, {0x55, 0xB2, 0x34, 0xFF}}},
	{{{25, -32, -38}, 0, {-228, -513}, {0x55, 0xB2, 0xCC, 0xFF}}},
	{{{25, 50, -25}, 0, {-228, -513}, {0x53, 0x55, 0xD3, 0xFF}}},
	{{{23, 3, -62}, 0, {-228, -513}, {0x5C, 0x09, 0xA9, 0xFF}}},
	{{{25, 50, 25}, 0, {-228, -513}, {0x53, 0x55, 0x2D, 0xFF}}},
};

Gfx monteman_Metal_Mario_Switch_Option_Butt_mesh_layer_1_tri_0[] = {
	gsSPVertex(monteman_Metal_Mario_Switch_Option_Butt_mesh_layer_1_vtx_0 + 0, 64, 0),
	gsSP2Triangles(0, 1, 2, 0, 3, 4, 5, 0),
	gsSP2Triangles(6, 7, 8, 0, 9, 10, 11, 0),
	gsSP2Triangles(12, 13, 14, 0, 15, 16, 17, 0),
	gsSP2Triangles(18, 19, 20, 0, 21, 22, 23, 0),
	gsSP2Triangles(24, 25, 26, 0, 27, 28, 29, 0),
	gsSP2Triangles(30, 31, 32, 0, 33, 34, 35, 0),
	gsSP2Triangles(36, 37, 38, 0, 39, 40, 41, 0),
	gsSP2Triangles(42, 43, 44, 0, 45, 46, 47, 0),
	gsSP2Triangles(48, 49, 50, 0, 51, 52, 48, 0),
	gsSP2Triangles(53, 54, 55, 0, 56, 57, 58, 0),
	gsSP2Triangles(21, 59, 60, 0, 61, 62, 63, 0),
	gsSPVertex(monteman_Metal_Mario_Switch_Option_Butt_mesh_layer_1_vtx_0 + 64, 12, 0),
	gsSP2Triangles(0, 1, 2, 0, 3, 4, 5, 0),
	gsSP2Triangles(6, 7, 8, 0, 8, 9, 6, 0),
	gsSP2Triangles(8, 10, 9, 0, 9, 11, 6, 0),
	gsSPEndDisplayList(),
};

Vtx monteman_Metal_Mario_Switch_Option_Torso_mesh_layer_1_vtx_0[204] = {
	{{{-43, -32, 38}, 0, {2288, -3591}, {0xAF, 0xAA, 0x2E, 0xFF}}},
	{{{-45, 3, 62}, 0, {3412, -3773}, {0xB1, 0x03, 0x64, 0xFF}}},
	{{{-43, 50, 25}, 0, {1644, -3943}, {0xAD, 0x55, 0x2B, 0xFF}}},
	{{{23, -11, 57}, 0, {3508, -1291}, {0xEB, 0xED, 0x7C, 0xFF}}},
	{{{-45, 3, 62}, 0, {3412, -3773}, {0xB1, 0x04, 0x64, 0xFF}}},
	{{{-43, -32, 38}, 0, {2288, -3591}, {0xAE, 0xAA, 0x2E, 0xFF}}},
	{{{-43, -32, -38}, 0, {-1340, -3727}, {0xAF, 0xAA, 0xD2, 0xFF}}},
	{{{-43, -32, 38}, 0, {2288, -3591}, {0xAF, 0xAA, 0x2E, 0xFF}}},
	{{{-43, 50, -25}, 0, {-784, -4033}, {0xAD, 0x55, 0xD5, 0xFF}}},
	{{{-43, -32, 38}, 0, {2288, -3591}, {0xAE, 0xAA, 0x2E, 0xFF}}},
	{{{-43, -32, -38}, 0, {-1340, -3727}, {0xAE, 0xAA, 0xD2, 0xFF}}},
	{{{25, -40, 0}, 0, {820, -1025}, {0xFE, 0x81, 0x00, 0xFF}}},
	{{{25, -40, 0}, 0, {820, -1025}, {0xFE, 0x81, 0x00, 0xFF}}},
	{{{25, -35, 36}, 0, {2540, -981}, {0xF3, 0x8D, 0x34, 0xFF}}},
	{{{-43, -32, 38}, 0, {2288, -3591}, {0xAE, 0xAA, 0x2E, 0xFF}}},
	{{{23, -11, 57}, 0, {3508, -1291}, {0xEB, 0xED, 0x7C, 0xFF}}},
	{{{-43, -32, 38}, 0, {2288, -3591}, {0xAE, 0xAA, 0x2E, 0xFF}}},
	{{{25, -35, 36}, 0, {2540, -981}, {0xF3, 0x8D, 0x35, 0xFF}}},
	{{{-43, 50, -25}, 0, {-784, -4033}, {0xAD, 0x55, 0xD5, 0xFF}}},
	{{{-43, -32, 38}, 0, {2288, -3591}, {0xAF, 0xAA, 0x2E, 0xFF}}},
	{{{-43, 50, 25}, 0, {1644, -3943}, {0xAD, 0x55, 0x2B, 0xFF}}},
	{{{32, 51, 31}, 0, {2292, -1249}, {0x0E, 0x5F, 0x53, 0xFF}}},
	{{{-43, 50, 25}, 0, {1644, -3943}, {0xAC, 0x55, 0x2B, 0xFF}}},
	{{{-45, 3, 62}, 0, {3412, -3773}, {0xB1, 0x03, 0x64, 0xFF}}},
	{{{32, 51, 31}, 0, {2292, -1249}, {0x0E, 0x5F, 0x53, 0xFF}}},
	{{{-45, 3, 62}, 0, {3412, -3773}, {0xB1, 0x03, 0x64, 0xFF}}},
	{{{23, -11, 57}, 0, {3508, -1291}, {0xEB, 0xED, 0x7C, 0xFF}}},
	{{{25, -35, -36}, 0, {-904, -1111}, {0xF3, 0x8D, 0xCB, 0xFF}}},
	{{{-43, -32, -38}, 0, {-1340, -3727}, {0xAE, 0xAA, 0xD2, 0xFF}}},
	{{{23, -11, -57}, 0, {-1964, -1497}, {0xE7, 0xEB, 0x85, 0xFF}}},
	{{{-43, -32, -38}, 0, {-1340, -3727}, {0xAE, 0xAA, 0xD2, 0xFF}}},
	{{{-45, 3, -62}, 0, {-2524, -3995}, {0xB1, 0x04, 0x9C, 0xFF}}},
	{{{23, -11, -57}, 0, {-1964, -1497}, {0xE7, 0xEB, 0x85, 0xFF}}},
	{{{-43, 50, -25}, 0, {-784, -4033}, {0xAD, 0x55, 0xD5, 0xFF}}},
	{{{-45, 3, -62}, 0, {-2524, -3995}, {0xB1, 0x03, 0x9C, 0xFF}}},
	{{{-43, -32, -38}, 0, {-1340, -3727}, {0xAF, 0xAA, 0xD2, 0xFF}}},
	{{{-43, -32, -38}, 0, {-1340, -3727}, {0xAE, 0xAA, 0xD2, 0xFF}}},
	{{{25, -35, -36}, 0, {-904, -1111}, {0xF3, 0x8D, 0xCC, 0xFF}}},
	{{{25, -40, 0}, 0, {820, -1025}, {0xFE, 0x81, 0x00, 0xFF}}},
	{{{101, -37, 0}, 0, {528, -2935}, {0x56, 0xA2, 0x00, 0xFF}}},
	{{{25, -35, 36}, 0, {-1156, 339}, {0xF3, 0x8D, 0x34, 0xFF}}},
	{{{25, -40, 0}, 0, {-912, 359}, {0xFE, 0x81, 0x00, 0xFF}}},
	{{{25, -40, 0}, 0, {-912, 359}, {0xFE, 0x81, 0x00, 0xFF}}},
	{{{25, -35, -36}, 0, {-1156, 339}, {0xF3, 0x8D, 0xCC, 0xFF}}},
	{{{101, -37, 0}, 0, {528, -2935}, {0x56, 0xA2, 0x00, 0xFF}}},
	{{{62, -43, 43}, 0, {44, -1249}, {0x03, 0x83, 0x18, 0xFF}}},
	{{{25, -35, 36}, 0, {-1156, 339}, {0xF3, 0x8D, 0x35, 0xFF}}},
	{{{101, -37, 0}, 0, {528, -2935}, {0x55, 0xA2, 0x00, 0xFF}}},
	{{{23, -11, 57}, 0, {-2400, 355}, {0xEB, 0xED, 0x7C, 0xFF}}},
	{{{25, -35, 36}, 0, {-1156, 339}, {0xF3, 0x8D, 0x35, 0xFF}}},
	{{{62, -43, 43}, 0, {44, -1249}, {0x03, 0x83, 0x18, 0xFF}}},
	{{{32, 51, 31}, 0, {1440, 527}, {0x0E, 0x5F, 0x53, 0xFF}}},
	{{{23, -11, 57}, 0, {3776, 669}, {0xEB, 0xED, 0x7C, 0xFF}}},
	{{{62, 25, 37}, 0, {1984, -1345}, {0x23, 0x48, 0x62, 0xFF}}},
	{{{60, 7, 68}, 0, {1444, -469}, {0x0F, 0x5E, 0x54, 0xFF}}},
	{{{62, 25, 37}, 0, {-388, -265}, {0x0D, 0x48, 0x68, 0xFF}}},
	{{{23, -11, 57}, 0, {1100, 835}, {0xE1, 0xF9, 0x7B, 0xFF}}},
	{{{60, 7, 68}, 0, {1444, -469}, {0x13, 0x68, 0x47, 0xFF}}},
	{{{23, -11, 57}, 0, {1100, 835}, {0xD7, 0xFE, 0x78, 0xFF}}},
	{{{49, -12, 81}, 0, {2252, -205}, {0xDA, 0x07, 0x79, 0xFF}}},
	{{{49, -12, 81}, 0, {2252, -205}, {0xD9, 0xDD, 0x74, 0xFF}}},
	{{{23, -11, 57}, 0, {1100, 835}, {0xDB, 0xD2, 0x71, 0xFF}}},
	{{{66, -27, 67}, 0, {1348, -481}, {0x20, 0x93, 0x38, 0xFF}}},
	{{{23, -11, 57}, 0, {1100, 835}, {0xF1, 0xFB, 0x7E, 0xFF}}},
	{{{62, -43, 43}, 0, {-84, -269}, {0x0F, 0x8A, 0x2C, 0xFF}}},
	{{{66, -27, 67}, 0, {1348, -481}, {0x1F, 0xAA, 0x58, 0xFF}}},
	{{{32, 61, 0}, 0, {776, -1349}, {0x0B, 0x7E, 0x00, 0xFF}}},
	{{{-43, 50, -25}, 0, {-784, -4033}, {0xAC, 0x55, 0xD5, 0xFF}}},
	{{{-43, 50, 25}, 0, {1644, -3943}, {0xAC, 0x55, 0x2B, 0xFF}}},
	{{{32, 61, 0}, 0, {776, -1349}, {0x0B, 0x7E, 0x00, 0xFF}}},
	{{{32, 51, -31}, 0, {-724, -1361}, {0x0E, 0x5F, 0xAD, 0xFF}}},
	{{{-43, 50, -25}, 0, {-784, -4033}, {0xAC, 0x55, 0xD5, 0xFF}}},
	{{{-45, 3, -62}, 0, {-2524, -3995}, {0xB1, 0x03, 0x9C, 0xFF}}},
	{{{-43, 50, -25}, 0, {-784, -4033}, {0xAC, 0x55, 0xD5, 0xFF}}},
	{{{32, 51, -31}, 0, {-724, -1361}, {0x0E, 0x5F, 0xAD, 0xFF}}},
	{{{-43, 50, 25}, 0, {1644, -3943}, {0xAC, 0x55, 0x2B, 0xFF}}},
	{{{32, 51, 31}, 0, {2292, -1249}, {0x0E, 0x5F, 0x53, 0xFF}}},
	{{{32, 61, 0}, 0, {776, -1349}, {0x0B, 0x7E, 0x00, 0xFF}}},
	{{{32, 61, 0}, 0, {-1424, 597}, {0x0C, 0x7E, 0x00, 0xFF}}},
	{{{32, 51, 31}, 0, {1440, 527}, {0x0E, 0x5F, 0x53, 0xFF}}},
	{{{81, 44, 19}, 0, {296, -2281}, {0x45, 0x5B, 0x38, 0xFF}}},
	{{{81, 44, -19}, 0, {-3144, -2281}, {0x45, 0x5B, 0xC8, 0xFF}}},
	{{{32, 51, -31}, 0, {-4292, 527}, {0x0E, 0x5F, 0xAD, 0xFF}}},
	{{{32, 61, 0}, 0, {-1424, 597}, {0x0C, 0x7E, 0x00, 0xFF}}},
	{{{81, 44, 19}, 0, {296, -2281}, {0x45, 0x5B, 0x38, 0xFF}}},
	{{{81, 44, -19}, 0, {-3144, -2281}, {0x45, 0x5B, 0xC8, 0xFF}}},
	{{{32, 61, 0}, 0, {-1424, 597}, {0x0C, 0x7E, 0x00, 0xFF}}},
	{{{62, 25, 37}, 0, {1984, -1345}, {0x23, 0x48, 0x62, 0xFF}}},
	{{{81, 44, 19}, 0, {296, -2281}, {0x45, 0x5B, 0x38, 0xFF}}},
	{{{32, 51, 31}, 0, {1440, 527}, {0x0E, 0x5F, 0x53, 0xFF}}},
	{{{97, 12, 22}, 0, {1256, -2371}, {0x6B, 0x30, 0x30, 0xFF}}},
	{{{81, 44, 19}, 0, {-460, -3427}, {0x45, 0x5B, 0x38, 0xFF}}},
	{{{62, 25, 37}, 0, {648, -4553}, {0x24, 0x48, 0x62, 0xFF}}},
	{{{81, 44, -19}, 0, {4116, -3713}, {0x45, 0x5B, 0xC8, 0xFF}}},
	{{{81, 44, 19}, 0, {4116, -3713}, {0x45, 0x5B, 0x38, 0xFF}}},
	{{{91, 35, 0}, 0, {4612, -3565}, {0x6B, 0x44, 0x00, 0xFF}}},
	{{{97, 12, 22}, 0, {4940, -3173}, {0x6B, 0x30, 0x30, 0xFF}}},
	{{{91, 35, 0}, 0, {4612, -3565}, {0x6B, 0x44, 0x00, 0xFF}}},
	{{{81, 44, 19}, 0, {4116, -3713}, {0x45, 0x5B, 0x38, 0xFF}}},
	{{{97, 12, 22}, 0, {1256, -2371}, {0x6B, 0x30, 0x30, 0xFF}}},
	{{{62, 25, 37}, 0, {648, -4553}, {0x24, 0x48, 0x62, 0xFF}}},
	{{{97, -15, 43}, 0, {2800, -2363}, {0x71, 0xF1, 0x37, 0xFF}}},
	{{{97, -15, 43}, 0, {4980, -2717}, {0x64, 0xEA, 0x4B, 0xFF}}},
	{{{62, 25, 37}, 0, {3284, -3421}, {0x07, 0x44, 0x6B, 0xFF}}},
	{{{60, 7, 68}, 0, {3708, -3109}, {0x08, 0x56, 0x5D, 0xFF}}},
	{{{97, 12, -22}, 0, {1256, -2371}, {0x6B, 0x30, 0xD0, 0xFF}}},
	{{{91, 35, 0}, 0, {4612, -3565}, {0x6B, 0x44, 0x00, 0xFF}}},
	{{{97, 12, 22}, 0, {1256, -2371}, {0x6B, 0x30, 0x30, 0xFF}}},
	{{{103, -15, -28}, 0, {2776, -1967}, {0x7A, 0xF3, 0xDF, 0xFF}}},
	{{{97, 12, -22}, 0, {1256, -2371}, {0x6B, 0x30, 0xD0, 0xFF}}},
	{{{97, 12, 22}, 0, {1256, -2371}, {0x6B, 0x30, 0x30, 0xFF}}},
	{{{97, 12, 22}, 0, {1256, -2371}, {0x6B, 0x30, 0x30, 0xFF}}},
	{{{103, -15, 28}, 0, {2776, -1967}, {0x7A, 0xF3, 0x21, 0xFF}}},
	{{{103, -15, -28}, 0, {2776, -1967}, {0x7A, 0xF3, 0xDF, 0xFF}}},
	{{{97, -15, 43}, 0, {2800, -2363}, {0x71, 0xF2, 0x37, 0xFF}}},
	{{{103, -15, 28}, 0, {2776, -1967}, {0x7A, 0xF3, 0x21, 0xFF}}},
	{{{97, 12, 22}, 0, {1256, -2371}, {0x6B, 0x30, 0x30, 0xFF}}},
	{{{60, 7, 68}, 0, {3708, -3109}, {0x07, 0x6C, 0x42, 0xFF}}},
	{{{84, -10, 67}, 0, {4652, -2717}, {0x62, 0x22, 0x4A, 0xFF}}},
	{{{97, -15, 43}, 0, {4980, -2717}, {0x68, 0x1D, 0x43, 0xFF}}},
	{{{97, -15, 43}, 0, {4980, -2717}, {0x65, 0x01, 0x4D, 0xFF}}},
	{{{84, -10, 67}, 0, {4652, -2717}, {0x58, 0x0B, 0x5B, 0xFF}}},
	{{{66, -27, 67}, 0, {3796, -2437}, {0x06, 0xAD, 0x60, 0xFF}}},
	{{{66, -27, 67}, 0, {3796, -2437}, {0x06, 0xAF, 0x62, 0xFF}}},
	{{{62, -43, 43}, 0, {3428, -2285}, {0xFA, 0x8D, 0x36, 0xFF}}},
	{{{97, -15, 43}, 0, {4980, -2717}, {0x66, 0x02, 0x4C, 0xFF}}},
	{{{97, -15, 43}, 0, {2800, -2363}, {0x71, 0xF2, 0x37, 0xFF}}},
	{{{62, -43, 43}, 0, {4484, -4461}, {0x02, 0x83, 0x18, 0xFF}}},
	{{{101, -37, 0}, 0, {3976, -2109}, {0x55, 0xA2, 0x00, 0xFF}}},
	{{{101, -37, 0}, 0, {3976, -2109}, {0x56, 0xA2, 0x00, 0xFF}}},
	{{{103, -15, 28}, 0, {2776, -1967}, {0x7A, 0xF3, 0x21, 0xFF}}},
	{{{97, -15, 43}, 0, {2800, -2363}, {0x71, 0xF1, 0x37, 0xFF}}},
	{{{49, -12, 81}, 0, {2252, -205}, {0xE1, 0x01, 0x7B, 0xFF}}},
	{{{84, -10, 67}, 0, {4652, -2717}, {0x64, 0x0E, 0x4D, 0xFF}}},
	{{{60, 7, 68}, 0, {3708, -3109}, {0x0C, 0x64, 0x4E, 0xFF}}},
	{{{49, -12, 81}, 0, {2252, -205}, {0xE2, 0xEB, 0x7A, 0xFF}}},
	{{{66, -27, 67}, 0, {1348, -481}, {0x1F, 0x9B, 0x46, 0xFF}}},
	{{{84, -10, 67}, 0, {4652, -2717}, {0x65, 0xFD, 0x4D, 0xFF}}},
	{{{101, -37, 0}, 0, {528, -2935}, {0x55, 0xA2, 0x00, 0xFF}}},
	{{{25, -35, -36}, 0, {-1156, 339}, {0xF3, 0x8D, 0xCB, 0xFF}}},
	{{{62, -43, -43}, 0, {44, -1249}, {0x06, 0x86, 0xDE, 0xFF}}},
	{{{101, -37, 0}, 0, {3976, -2109}, {0x55, 0xA2, 0x00, 0xFF}}},
	{{{62, -43, -43}, 0, {4484, -4461}, {0x06, 0x86, 0xDE, 0xFF}}},
	{{{97, -15, -43}, 0, {2800, -2363}, {0x6A, 0xF1, 0xBC, 0xFF}}},
	{{{103, -15, 28}, 0, {2776, -1967}, {0x7A, 0xF3, 0x21, 0xFF}}},
	{{{101, -37, 0}, 0, {3976, -2109}, {0x55, 0xA2, 0x00, 0xFF}}},
	{{{103, -15, -28}, 0, {2776, -1967}, {0x7A, 0xF3, 0xDF, 0xFF}}},
	{{{97, -15, -43}, 0, {2800, -2363}, {0x6A, 0xF1, 0xBC, 0xFF}}},
	{{{103, -15, -28}, 0, {2776, -1967}, {0x7A, 0xF3, 0xDF, 0xFF}}},
	{{{101, -37, 0}, 0, {3976, -2109}, {0x56, 0xA2, 0x00, 0xFF}}},
	{{{62, -43, -43}, 0, {44, -1249}, {0x06, 0x86, 0xDE, 0xFF}}},
	{{{25, -35, -36}, 0, {-1156, 339}, {0xF3, 0x8D, 0xCB, 0xFF}}},
	{{{23, -11, -57}, 0, {-2400, 355}, {0xE7, 0xEB, 0x85, 0xFF}}},
	{{{97, -15, -43}, 0, {4980, -2717}, {0x6A, 0xF1, 0xBC, 0xFF}}},
	{{{62, -43, -43}, 0, {3428, -2285}, {0x06, 0x86, 0xDE, 0xFF}}},
	{{{66, -27, -67}, 0, {3796, -2437}, {0x17, 0xA4, 0xAC, 0xFF}}},
	{{{66, -27, -67}, 0, {1348, -481}, {0x17, 0xA4, 0xAC, 0xFF}}},
	{{{62, -43, -43}, 0, {-84, -269}, {0x06, 0x86, 0xDE, 0xFF}}},
	{{{23, -11, -57}, 0, {1100, 835}, {0xE7, 0xEB, 0x85, 0xFF}}},
	{{{97, 12, -22}, 0, {1256, -2371}, {0x6B, 0x30, 0xD0, 0xFF}}},
	{{{103, -15, -28}, 0, {2776, -1967}, {0x7A, 0xF3, 0xDF, 0xFF}}},
	{{{97, -15, -43}, 0, {2800, -2363}, {0x6A, 0xF1, 0xBC, 0xFF}}},
	{{{97, -15, -43}, 0, {2800, -2363}, {0x6A, 0xF1, 0xBC, 0xFF}}},
	{{{62, 25, -37}, 0, {648, -4553}, {0x25, 0x46, 0x9D, 0xFF}}},
	{{{97, 12, -22}, 0, {1256, -2371}, {0x6B, 0x30, 0xD0, 0xFF}}},
	{{{60, 7, -68}, 0, {3708, -3109}, {0x09, 0x60, 0xAE, 0xFF}}},
	{{{62, 25, -37}, 0, {3284, -3421}, {0x25, 0x46, 0x9D, 0xFF}}},
	{{{97, -15, -43}, 0, {4980, -2717}, {0x6A, 0xF1, 0xBC, 0xFF}}},
	{{{97, -15, -43}, 0, {4980, -2717}, {0x6A, 0xF1, 0xBC, 0xFF}}},
	{{{84, -10, -67}, 0, {4652, -2717}, {0x60, 0x15, 0xAF, 0xFF}}},
	{{{60, 7, -68}, 0, {3708, -3109}, {0x09, 0x60, 0xAE, 0xFF}}},
	{{{66, -27, -67}, 0, {3796, -2437}, {0x17, 0xA4, 0xAC, 0xFF}}},
	{{{84, -10, -67}, 0, {4652, -2717}, {0x60, 0x16, 0xB0, 0xFF}}},
	{{{97, -15, -43}, 0, {4980, -2717}, {0x6A, 0xF1, 0xBC, 0xFF}}},
	{{{62, 25, -37}, 0, {648, -4553}, {0x25, 0x46, 0x9D, 0xFF}}},
	{{{81, 44, -19}, 0, {-460, -3427}, {0x45, 0x5B, 0xC8, 0xFF}}},
	{{{97, 12, -22}, 0, {1256, -2371}, {0x6B, 0x30, 0xD0, 0xFF}}},
	{{{81, 44, -19}, 0, {4116, -3713}, {0x45, 0x5B, 0xC8, 0xFF}}},
	{{{91, 35, 0}, 0, {4612, -3565}, {0x6B, 0x44, 0x00, 0xFF}}},
	{{{97, 12, -22}, 0, {4940, -3173}, {0x6B, 0x30, 0xD0, 0xFF}}},
	{{{62, 25, -37}, 0, {-4836, -1345}, {0x25, 0x46, 0x9D, 0xFF}}},
	{{{23, -11, -57}, 0, {-6628, 669}, {0xE7, 0xEB, 0x85, 0xFF}}},
	{{{32, 51, -31}, 0, {-4292, 527}, {0x0E, 0x5F, 0xAD, 0xFF}}},
	{{{23, -11, -57}, 0, {1100, 835}, {0xE7, 0xEB, 0x85, 0xFF}}},
	{{{62, 25, -37}, 0, {-388, -265}, {0x25, 0x46, 0x9D, 0xFF}}},
	{{{60, 7, -68}, 0, {1444, -469}, {0x0A, 0x60, 0xAE, 0xFF}}},
	{{{32, 51, -31}, 0, {-4292, 527}, {0x0E, 0x5F, 0xAD, 0xFF}}},
	{{{81, 44, -19}, 0, {-3144, -2281}, {0x45, 0x5B, 0xC8, 0xFF}}},
	{{{62, 25, -37}, 0, {-4836, -1345}, {0x25, 0x46, 0x9D, 0xFF}}},
	{{{49, -12, -81}, 0, {2252, -205}, {0xDB, 0xF2, 0x87, 0xFF}}},
	{{{23, -11, -57}, 0, {1100, 835}, {0xE7, 0xEB, 0x85, 0xFF}}},
	{{{60, 7, -68}, 0, {1444, -469}, {0x0A, 0x60, 0xAE, 0xFF}}},
	{{{84, -10, -67}, 0, {4652, -2717}, {0x60, 0x16, 0xB0, 0xFF}}},
	{{{49, -12, -81}, 0, {2252, -205}, {0xDB, 0xF2, 0x87, 0xFF}}},
	{{{60, 7, -68}, 0, {3708, -3109}, {0x0A, 0x60, 0xAE, 0xFF}}},
	{{{84, -10, -67}, 0, {4652, -2717}, {0x60, 0x16, 0xB0, 0xFF}}},
	{{{66, -27, -67}, 0, {3796, -2437}, {0x17, 0xA4, 0xAC, 0xFF}}},
	{{{49, -12, -81}, 0, {2252, -205}, {0xDB, 0xF2, 0x87, 0xFF}}},
	{{{66, -27, -67}, 0, {1348, -481}, {0x17, 0xA4, 0xAC, 0xFF}}},
	{{{23, -11, -57}, 0, {1100, 835}, {0xE7, 0xEB, 0x85, 0xFF}}},
	{{{49, -12, -81}, 0, {2252, -205}, {0xDB, 0xF2, 0x87, 0xFF}}},
	{{{23, -11, -57}, 0, {-1964, -1497}, {0xE7, 0xEB, 0x85, 0xFF}}},
	{{{-45, 3, -62}, 0, {-2524, -3995}, {0xB1, 0x03, 0x9C, 0xFF}}},
	{{{32, 51, -31}, 0, {-724, -1361}, {0x0E, 0x5F, 0xAD, 0xFF}}},
};

Gfx monteman_Metal_Mario_Switch_Option_Torso_mesh_layer_1_tri_0[] = {
	gsSPVertex(monteman_Metal_Mario_Switch_Option_Torso_mesh_layer_1_vtx_0 + 0, 63, 0),
	gsSP2Triangles(0, 1, 2, 0, 3, 4, 5, 0),
	gsSP2Triangles(6, 7, 8, 0, 9, 10, 11, 0),
	gsSP2Triangles(12, 13, 14, 0, 15, 16, 17, 0),
	gsSP2Triangles(18, 19, 20, 0, 21, 22, 23, 0),
	gsSP2Triangles(24, 25, 26, 0, 27, 28, 29, 0),
	gsSP2Triangles(30, 31, 32, 0, 33, 34, 35, 0),
	gsSP2Triangles(36, 37, 38, 0, 39, 40, 41, 0),
	gsSP2Triangles(42, 43, 44, 0, 45, 46, 47, 0),
	gsSP2Triangles(48, 49, 50, 0, 51, 52, 53, 0),
	gsSP2Triangles(54, 55, 56, 0, 57, 58, 59, 0),
	gsSP1Triangle(60, 61, 62, 0),
	gsSPVertex(monteman_Metal_Mario_Switch_Option_Torso_mesh_layer_1_vtx_0 + 63, 63, 0),
	gsSP2Triangles(0, 1, 2, 0, 3, 4, 5, 0),
	gsSP2Triangles(6, 7, 8, 0, 9, 10, 11, 0),
	gsSP2Triangles(12, 13, 14, 0, 15, 16, 17, 0),
	gsSP2Triangles(18, 19, 20, 0, 21, 22, 23, 0),
	gsSP2Triangles(24, 25, 26, 0, 27, 28, 29, 0),
	gsSP2Triangles(30, 31, 32, 0, 33, 34, 35, 0),
	gsSP2Triangles(36, 37, 38, 0, 39, 40, 41, 0),
	gsSP2Triangles(42, 43, 44, 0, 45, 46, 47, 0),
	gsSP2Triangles(48, 49, 50, 0, 51, 52, 53, 0),
	gsSP2Triangles(54, 55, 56, 0, 57, 58, 59, 0),
	gsSP1Triangle(60, 61, 62, 0),
	gsSPVertex(monteman_Metal_Mario_Switch_Option_Torso_mesh_layer_1_vtx_0 + 126, 63, 0),
	gsSP2Triangles(0, 1, 2, 0, 3, 4, 5, 0),
	gsSP2Triangles(6, 7, 8, 0, 9, 10, 11, 0),
	gsSP2Triangles(12, 13, 14, 0, 15, 16, 17, 0),
	gsSP2Triangles(18, 19, 20, 0, 21, 22, 23, 0),
	gsSP2Triangles(24, 25, 26, 0, 27, 28, 29, 0),
	gsSP2Triangles(30, 31, 32, 0, 33, 34, 35, 0),
	gsSP2Triangles(36, 37, 38, 0, 39, 40, 41, 0),
	gsSP2Triangles(42, 43, 44, 0, 45, 46, 47, 0),
	gsSP2Triangles(48, 49, 50, 0, 51, 52, 53, 0),
	gsSP2Triangles(54, 55, 56, 0, 57, 58, 59, 0),
	gsSP1Triangle(60, 61, 62, 0),
	gsSPVertex(monteman_Metal_Mario_Switch_Option_Torso_mesh_layer_1_vtx_0 + 189, 15, 0),
	gsSP2Triangles(0, 1, 2, 0, 3, 4, 5, 0),
	gsSP2Triangles(6, 7, 8, 0, 9, 10, 11, 0),
	gsSP1Triangle(12, 13, 14, 0),
	gsSPEndDisplayList(),
};

Vtx monteman_Metal_Mario_Switch_Option_Head_DL_mesh_layer_1_vtx_0[448] = {
	{{{56, 29, -66}, 0, {3620, 1167}, {0xF9, 0x15, 0x83, 0xFF}}},
	{{{126, 29, -66}, 0, {4140, 407}, {0x07, 0x0E, 0x82, 0xFF}}},
	{{{106, 20, -60}, 0, {3844, 487}, {0x01, 0xE1, 0x85, 0xFF}}},
	{{{78, 39, -49}, 0, {3628, 1071}, {0xEA, 0x36, 0x8F, 0xFF}}},
	{{{126, 29, -66}, 0, {4140, 407}, {0x07, 0x0E, 0x82, 0xFF}}},
	{{{56, 29, -66}, 0, {3620, 1167}, {0xF9, 0x14, 0x83, 0xFF}}},
	{{{160, 67, -39}, 0, {5044, 587}, {0x3B, 0x3A, 0xA0, 0xFF}}},
	{{{126, 29, -66}, 0, {4140, 407}, {0x07, 0x0E, 0x82, 0xFF}}},
	{{{123, 50, -55}, 0, {4236, 727}, {0xFE, 0x32, 0x8B, 0xFF}}},
	{{{123, 50, -55}, 0, {4236, 727}, {0xFE, 0x32, 0x8B, 0xFF}}},
	{{{126, 29, -66}, 0, {4140, 407}, {0x07, 0x0E, 0x82, 0xFF}}},
	{{{78, 39, -49}, 0, {3628, 1071}, {0xEB, 0x36, 0x8F, 0xFF}}},
	{{{106, 20, -60}, 0, {3844, 487}, {0x01, 0xE1, 0x85, 0xFF}}},
	{{{126, 29, -66}, 0, {4140, 407}, {0x07, 0x0E, 0x82, 0xFF}}},
	{{{94, -12, -49}, 0, {3508, 151}, {0xEA, 0xB4, 0x9C, 0xFF}}},
	{{{129, -43, -47}, 0, {3556, -673}, {0x08, 0xAF, 0x9E, 0xFF}}},
	{{{94, -12, -49}, 0, {3508, 151}, {0xEA, 0xB4, 0x9C, 0xFF}}},
	{{{126, 29, -66}, 0, {4140, 407}, {0x07, 0x0E, 0x82, 0xFF}}},
	{{{160, 67, -39}, 0, {5044, 587}, {0x3C, 0x39, 0xA0, 0xFF}}},
	{{{178, 21, -40}, 0, {4772, -281}, {0x6A, 0x00, 0xBA, 0xFF}}},
	{{{126, 29, -66}, 0, {4140, 407}, {0x07, 0x0E, 0x82, 0xFF}}},
	{{{178, 21, -40}, 0, {4772, -281}, {0x6A, 0x00, 0xBA, 0xFF}}},
	{{{123, 50, -55}, 0, {8572, 791}, {0xFE, 0x32, 0x8B, 0xFF}}},
	{{{119, 86, -44}, 0, {3636, 2875}, {0x02, 0x4F, 0x9C, 0xFF}}},
	{{{160, 67, -39}, 0, {236, -533}, {0x3C, 0x3A, 0xA0, 0xFF}}},
	{{{168, 76, 0}, 0, {-236, -469}, {0x67, 0x4A, 0x00, 0xFF}}},
	{{{160, 67, -39}, 0, {8900, -441}, {0x3C, 0x3A, 0xA0, 0xFF}}},
	{{{137, 85, -39}, 0, {8916, 1839}, {0x2F, 0x66, 0xC5, 0xFF}}},
	{{{119, 86, -44}, 0, {3636, 2875}, {0x02, 0x4F, 0x9C, 0xFF}}},
	{{{137, 85, -39}, 0, {1044, 1751}, {0x2F, 0x66, 0xC5, 0xFF}}},
	{{{160, 67, -39}, 0, {236, -533}, {0x3C, 0x3A, 0xA0, 0xFF}}},
	{{{178, 21, -40}, 0, {4772, -281}, {0x6A, 0x00, 0xBA, 0xFF}}},
	{{{160, 67, -39}, 0, {5044, 587}, {0x3B, 0x3A, 0xA0, 0xFF}}},
	{{{168, 76, 0}, 0, {6012, 627}, {0x68, 0x49, 0x00, 0xFF}}},
	{{{178, 21, -40}, 0, {4772, -281}, {0x6A, 0x00, 0xBA, 0xFF}}},
	{{{177, -31, 0}, 0, {2940, -1025}, {0x6C, 0xBD, 0x00, 0xFF}}},
	{{{129, -43, -47}, 0, {3556, -673}, {0x08, 0xAF, 0x9E, 0xFF}}},
	{{{177, -31, 0}, 0, {2940, -1025}, {0x6C, 0xBD, 0x00, 0xFF}}},
	{{{178, 21, -40}, 0, {4772, -281}, {0x6A, 0x00, 0xBA, 0xFF}}},
	{{{185, 21, 0}, 0, {6012, -361}, {0x7F, 0x09, 0x00, 0xFF}}},
	{{{168, 76, 0}, 0, {6012, 627}, {0x68, 0x49, 0x00, 0xFF}}},
	{{{185, 21, 0}, 0, {6012, -361}, {0x7F, 0x0A, 0x00, 0xFF}}},
	{{{178, 21, -40}, 0, {4772, -281}, {0x6A, 0x00, 0xBA, 0xFF}}},
	{{{185, 21, 0}, 0, {6012, -361}, {0x7F, 0x09, 0x00, 0xFF}}},
	{{{178, 21, 40}, 0, {1100, -281}, {0x6A, 0x00, 0x46, 0xFF}}},
	{{{177, -31, 0}, 0, {2940, -1025}, {0x6C, 0xBD, 0x00, 0xFF}}},
	{{{178, 21, 40}, 0, {1100, -281}, {0x6A, 0x00, 0x46, 0xFF}}},
	{{{185, 21, 0}, 0, {-132, -361}, {0x7F, 0x0A, 0x00, 0xFF}}},
	{{{168, 76, 0}, 0, {-132, 627}, {0x68, 0x49, 0x00, 0xFF}}},
	{{{168, 76, 0}, 0, {-236, -469}, {0x67, 0x4A, 0x00, 0xFF}}},
	{{{137, 85, -39}, 0, {8916, 1839}, {0x2F, 0x66, 0xC5, 0xFF}}},
	{{{138, 99, 0}, 0, {-140, 2511}, {0x24, 0x7A, 0x00, 0xFF}}},
	{{{138, 99, 0}, 0, {-140, 2511}, {0x24, 0x7A, 0x00, 0xFF}}},
	{{{137, 85, 39}, 0, {8916, 1839}, {0x2F, 0x66, 0x3B, 0xFF}}},
	{{{168, 76, 0}, 0, {-236, -469}, {0x67, 0x4A, 0x00, 0xFF}}},
	{{{137, 85, 39}, 0, {8916, 1839}, {0x2F, 0x66, 0x3B, 0xFF}}},
	{{{160, 67, 39}, 0, {8900, -441}, {0x3C, 0x3A, 0x60, 0xFF}}},
	{{{168, 76, 0}, 0, {-236, -469}, {0x67, 0x4A, 0x00, 0xFF}}},
	{{{168, 76, 0}, 0, {-132, 627}, {0x68, 0x49, 0x00, 0xFF}}},
	{{{160, 67, 39}, 0, {828, 587}, {0x3B, 0x3A, 0x60, 0xFF}}},
	{{{178, 21, 40}, 0, {1100, -281}, {0x6A, 0x00, 0x46, 0xFF}}},
	{{{129, -65, 0}, 0, {2940, -1001}, {0x11, 0x82, 0x00, 0xFF}}},
	{{{129, -43, -47}, 0, {3556, -673}, {0x08, 0xAF, 0x9E, 0xFF}}},
	{{{177, -31, 0}, 0, {2940, -1025}, {0x6C, 0xBD, 0x00, 0xFF}}},
	{{{129, -43, 47}, 0, {2316, -673}, {0x08, 0xAF, 0x62, 0xFF}}},
	{{{129, -65, 0}, 0, {2940, -1001}, {0x11, 0x82, 0x00, 0xFF}}},
	{{{177, -31, 0}, 0, {2940, -1025}, {0x6C, 0xBD, 0x00, 0xFF}}},
	{{{129, -43, 47}, 0, {2316, -673}, {0x08, 0xAF, 0x62, 0xFF}}},
	{{{177, -31, 0}, 0, {2940, -1025}, {0x6C, 0xBD, 0x00, 0xFF}}},
	{{{178, 21, 40}, 0, {1100, -281}, {0x6A, 0x00, 0x46, 0xFF}}},
	{{{56, 29, 66}, 0, {2252, 1167}, {0xF9, 0x14, 0x7D, 0xFF}}},
	{{{29, 18, 53}, 0, {2492, 1299}, {0xF1, 0xB1, 0x62, 0xFF}}},
	{{{106, 20, 60}, 0, {2028, 487}, {0x01, 0xE1, 0x7B, 0xFF}}},
	{{{-3, 32, 54}, 0, {2540, 1855}, {0xE8, 0x10, 0x7C, 0xFF}}},
	{{{29, 18, 53}, 0, {2492, 1299}, {0xF1, 0xB1, 0x62, 0xFF}}},
	{{{56, 29, 66}, 0, {2252, 1167}, {0xF9, 0x15, 0x7D, 0xFF}}},
	{{{56, 29, 66}, 0, {2252, 1167}, {0xF9, 0x14, 0x7D, 0xFF}}},
	{{{32, 43, 49}, 0, {2460, 1635}, {0xFE, 0x64, 0x4E, 0xFF}}},
	{{{-3, 32, 54}, 0, {2540, 1855}, {0xE7, 0x10, 0x7C, 0xFF}}},
	{{{78, 39, 49}, 0, {2244, 1071}, {0xEB, 0x36, 0x71, 0xFF}}},
	{{{32, 43, 49}, 0, {2460, 1635}, {0xFE, 0x64, 0x4E, 0xFF}}},
	{{{56, 29, 66}, 0, {2252, 1167}, {0xF9, 0x14, 0x7D, 0xFF}}},
	{{{56, 29, 66}, 0, {2252, 1167}, {0xF9, 0x14, 0x7D, 0xFF}}},
	{{{126, 29, 66}, 0, {1732, 407}, {0x07, 0x0E, 0x7E, 0xFF}}},
	{{{78, 39, 49}, 0, {2244, 1071}, {0xEB, 0x36, 0x71, 0xFF}}},
	{{{106, 20, 60}, 0, {2028, 487}, {0x01, 0xE1, 0x7B, 0xFF}}},
	{{{126, 29, 66}, 0, {1732, 407}, {0x07, 0x0E, 0x7E, 0xFF}}},
	{{{56, 29, 66}, 0, {2252, 1167}, {0xF9, 0x15, 0x7D, 0xFF}}},
	{{{129, -43, 47}, 0, {2316, -673}, {0x08, 0xAF, 0x62, 0xFF}}},
	{{{178, 21, 40}, 0, {1100, -281}, {0x6A, 0x00, 0x46, 0xFF}}},
	{{{126, 29, 66}, 0, {1732, 407}, {0x07, 0x0E, 0x7E, 0xFF}}},
	{{{126, 29, 66}, 0, {1732, 407}, {0x07, 0x0E, 0x7E, 0xFF}}},
	{{{178, 21, 40}, 0, {1100, -281}, {0x6A, 0x00, 0x46, 0xFF}}},
	{{{160, 67, 39}, 0, {828, 587}, {0x3C, 0x39, 0x60, 0xFF}}},
	{{{160, 67, 39}, 0, {236, -533}, {0x3C, 0x3A, 0x60, 0xFF}}},
	{{{137, 85, 39}, 0, {1044, 1751}, {0x2F, 0x66, 0x3B, 0xFF}}},
	{{{119, 86, 44}, 0, {3636, 2875}, {0x02, 0x4F, 0x64, 0xFF}}},
	{{{160, 67, 39}, 0, {236, -533}, {0x3C, 0x3A, 0x60, 0xFF}}},
	{{{119, 86, 44}, 0, {3636, 2875}, {0x02, 0x4F, 0x64, 0xFF}}},
	{{{123, 50, 55}, 0, {8572, 791}, {0xFE, 0x32, 0x75, 0xFF}}},
	{{{123, 50, 55}, 0, {1636, 727}, {0xFE, 0x32, 0x75, 0xFF}}},
	{{{126, 29, 66}, 0, {1732, 407}, {0x07, 0x0E, 0x7E, 0xFF}}},
	{{{160, 67, 39}, 0, {828, 587}, {0x3B, 0x3A, 0x60, 0xFF}}},
	{{{94, -12, 49}, 0, {2364, 151}, {0xEA, 0xB4, 0x64, 0xFF}}},
	{{{126, 29, 66}, 0, {1732, 407}, {0x07, 0x0E, 0x7E, 0xFF}}},
	{{{106, 20, 60}, 0, {2028, 487}, {0x01, 0xE1, 0x7B, 0xFF}}},
	{{{126, 29, 66}, 0, {1732, 407}, {0x07, 0x0E, 0x7E, 0xFF}}},
	{{{94, -12, 49}, 0, {2364, 151}, {0xEA, 0xB4, 0x64, 0xFF}}},
	{{{129, -43, 47}, 0, {2316, -673}, {0x08, 0xAF, 0x62, 0xFF}}},
	{{{78, 39, 49}, 0, {2244, 1071}, {0xEB, 0x36, 0x71, 0xFF}}},
	{{{126, 29, 66}, 0, {1732, 407}, {0x07, 0x0E, 0x7E, 0xFF}}},
	{{{123, 50, 55}, 0, {1636, 727}, {0xFE, 0x32, 0x75, 0xFF}}},
	{{{119, 86, -44}, 0, {9140, -4077}, {0x02, 0x4F, 0x9D, 0xFF}}},
	{{{123, 50, -55}, 0, {9348, -3549}, {0xFE, 0x32, 0x8B, 0xFF}}},
	{{{78, 39, -49}, 0, {7692, -3421}, {0xEB, 0x36, 0x8F, 0xFF}}},
	{{{106, 20, -60}, 0, {-212, -505}, {0x02, 0xDC, 0x86, 0xFF}}},
	{{{114, -20, -90}, 0, {3052, -265}, {0xF2, 0xA9, 0xA4, 0xFF}}},
	{{{72, 7, -54}, 0, {388, 759}, {0xCA, 0xEC, 0x8F, 0xFF}}},
	{{{114, -20, -90}, 0, {9132, -2553}, {0xF3, 0xAC, 0xA2, 0xFF}}},
	{{{94, -12, -49}, 0, {8380, -2681}, {0xEC, 0xB4, 0x9D, 0xFF}}},
	{{{72, 7, -54}, 0, {7516, -2969}, {0xCB, 0xF0, 0x8E, 0xFF}}},
	{{{106, 20, -60}, 0, {8764, -3137}, {0x03, 0xDD, 0x86, 0xFF}}},
	{{{94, -12, -49}, 0, {8380, -2681}, {0xEC, 0xB3, 0x9D, 0xFF}}},
	{{{114, -20, -90}, 0, {9132, -2553}, {0xF2, 0xAB, 0xA3, 0xFF}}},
	{{{113, 101, -6}, 0, {-100, 549}, {0x19, 0x7A, 0xE9, 0xFF}}},
	{{{137, 85, -39}, 0, {1872, -511}, {0x2E, 0x66, 0xC5, 0xFF}}},
	{{{119, 86, -44}, 0, {1892, 555}, {0x02, 0x4F, 0x9D, 0xFF}}},
	{{{86, 96, -12}, 0, {-276, 991}, {0x06, 0x6B, 0xBB, 0xFF}}},
	{{{113, 101, -6}, 0, {-932, -297}, {0x03, 0x55, 0xA2, 0xFF}}},
	{{{119, 86, -44}, 0, {2884, -587}, {0x02, 0x4F, 0x9D, 0xFF}}},
	{{{119, 86, -44}, 0, {2884, -587}, {0x02, 0x4F, 0x9D, 0xFF}}},
	{{{72, 82, -41}, 0, {2668, 1707}, {0xF3, 0x4C, 0x9B, 0xFF}}},
	{{{86, 96, -12}, 0, {-276, 991}, {0x06, 0x6B, 0xBB, 0xFF}}},
	{{{78, 39, -49}, 0, {7692, -3421}, {0xEB, 0x36, 0x8F, 0xFF}}},
	{{{72, 82, -41}, 0, {7404, -4049}, {0xF3, 0x4C, 0x9B, 0xFF}}},
	{{{119, 86, -44}, 0, {9140, -4077}, {0x02, 0x4F, 0x9D, 0xFF}}},
	{{{72, 82, -41}, 0, {-686, -359}, {0xF3, 0x4C, 0x9B, 0xFF}}},
	{{{19, 105, -18}, 0, {146, 2049}, {0xCF, 0x4F, 0xA9, 0xFF}}},
	{{{86, 96, -12}, 0, {360, -1009}, {0x07, 0x6A, 0xBB, 0xFF}}},
	{{{72, 82, -41}, 0, {7404, -4049}, {0xF3, 0x4C, 0x9B, 0xFF}}},
	{{{78, 39, -49}, 0, {7692, -3421}, {0xEA, 0x36, 0x8F, 0xFF}}},
	{{{19, 105, -18}, 0, {5428, -4413}, {0xCF, 0x4F, 0xAA, 0xFF}}},
	{{{56, 29, -66}, 0, {3620, 1167}, {0xF9, 0x14, 0x83, 0xFF}}},
	{{{32, 43, -49}, 0, {3412, 1635}, {0xFE, 0x64, 0xB2, 0xFF}}},
	{{{78, 39, -49}, 0, {3628, 1071}, {0xEB, 0x36, 0x8F, 0xFF}}},
	{{{78, 39, -49}, 0, {7692, -3421}, {0xEB, 0x36, 0x8F, 0xFF}}},
	{{{72, 7, -54}, 0, {7516, -2969}, {0xC8, 0xF1, 0x8F, 0xFF}}},
	{{{19, 105, -18}, 0, {5428, -4413}, {0xCF, 0x4F, 0xAA, 0xFF}}},
	{{{106, 20, -60}, 0, {8764, -3137}, {0x01, 0xE1, 0x85, 0xFF}}},
	{{{72, 7, -54}, 0, {7516, -2969}, {0xC8, 0xF1, 0x8F, 0xFF}}},
	{{{78, 39, -49}, 0, {7692, -3421}, {0xEB, 0x36, 0x8F, 0xFF}}},
	{{{106, 20, -60}, 0, {3844, 487}, {0x01, 0xE1, 0x85, 0xFF}}},
	{{{29, 18, -53}, 0, {3380, 1299}, {0xF1, 0xB1, 0x9E, 0xFF}}},
	{{{56, 29, -66}, 0, {3620, 1167}, {0xF9, 0x14, 0x83, 0xFF}}},
	{{{138, 99, 0}, 0, {-108, -969}, {0x24, 0x7A, 0x00, 0xFF}}},
	{{{137, 85, -39}, 0, {1872, -511}, {0x2E, 0x66, 0xC5, 0xFF}}},
	{{{113, 101, -6}, 0, {-100, 549}, {0x19, 0x7A, 0xE9, 0xFF}}},
	{{{113, 101, 6}, 0, {-100, 549}, {0x19, 0x7A, 0x17, 0xFF}}},
	{{{137, 85, 39}, 0, {1872, -511}, {0x2E, 0x66, 0x3B, 0xFF}}},
	{{{138, 99, 0}, 0, {-108, -969}, {0x24, 0x7A, 0x00, 0xFF}}},
	{{{138, 99, 0}, 0, {9796, -4261}, {0x24, 0x7A, 0x00, 0xFF}}},
	{{{113, 101, 0}, 0, {8868, -4301}, {0x26, 0x79, 0x00, 0xFF}}},
	{{{113, 101, 6}, 0, {8868, -4301}, {0x19, 0x7A, 0x16, 0xFF}}},
	{{{113, 101, -6}, 0, {8868, -4301}, {0x19, 0x7A, 0xEA, 0xFF}}},
	{{{138, 99, 0}, 0, {9796, -4261}, {0x24, 0x7A, 0x00, 0xFF}}},
	{{{119, 86, 44}, 0, {1892, 555}, {0x02, 0x4F, 0x63, 0xFF}}},
	{{{137, 85, 39}, 0, {1872, -511}, {0x2E, 0x66, 0x3B, 0xFF}}},
	{{{113, 101, 6}, 0, {-100, 549}, {0x19, 0x7A, 0x17, 0xFF}}},
	{{{119, 86, 44}, 0, {2884, -587}, {0x02, 0x4F, 0x63, 0xFF}}},
	{{{113, 101, 6}, 0, {-932, -297}, {0x03, 0x55, 0x5E, 0xFF}}},
	{{{86, 96, 12}, 0, {-276, 991}, {0x06, 0x6B, 0x45, 0xFF}}},
	{{{91, 112, 6}, 0, {8052, -4477}, {0x3A, 0x71, 0x00, 0xFF}}},
	{{{113, 101, 6}, 0, {8868, -4301}, {0x1A, 0x7A, 0x16, 0xFF}}},
	{{{113, 101, 0}, 0, {8868, -4301}, {0x27, 0x79, 0x00, 0xFF}}},
	{{{91, 112, 6}, 0, {8052, -4477}, {0x13, 0x25, 0x78, 0xFF}}},
	{{{86, 96, 12}, 0, {7908, -4237}, {0x06, 0x6B, 0x45, 0xFF}}},
	{{{113, 101, 6}, 0, {8868, -4301}, {0x03, 0x55, 0x5E, 0xFF}}},
	{{{86, 96, 12}, 0, {1230, -1009}, {0x07, 0x6A, 0x45, 0xFF}}},
	{{{19, 105, 18}, 0, {1444, 2049}, {0xCF, 0x4F, 0x57, 0xFF}}},
	{{{72, 82, 41}, 0, {2278, -359}, {0xF3, 0x4C, 0x65, 0xFF}}},
	{{{19, 105, 18}, 0, {1444, 2049}, {0xCF, 0x4F, 0x57, 0xFF}}},
	{{{86, 96, 12}, 0, {1230, -1009}, {0x07, 0x6B, 0x45, 0xFF}}},
	{{{81, 101, 0}, 0, {796, -753}, {0x10, 0x7E, 0x00, 0xFF}}},
	{{{86, 96, 12}, 0, {-276, 991}, {0x06, 0x6A, 0x45, 0xFF}}},
	{{{72, 82, 41}, 0, {2668, 1707}, {0xF3, 0x4C, 0x65, 0xFF}}},
	{{{119, 86, 44}, 0, {2884, -587}, {0x02, 0x4F, 0x63, 0xFF}}},
	{{{91, 112, 6}, 0, {-1004, -137}, {0x9E, 0x48, 0x24, 0xFF}}},
	{{{81, 101, 0}, 0, {724, 651}, {0x97, 0x47, 0x00, 0xFF}}},
	{{{86, 96, 12}, 0, {1252, 59}, {0xA2, 0x33, 0x44, 0xFF}}},
	{{{119, 86, 44}, 0, {9140, -4077}, {0x02, 0x4F, 0x63, 0xFF}}},
	{{{72, 82, 41}, 0, {7404, -4049}, {0xF3, 0x4C, 0x65, 0xFF}}},
	{{{78, 39, 49}, 0, {7692, -3421}, {0xEB, 0x36, 0x71, 0xFF}}},
	{{{19, 105, 18}, 0, {5428, -4413}, {0xCF, 0x4F, 0x56, 0xFF}}},
	{{{78, 39, 49}, 0, {7692, -3421}, {0xEA, 0x36, 0x71, 0xFF}}},
	{{{72, 82, 41}, 0, {7404, -4049}, {0xF3, 0x4C, 0x65, 0xFF}}},
	{{{81, 101, 0}, 0, {796, -753}, {0x10, 0x7E, 0x00, 0xFF}}},
	{{{86, 96, -12}, 0, {360, -1009}, {0x07, 0x6B, 0xBB, 0xFF}}},
	{{{19, 105, -18}, 0, {146, 2049}, {0xCF, 0x4F, 0xA9, 0xFF}}},
	{{{113, 101, -6}, 0, {8868, -4301}, {0x03, 0x55, 0xA2, 0xFF}}},
	{{{86, 96, -12}, 0, {7908, -4237}, {0x06, 0x6B, 0xBB, 0xFF}}},
	{{{91, 112, -6}, 0, {8052, -4477}, {0x13, 0x25, 0x88, 0xFF}}},
	{{{86, 96, -12}, 0, {1252, 59}, {0xA2, 0x33, 0xBC, 0xFF}}},
	{{{81, 101, 0}, 0, {724, 651}, {0x97, 0x47, 0x00, 0xFF}}},
	{{{91, 112, -6}, 0, {-1004, -137}, {0x9E, 0x48, 0xDC, 0xFF}}},
	{{{113, 101, 0}, 0, {8868, -4301}, {0x27, 0x79, 0x00, 0xFF}}},
	{{{113, 101, -6}, 0, {8868, -4301}, {0x1A, 0x7A, 0xEA, 0xFF}}},
	{{{91, 112, -6}, 0, {8052, -4477}, {0x3A, 0x71, 0x00, 0xFF}}},
	{{{72, 7, 54}, 0, {388, 759}, {0xCA, 0xEC, 0x71, 0xFF}}},
	{{{114, -20, 90}, 0, {3052, -265}, {0xF2, 0xA9, 0x5C, 0xFF}}},
	{{{106, 20, 60}, 0, {-212, -505}, {0x02, 0xDC, 0x7A, 0xFF}}},
	{{{78, 39, 49}, 0, {7692, -3421}, {0xEB, 0x36, 0x71, 0xFF}}},
	{{{72, 7, 54}, 0, {7516, -2969}, {0xC8, 0xF1, 0x71, 0xFF}}},
	{{{106, 20, 60}, 0, {8764, -3137}, {0x01, 0xE1, 0x7B, 0xFF}}},
	{{{114, -20, 90}, 0, {9132, -2553}, {0xF2, 0xAB, 0x5D, 0xFF}}},
	{{{94, -12, 49}, 0, {8380, -2681}, {0xEC, 0xB3, 0x63, 0xFF}}},
	{{{106, 20, 60}, 0, {8764, -3137}, {0x03, 0xDD, 0x7A, 0xFF}}},
	{{{72, 7, 54}, 0, {7516, -2969}, {0xCB, 0xF0, 0x72, 0xFF}}},
	{{{94, -12, 49}, 0, {8380, -2681}, {0xEC, 0xB3, 0x63, 0xFF}}},
	{{{114, -20, 90}, 0, {9132, -2553}, {0xF3, 0xAC, 0x5E, 0xFF}}},
	{{{19, 105, -18}, 0, {146, 2049}, {0xCF, 0x4F, 0xAA, 0xFF}}},
	{{{19, 105, 18}, 0, {1444, 2049}, {0xCF, 0x4F, 0x56, 0xFF}}},
	{{{81, 101, 0}, 0, {796, -753}, {0x10, 0x7E, 0x00, 0xFF}}},
	{{{91, 112, 6}, 0, {-1004, -137}, {0x9E, 0x49, 0x23, 0xFF}}},
	{{{91, 112, -6}, 0, {-1004, -137}, {0x9E, 0x49, 0xDD, 0xFF}}},
	{{{81, 101, 0}, 0, {724, 651}, {0x97, 0x48, 0x00, 0xFF}}},
	{{{91, 112, -6}, 0, {8052, -4477}, {0x3A, 0x71, 0x00, 0xFF}}},
	{{{91, 112, 6}, 0, {8052, -4477}, {0x3A, 0x71, 0x00, 0xFF}}},
	{{{113, 101, 0}, 0, {8868, -4301}, {0x27, 0x79, 0x00, 0xFF}}},
	{{{78, 39, 49}, 0, {7692, -3421}, {0xEB, 0x36, 0x71, 0xFF}}},
	{{{123, 50, 55}, 0, {9348, -3549}, {0xFE, 0x32, 0x75, 0xFF}}},
	{{{119, 86, 44}, 0, {9140, -4077}, {0x02, 0x4F, 0x63, 0xFF}}},
	{{{19, 105, 18}, 0, {5428, -4413}, {0xCF, 0x4F, 0x56, 0xFF}}},
	{{{72, 7, 54}, 0, {7516, -2969}, {0xC8, 0xF1, 0x71, 0xFF}}},
	{{{78, 39, 49}, 0, {7692, -3421}, {0xEB, 0x36, 0x71, 0xFF}}},
	{{{48, -35, 0}, 0, {2940, 311}, {0x07, 0x81, 0x00, 0xFF}}},
	{{{129, -43, -47}, 0, {3556, -673}, {0x09, 0xAF, 0x9E, 0xFF}}},
	{{{129, -65, 0}, 0, {2940, -1001}, {0x11, 0x82, 0x00, 0xFF}}},
	{{{48, -35, 0}, 0, {2940, 311}, {0x08, 0x81, 0x00, 0xFF}}},
	{{{50, -16, -29}, 0, {3180, 575}, {0x00, 0xBD, 0x94, 0xFF}}},
	{{{129, -43, -47}, 0, {3556, -673}, {0x08, 0xAF, 0x9E, 0xFF}}},
	{{{94, -12, -49}, 0, {3508, 151}, {0xE9, 0xB4, 0x9D, 0xFF}}},
	{{{129, -43, -47}, 0, {3556, -673}, {0x08, 0xAF, 0x9E, 0xFF}}},
	{{{50, -16, -29}, 0, {3180, 575}, {0x00, 0xBD, 0x94, 0xFF}}},
	{{{129, -43, 47}, 0, {2316, -673}, {0x08, 0xAF, 0x62, 0xFF}}},
	{{{50, -16, 29}, 0, {2692, 575}, {0x00, 0xBD, 0x6C, 0xFF}}},
	{{{48, -35, 0}, 0, {2940, 311}, {0x08, 0x81, 0x00, 0xFF}}},
	{{{50, -16, 29}, 0, {2692, 575}, {0x00, 0xBD, 0x6C, 0xFF}}},
	{{{129, -43, 47}, 0, {2316, -673}, {0x08, 0xAF, 0x62, 0xFF}}},
	{{{94, -12, 49}, 0, {2364, 151}, {0xE9, 0xB4, 0x63, 0xFF}}},
	{{{48, -35, 0}, 0, {2940, 311}, {0x07, 0x81, 0x00, 0xFF}}},
	{{{129, -65, 0}, 0, {2940, -1001}, {0x11, 0x82, 0x00, 0xFF}}},
	{{{129, -43, 47}, 0, {2316, -673}, {0x08, 0xAF, 0x62, 0xFF}}},
	{{{50, -16, -29}, 0, {6764, -2653}, {0x00, 0xBD, 0x94, 0xFF}}},
	{{{72, 7, -54}, 0, {7516, -2969}, {0xC8, 0xF1, 0x8F, 0xFF}}},
	{{{94, -12, -49}, 0, {8380, -2681}, {0xE9, 0xB4, 0x9D, 0xFF}}},
	{{{-6, 45, 0}, 0, {4612, -3565}, {0x63, 0x50, 0x00, 0xFF}}},
	{{{19, 105, 18}, 0, {5428, -4413}, {0xCF, 0x4F, 0x56, 0xFF}}},
	{{{19, 105, -18}, 0, {5428, -4413}, {0xCF, 0x4F, 0xAA, 0xFF}}},
	{{{2, 18, -22}, 0, {4940, -3173}, {0x45, 0x32, 0xA2, 0xFF}}},
	{{{-6, 45, 0}, 0, {4612, -3565}, {0x63, 0x50, 0x00, 0xFF}}},
	{{{19, 105, -18}, 0, {5428, -4413}, {0xCF, 0x4F, 0xAA, 0xFF}}},
	{{{19, 105, -18}, 0, {5428, -4413}, {0xCF, 0x4F, 0xAA, 0xFF}}},
	{{{72, 7, -54}, 0, {7516, -2969}, {0xC8, 0xF1, 0x8F, 0xFF}}},
	{{{2, 18, -22}, 0, {4940, -3173}, {0x45, 0x32, 0xA2, 0xFF}}},
	{{{2, 18, -22}, 0, {4940, -3173}, {0x45, 0x32, 0xA2, 0xFF}}},
	{{{72, 7, -54}, 0, {7516, -2969}, {0xC8, 0xF1, 0x8F, 0xFF}}},
	{{{50, -16, -29}, 0, {6764, -2653}, {0x00, 0xBD, 0x94, 0xFF}}},
	{{{94, -12, 49}, 0, {8380, -2681}, {0xE9, 0xB4, 0x63, 0xFF}}},
	{{{72, 7, 54}, 0, {7516, -2969}, {0xC8, 0xF1, 0x71, 0xFF}}},
	{{{50, -16, 29}, 0, {6764, -2653}, {0x00, 0xBD, 0x6C, 0xFF}}},
	{{{50, -16, 29}, 0, {6764, -2653}, {0x00, 0xBD, 0x6C, 0xFF}}},
	{{{72, 7, 54}, 0, {7516, -2969}, {0xC8, 0xF1, 0x71, 0xFF}}},
	{{{2, 18, 22}, 0, {4940, -3173}, {0x45, 0x32, 0x5E, 0xFF}}},
	{{{2, 18, 22}, 0, {4940, -3173}, {0x45, 0x32, 0x5E, 0xFF}}},
	{{{72, 7, 54}, 0, {7516, -2969}, {0xC8, 0xF1, 0x71, 0xFF}}},
	{{{19, 105, 18}, 0, {5428, -4413}, {0xCF, 0x4F, 0x56, 0xFF}}},
	{{{19, 105, 18}, 0, {5428, -4413}, {0xCF, 0x4F, 0x56, 0xFF}}},
	{{{-6, 45, 0}, 0, {4612, -3565}, {0x63, 0x50, 0x00, 0xFF}}},
	{{{2, 18, 22}, 0, {4940, -3173}, {0x45, 0x32, 0x5E, 0xFF}}},
	{{{50, -16, -29}, 0, {3180, 575}, {0x00, 0xBC, 0x94, 0xFF}}},
	{{{48, -35, 0}, 0, {2940, 311}, {0x07, 0x81, 0x00, 0xFF}}},
	{{{6, -38, 0}, 0, {2940, 735}, {0x1D, 0x84, 0x00, 0xFF}}},
	{{{6, -38, 0}, 0, {2940, 735}, {0x1D, 0x84, 0x00, 0xFF}}},
	{{{48, -35, 0}, 0, {2940, 311}, {0x07, 0x81, 0x00, 0xFF}}},
	{{{50, -16, 29}, 0, {2692, 575}, {0x00, 0xBC, 0x6C, 0xFF}}},
	{{{2, 18, -22}, 0, {4940, -3173}, {0x46, 0x32, 0xA2, 0xFF}}},
	{{{50, -16, -29}, 0, {6764, -2653}, {0x00, 0xBC, 0x94, 0xFF}}},
	{{{10, -13, -28}, 0, {5276, -2713}, {0x40, 0xDE, 0x98, 0xFF}}},
	{{{6, -38, 0}, 0, {5188, -2361}, {0x1D, 0x84, 0x00, 0xFF}}},
	{{{10, -13, -28}, 0, {5276, -2713}, {0x40, 0xDE, 0x98, 0xFF}}},
	{{{50, -16, -29}, 0, {6764, -2653}, {0x00, 0xBC, 0x94, 0xFF}}},
	{{{10, -13, 28}, 0, {5276, -2713}, {0x92, 0x36, 0x20, 0xFF}}},
	{{{2, 18, 22}, 0, {4940, -3173}, {0xE9, 0x7D, 0x06, 0xFF}}},
	{{{10, -13, -28}, 0, {5276, -2713}, {0xAD, 0xA1, 0x12, 0xFF}}},
	{{{2, 18, -22}, 0, {4940, -3173}, {0xE9, 0x7D, 0xFA, 0xFF}}},
	{{{2, 18, 22}, 0, {4940, -3173}, {0xE9, 0x7D, 0x06, 0xFF}}},
	{{{10, -13, -28}, 0, {5276, -2713}, {0xAD, 0xA1, 0x12, 0xFF}}},
	{{{6, -38, 0}, 0, {5188, -2361}, {0xBA, 0xAC, 0x40, 0xFF}}},
	{{{10, -13, 28}, 0, {5276, -2713}, {0x91, 0x36, 0x20, 0xFF}}},
	{{{50, -16, 29}, 0, {6764, -2653}, {0x00, 0xBC, 0x6C, 0xFF}}},
	{{{10, -13, 28}, 0, {5276, -2713}, {0x40, 0xDE, 0x68, 0xFF}}},
	{{{6, -38, 0}, 0, {5188, -2361}, {0x1D, 0x84, 0x00, 0xFF}}},
	{{{10, -13, 28}, 0, {5276, -2713}, {0x40, 0xDE, 0x68, 0xFF}}},
	{{{50, -16, 29}, 0, {6764, -2653}, {0x00, 0xBC, 0x6C, 0xFF}}},
	{{{2, 18, 22}, 0, {4940, -3173}, {0x46, 0x32, 0x5E, 0xFF}}},
	{{{-6, 45, 0}, 0, {4612, -3565}, {0x58, 0xBA, 0xC5, 0xFF}}},
	{{{2, 18, -22}, 0, {4940, -3173}, {0xE9, 0x7D, 0xFA, 0xFF}}},
	{{{2, 18, 22}, 0, {4940, -3173}, {0xE9, 0x7D, 0x06, 0xFF}}},
	{{{56, 29, -66}, 0, {3620, 1167}, {0xF9, 0x15, 0x83, 0xFF}}},
	{{{29, 18, -53}, 0, {3380, 1299}, {0xF1, 0xB1, 0x9E, 0xFF}}},
	{{{-3, 32, -54}, 0, {3332, 1855}, {0xE8, 0x10, 0x84, 0xFF}}},
	{{{-3, 32, -54}, 0, {3332, 1855}, {0xE7, 0x10, 0x84, 0xFF}}},
	{{{32, 43, -49}, 0, {3412, 1635}, {0xFE, 0x64, 0xB2, 0xFF}}},
	{{{56, 29, -66}, 0, {3620, 1167}, {0xF9, 0x14, 0x83, 0xFF}}},
	{{{201, -8, -17}, 0, {-260, 495}, {0x0F, 0xBC, 0x96, 0xFF}}},
	{{{205, 23, 0}, 0, {1788, 495}, {0x22, 0x7A, 0x00, 0xFF}}},
	{{{318, -8, 0}, 0, {764, -529}, {0x7E, 0xF4, 0x00, 0xFF}}},
	{{{205, 23, 0}, 0, {-260, 495}, {0x22, 0x7A, 0x00, 0xFF}}},
	{{{201, -8, 16}, 0, {1788, 495}, {0x0F, 0xBC, 0x6A, 0xFF}}},
	{{{318, -8, 0}, 0, {764, -529}, {0x7E, 0xF4, 0x00, 0xFF}}},
	{{{201, -8, 16}, 0, {-260, 495}, {0x0F, 0xBC, 0x6A, 0xFF}}},
	{{{201, -8, -17}, 0, {1788, 495}, {0x0F, 0xBC, 0x96, 0xFF}}},
	{{{318, -8, 0}, 0, {764, -529}, {0x7E, 0xF4, 0x00, 0xFF}}},
	{{{98, 94, -74}, 0, {-392, 103}, {0x2C, 0x51, 0xA9, 0xFF}}},
	{{{30, 24, -123}, 0, {-783, 1011}, {0x24, 0xFB, 0x86, 0xFF}}},
	{{{40, 113, -87}, 0, {-775, 1010}, {0x2D, 0x51, 0xA9, 0xFF}}},
	{{{89, 18, -105}, 0, {-1325, 111}, {0x22, 0xFC, 0x86, 0xFF}}},
	{{{174, 69, -60}, 0, {34, -1080}, {0x3E, 0x4B, 0xAE, 0xFF}}},
	{{{177, 94, 0}, 0, {1871, -1083}, {0x43, 0x6C, 0x00, 0xFF}}},
	{{{102, 126, 0}, 0, {1871, 100}, {0x32, 0x75, 0x00, 0xFF}}},
	{{{45, 150, 0}, 0, {1871, 1009}, {0x31, 0x75, 0x00, 0xFF}}},
	{{{40, 113, 87}, 0, {-767, 1010}, {0x2D, 0x51, 0x57, 0xFF}}},
	{{{98, 94, 74}, 0, {-384, 103}, {0x2C, 0x51, 0x57, 0xFF}}},
	{{{30, 24, 123}, 0, {-791, 1011}, {0x24, 0xFB, 0x7A, 0xFF}}},
	{{{89, 18, 105}, 0, {-1333, 111}, {0x22, 0xFC, 0x7A, 0xFF}}},
	{{{20, -66, 87}, 0, {-1892, 1012}, {0x1D, 0xA7, 0x56, 0xFF}}},
	{{{80, -58, 74}, 0, {-2275, 118}, {0x1B, 0xA7, 0x57, 0xFF}}},
	{{{16, -103, 0}, 0, {-4529, 1013}, {0x1A, 0x84, 0x00, 0xFF}}},
	{{{76, -90, 0}, 0, {-4529, 121}, {0x1A, 0x84, 0x00, 0xFF}}},
	{{{80, -58, -74}, 0, {-2267, 118}, {0x1B, 0xA7, 0xA9, 0xFF}}},
	{{{20, -66, -87}, 0, {-1884, 1012}, {0x1D, 0xA7, 0xAA, 0xFF}}},
	{{{167, 10, -85}, 0, {-1927, -1074}, {0x34, 0xFB, 0x8C, 0xFF}}},
	{{{190, 58, -51}, 0, {310, -1346}, {0x5E, 0x37, 0xBF, 0xFF}}},
	{{{192, 79, 0}, 0, {1871, -1346}, {0x61, 0x52, 0x00, 0xFF}}},
	{{{174, 69, 60}, 0, {42, -1080}, {0x3E, 0x4B, 0x52, 0xFF}}},
	{{{167, 10, 85}, 0, {-1935, -1074}, {0x34, 0xFB, 0x74, 0xFF}}},
	{{{159, -49, 60}, 0, {-2701, -1068}, {0x2C, 0xA9, 0x52, 0xFF}}},
	{{{157, -73, 0}, 0, {-4529, -1066}, {0x29, 0x88, 0x00, 0xFF}}},
	{{{159, -49, -60}, 0, {-2693, -1068}, {0x2C, 0xA9, 0xAE, 0xFF}}},
	{{{184, 8, -72}, 0, {-2316, -1345}, {0x56, 0xF6, 0xA3, 0xFF}}},
	{{{203, 43, -37}, 0, {733, -1568}, {0x72, 0x21, 0xD3, 0xFF}}},
	{{{205, 58, 0}, 0, {1871, -1570}, {0x74, 0x34, 0x00, 0xFF}}},
	{{{190, 58, 51}, 0, {318, -1346}, {0x5E, 0x37, 0x41, 0xFF}}},
	{{{184, 8, 72}, 0, {-2324, -1345}, {0x56, 0xF6, 0x5D, 0xFF}}},
	{{{178, -42, 51}, 0, {-2976, -1345}, {0x4E, 0xB4, 0x41, 0xFF}}},
	{{{176, -63, 0}, 0, {-4529, -1344}, {0x4A, 0x99, 0x00, 0xFF}}},
	{{{178, -42, -51}, 0, {-2969, -1345}, {0x4E, 0xB4, 0xBF, 0xFF}}},
	{{{199, 6, -53}, 0, {-2915, -1564}, {0x6D, 0xF3, 0xC1, 0xFF}}},
	{{{218, 4, 0}, 0, {-4529, -1864}, {0x7E, 0xF1, 0x00, 0xFF}}},
	{{{203, 43, 37}, 0, {741, -1568}, {0x72, 0x21, 0x2D, 0xFF}}},
	{{{199, 6, 53}, 0, {-2923, -1564}, {0x6D, 0xF3, 0x3F, 0xFF}}},
	{{{194, -30, 37}, 0, {-3399, -1560}, {0x68, 0xC6, 0x2C, 0xFF}}},
	{{{192, -45, 0}, 0, {-4529, -1559}, {0x66, 0xB4, 0x00, 0xFF}}},
	{{{194, -30, -37}, 0, {-3392, -1560}, {0x68, 0xC6, 0xD4, 0xFF}}},
	{{{102, 116, 34}, 0, {-260, 495}, {0x06, 0xC0, 0x6E, 0xFF}}},
	{{{122, 111, 25}, 0, {-260, 495}, {0x55, 0xC4, 0x49, 0xFF}}},
	{{{127, 137, 41}, 0, {-260, 495}, {0x4D, 0xDF, 0x60, 0xFF}}},
	{{{142, 136, 0}, 0, {-260, 495}, {0x7C, 0xE4, 0xFF, 0xFF}}},
	{{{133, 113, 0}, 0, {-260, 495}, {0x76, 0xD2, 0xFF, 0xFF}}},
	{{{122, 111, -24}, 0, {-260, 495}, {0x54, 0xC4, 0xB6, 0xFF}}},
	{{{127, 137, -40}, 0, {-260, 495}, {0x4C, 0xDF, 0xA0, 0xFF}}},
	{{{102, 116, -33}, 0, {-260, 495}, {0x06, 0xC0, 0x92, 0xFF}}},
	{{{100, 138, -45}, 0, {-260, 495}, {0xFE, 0xE2, 0x85, 0xFF}}},
	{{{72, 139, -40}, 0, {-260, 495}, {0xAF, 0xE9, 0xA1, 0xFF}}},
	{{{77, 119, -30}, 0, {-260, 495}, {0xB5, 0xC5, 0xAD, 0xFF}}},
	{{{57, 140, 0}, 0, {-260, 495}, {0x83, 0xEC, 0xFE, 0xFF}}},
	{{{66, 117, 0}, 0, {-260, 495}, {0x8A, 0xD2, 0xFF, 0xFF}}},
	{{{77, 119, 31}, 0, {-260, 495}, {0xB4, 0xC5, 0x53, 0xFF}}},
	{{{77, 119, 31}, 0, {-260, 495}, {0xB4, 0xC5, 0x53, 0xFF}}},
	{{{72, 139, 41}, 0, {-260, 495}, {0xB0, 0xE7, 0x60, 0xFF}}},
	{{{57, 140, 0}, 0, {-260, 495}, {0x83, 0xEC, 0xFE, 0xFF}}},
	{{{102, 116, 34}, 0, {-260, 495}, {0x06, 0xC0, 0x6E, 0xFF}}},
	{{{100, 138, 46}, 0, {-260, 495}, {0xFE, 0xE2, 0x7B, 0xFF}}},
	{{{127, 137, 41}, 0, {-260, 495}, {0x4D, 0xDF, 0x60, 0xFF}}},
	{{{129, 170, 41}, 0, {-260, 495}, {0x49, 0x39, 0x58, 0xFF}}},
	{{{142, 136, 0}, 0, {-260, 495}, {0x7C, 0xE4, 0xFF, 0xFF}}},
	{{{144, 169, 0}, 0, {-260, 495}, {0x78, 0x29, 0x00, 0xFF}}},
	{{{127, 137, -40}, 0, {-260, 495}, {0x4C, 0xDF, 0xA0, 0xFF}}},
	{{{129, 170, -40}, 0, {-260, 495}, {0x48, 0x38, 0xA8, 0xFF}}},
	{{{100, 138, -45}, 0, {-260, 495}, {0xFE, 0xE2, 0x85, 0xFF}}},
	{{{103, 171, -45}, 0, {-260, 495}, {0x03, 0x43, 0x94, 0xFF}}},
	{{{77, 172, -40}, 0, {-260, 495}, {0xC2, 0x42, 0xA7, 0xFF}}},
	{{{72, 139, -40}, 0, {-260, 495}, {0xAF, 0xE9, 0xA1, 0xFF}}},
	{{{58, 173, 0}, 0, {-260, 495}, {0x90, 0x3C, 0xFE, 0xFF}}},
	{{{77, 172, 41}, 0, {-260, 495}, {0xC3, 0x43, 0x59, 0xFF}}},
	{{{103, 171, 46}, 0, {-260, 495}, {0x03, 0x44, 0x6B, 0xFF}}},
	{{{126, 187, 0}, 0, {-260, 495}, {0x2F, 0x76, 0x00, 0xFF}}},
	{{{85, 189, 0}, 0, {-260, 495}, {0xE5, 0x7C, 0x00, 0xFF}}},
	{{{309, -8, 47}, 0, {-260, 495}, {0x59, 0xD4, 0x4F, 0xFF}}},
	{{{319, -8, 0}, 0, {-260, 495}, {0x6D, 0xD5, 0xD0, 0xFF}}},
	{{{340, 16, 25}, 0, {-260, 495}, {0x7F, 0x03, 0x02, 0xFF}}},
	{{{309, 34, 0}, 0, {-260, 495}, {0x55, 0x4E, 0xCB, 0xFF}}},
	{{{303, 58, 66}, 0, {-260, 495}, {0x4E, 0x4B, 0x43, 0xFF}}},
	{{{274, 67, 21}, 0, {-260, 495}, {0x30, 0x75, 0xF9, 0xFF}}},
	{{{226, 72, 49}, 0, {-260, 495}, {0x16, 0x7D, 0xFB, 0xFF}}},
	{{{202, 81, 93}, 0, {-260, 495}, {0x29, 0x57, 0x53, 0xFF}}},
	{{{228, 38, 84}, 0, {-260, 495}, {0x1D, 0x02, 0x7C, 0xFF}}},
	{{{275, 11, 80}, 0, {-260, 495}, {0x34, 0x03, 0x74, 0xFF}}},
	{{{309, -8, -48}, 0, {-260, 495}, {0x59, 0xD4, 0xB1, 0xFF}}},
	{{{340, 16, -25}, 0, {-260, 495}, {0x7F, 0x03, 0xFE, 0xFF}}},
	{{{319, -8, 0}, 0, {-260, 495}, {0x6D, 0xD5, 0x30, 0xFF}}},
	{{{303, 58, -66}, 0, {-260, 495}, {0x4E, 0x4B, 0xBD, 0xFF}}},
	{{{275, 11, -80}, 0, {-260, 495}, {0x34, 0x03, 0x8C, 0xFF}}},
	{{{228, 38, -84}, 0, {-260, 495}, {0x1D, 0x02, 0x84, 0xFF}}},
	{{{202, 81, -93}, 0, {-260, 495}, {0x29, 0x57, 0xAD, 0xFF}}},
	{{{226, 72, -49}, 0, {-260, 495}, {0x16, 0x7D, 0x05, 0xFF}}},
	{{{274, 67, -22}, 0, {-260, 495}, {0x30, 0x75, 0x07, 0xFF}}},
	{{{309, 34, 0}, 0, {-260, 495}, {0x55, 0x4E, 0x35, 0xFF}}},
	{{{309, -8, 47}, 0, {-260, 495}, {0x59, 0x2C, 0x4F, 0xFF}}},
	{{{340, -32, 25}, 0, {-260, 495}, {0x7F, 0xFD, 0x02, 0xFF}}},
	{{{319, -8, 0}, 0, {-260, 495}, {0x6D, 0x2B, 0xD0, 0xFF}}},
	{{{303, -75, 66}, 0, {-260, 495}, {0x4E, 0xB5, 0x43, 0xFF}}},
	{{{275, -28, 80}, 0, {-260, 495}, {0x34, 0xFD, 0x74, 0xFF}}},
	{{{228, -54, 84}, 0, {-260, 495}, {0x1D, 0xFE, 0x7C, 0xFF}}},
	{{{202, -97, 93}, 0, {-260, 495}, {0x29, 0xA9, 0x53, 0xFF}}},
	{{{226, -88, 49}, 0, {-260, 495}, {0x16, 0x83, 0xFB, 0xFF}}},
	{{{274, -84, 21}, 0, {-260, 495}, {0x30, 0x8B, 0xF9, 0xFF}}},
	{{{309, -51, 0}, 0, {-260, 495}, {0x55, 0xB2, 0xCB, 0xFF}}},
	{{{309, -8, -48}, 0, {-260, 495}, {0x59, 0x2C, 0xB1, 0xFF}}},
	{{{319, -8, 0}, 0, {-260, 495}, {0x6D, 0x2B, 0x30, 0xFF}}},
	{{{340, -32, -25}, 0, {-260, 495}, {0x7F, 0xFD, 0xFE, 0xFF}}},
	{{{309, -51, 0}, 0, {-260, 495}, {0x55, 0xB2, 0x35, 0xFF}}},
	{{{303, -75, -66}, 0, {-260, 495}, {0x4E, 0xB5, 0xBD, 0xFF}}},
	{{{274, -84, -22}, 0, {-260, 495}, {0x30, 0x8B, 0x07, 0xFF}}},
	{{{226, -88, -49}, 0, {-260, 495}, {0x16, 0x83, 0x05, 0xFF}}},
	{{{202, -97, -93}, 0, {-260, 495}, {0x29, 0xA9, 0xAD, 0xFF}}},
	{{{228, -54, -84}, 0, {-260, 495}, {0x1D, 0xFE, 0x84, 0xFF}}},
	{{{275, -28, -80}, 0, {-260, 495}, {0x34, 0xFD, 0x8C, 0xFF}}},
	{{{-23, -73, 34}, 0, {-260, 495}, {0x0E, 0xF5, 0x7E, 0x00}}},
	{{{-40, -39, 0}, 0, {-260, 495}, {0xCB, 0x74, 0x00, 0x00}}},
	{{{-138, -104, 0}, 0, {-260, 495}, {0x86, 0xDE, 0x00, 0x00}}},
	{{{61, -11, 0}, 0, {-260, 495}, {0x6A, 0x46, 0x00, 0x00}}},
	{{{61, -11, 0}, 0, {-260, 495}, {0x6A, 0x46, 0x00, 0x00}}},
	{{{-23, -73, 34}, 0, {-260, 495}, {0x0E, 0xF5, 0x7E, 0x00}}},
	{{{-23, -107, 0}, 0, {-260, 495}, {0x2B, 0x89, 0x00, 0x00}}},
	{{{-138, -104, 0}, 0, {-260, 495}, {0x86, 0xDE, 0x00, 0x00}}},
	{{{-23, -73, -34}, 0, {-260, 495}, {0x0E, 0xF5, 0x82, 0x00}}},
	{{{-40, -39, 0}, 0, {-260, 495}, {0xCB, 0x74, 0x00, 0x00}}},
};

Gfx monteman_Metal_Mario_Switch_Option_Head_DL_mesh_layer_1_tri_0[] = {
	gsSPVertex(monteman_Metal_Mario_Switch_Option_Head_DL_mesh_layer_1_vtx_0 + 0, 64, 0),
	gsSP2Triangles(0, 1, 2, 0, 3, 4, 5, 0),
	gsSP2Triangles(6, 7, 8, 0, 9, 10, 11, 0),
	gsSP2Triangles(12, 13, 14, 0, 15, 16, 17, 0),
	gsSP2Triangles(18, 19, 20, 0, 4, 21, 15, 0),
	gsSP2Triangles(22, 23, 24, 0, 25, 26, 27, 0),
	gsSP2Triangles(28, 29, 30, 0, 31, 32, 33, 0),
	gsSP2Triangles(34, 35, 36, 0, 37, 38, 39, 0),
	gsSP2Triangles(40, 41, 42, 0, 43, 44, 45, 0),
	gsSP2Triangles(46, 47, 48, 0, 49, 50, 51, 0),
	gsSP2Triangles(52, 53, 54, 0, 55, 56, 57, 0),
	gsSP2Triangles(58, 59, 60, 0, 61, 62, 63, 0),
	gsSPVertex(monteman_Metal_Mario_Switch_Option_Head_DL_mesh_layer_1_vtx_0 + 64, 63, 0),
	gsSP2Triangles(0, 1, 2, 0, 3, 4, 5, 0),
	gsSP2Triangles(6, 7, 8, 0, 9, 10, 11, 0),
	gsSP2Triangles(12, 13, 14, 0, 15, 16, 17, 0),
	gsSP2Triangles(18, 19, 20, 0, 21, 22, 23, 0),
	gsSP2Triangles(24, 25, 26, 0, 27, 28, 29, 0),
	gsSP2Triangles(30, 31, 32, 0, 33, 34, 35, 0),
	gsSP2Triangles(36, 37, 38, 0, 39, 40, 41, 0),
	gsSP2Triangles(42, 43, 44, 0, 45, 46, 47, 0),
	gsSP2Triangles(48, 49, 50, 0, 51, 52, 53, 0),
	gsSP2Triangles(54, 55, 56, 0, 57, 58, 59, 0),
	gsSP1Triangle(60, 61, 62, 0),
	gsSPVertex(monteman_Metal_Mario_Switch_Option_Head_DL_mesh_layer_1_vtx_0 + 127, 62, 0),
	gsSP2Triangles(0, 1, 2, 0, 3, 4, 5, 0),
	gsSP2Triangles(6, 7, 8, 0, 9, 10, 11, 0),
	gsSP2Triangles(12, 13, 14, 0, 15, 16, 17, 0),
	gsSP2Triangles(18, 19, 20, 0, 21, 22, 23, 0),
	gsSP2Triangles(24, 25, 26, 0, 27, 28, 29, 0),
	gsSP2Triangles(30, 31, 32, 0, 33, 34, 35, 0),
	gsSP2Triangles(36, 34, 37, 0, 38, 39, 40, 0),
	gsSP2Triangles(41, 42, 43, 0, 44, 45, 46, 0),
	gsSP2Triangles(47, 48, 49, 0, 50, 51, 52, 0),
	gsSP2Triangles(53, 54, 55, 0, 56, 57, 58, 0),
	gsSP1Triangle(59, 60, 61, 0),
	gsSPVertex(monteman_Metal_Mario_Switch_Option_Head_DL_mesh_layer_1_vtx_0 + 189, 63, 0),
	gsSP2Triangles(0, 1, 2, 0, 3, 4, 5, 0),
	gsSP2Triangles(6, 7, 8, 0, 9, 10, 11, 0),
	gsSP2Triangles(12, 13, 14, 0, 15, 16, 17, 0),
	gsSP2Triangles(18, 19, 20, 0, 21, 22, 23, 0),
	gsSP2Triangles(24, 25, 26, 0, 27, 28, 29, 0),
	gsSP2Triangles(30, 31, 32, 0, 33, 34, 35, 0),
	gsSP2Triangles(36, 37, 38, 0, 39, 40, 41, 0),
	gsSP2Triangles(42, 43, 44, 0, 45, 46, 47, 0),
	gsSP2Triangles(48, 49, 50, 0, 51, 52, 53, 0),
	gsSP2Triangles(54, 55, 56, 0, 57, 58, 59, 0),
	gsSP1Triangle(60, 61, 62, 0),
	gsSPVertex(monteman_Metal_Mario_Switch_Option_Head_DL_mesh_layer_1_vtx_0 + 252, 62, 0),
	gsSP2Triangles(0, 1, 2, 0, 3, 4, 5, 0),
	gsSP2Triangles(6, 7, 8, 0, 9, 10, 11, 0),
	gsSP2Triangles(12, 13, 14, 0, 15, 16, 17, 0),
	gsSP2Triangles(18, 19, 20, 0, 21, 22, 23, 0),
	gsSP2Triangles(24, 25, 26, 0, 27, 28, 29, 0),
	gsSP2Triangles(30, 31, 32, 0, 33, 34, 35, 0),
	gsSP2Triangles(36, 37, 38, 0, 39, 40, 41, 0),
	gsSP2Triangles(42, 41, 43, 0, 44, 45, 46, 0),
	gsSP2Triangles(47, 48, 49, 0, 50, 51, 52, 0),
	gsSP2Triangles(53, 54, 55, 0, 56, 57, 58, 0),
	gsSP1Triangle(59, 60, 61, 0),
	gsSPVertex(monteman_Metal_Mario_Switch_Option_Head_DL_mesh_layer_1_vtx_0 + 314, 64, 0),
	gsSP2Triangles(0, 1, 2, 0, 3, 4, 5, 0),
	gsSP2Triangles(6, 7, 8, 0, 9, 10, 11, 0),
	gsSP2Triangles(12, 10, 9, 0, 13, 12, 9, 0),
	gsSP2Triangles(14, 13, 9, 0, 15, 14, 9, 0),
	gsSP2Triangles(15, 9, 11, 0, 16, 15, 11, 0),
	gsSP2Triangles(16, 17, 15, 0, 18, 15, 17, 0),
	gsSP2Triangles(18, 17, 19, 0, 20, 18, 19, 0),
	gsSP2Triangles(19, 21, 20, 0, 20, 21, 22, 0),
	gsSP2Triangles(21, 23, 22, 0, 22, 23, 24, 0),
	gsSP2Triangles(25, 24, 23, 0, 26, 25, 23, 0),
	gsSP2Triangles(12, 25, 26, 0, 10, 12, 26, 0),
	gsSP2Triangles(25, 12, 27, 0, 27, 12, 13, 0),
	gsSP2Triangles(28, 27, 13, 0, 28, 13, 29, 0),
	gsSP2Triangles(29, 13, 14, 0, 29, 14, 30, 0),
	gsSP2Triangles(30, 14, 18, 0, 14, 15, 18, 0),
	gsSP2Triangles(30, 18, 20, 0, 31, 30, 20, 0),
	gsSP2Triangles(22, 31, 20, 0, 31, 22, 32, 0),
	gsSP2Triangles(32, 22, 24, 0, 32, 24, 33, 0),
	gsSP2Triangles(34, 33, 24, 0, 34, 24, 25, 0),
	gsSP2Triangles(27, 34, 25, 0, 35, 34, 27, 0),
	gsSP2Triangles(35, 27, 28, 0, 36, 35, 28, 0),
	gsSP2Triangles(36, 28, 37, 0, 37, 28, 29, 0),
	gsSP2Triangles(37, 29, 38, 0, 38, 29, 30, 0),
	gsSP2Triangles(38, 30, 31, 0, 39, 38, 31, 0),
	gsSP2Triangles(39, 31, 32, 0, 39, 32, 40, 0),
	gsSP2Triangles(40, 32, 33, 0, 41, 40, 33, 0),
	gsSP2Triangles(41, 33, 42, 0, 42, 33, 34, 0),
	gsSP2Triangles(35, 42, 34, 0, 43, 42, 35, 0),
	gsSP2Triangles(43, 35, 36, 0, 44, 43, 36, 0),
	gsSP2Triangles(44, 36, 37, 0, 44, 37, 45, 0),
	gsSP2Triangles(45, 37, 38, 0, 45, 38, 39, 0),
	gsSP2Triangles(46, 45, 39, 0, 46, 39, 40, 0),
	gsSP2Triangles(47, 46, 40, 0, 41, 47, 40, 0),
	gsSP2Triangles(41, 48, 47, 0, 41, 49, 48, 0),
	gsSP2Triangles(41, 42, 49, 0, 49, 42, 43, 0),
	gsSP2Triangles(49, 43, 44, 0, 48, 49, 44, 0),
	gsSP2Triangles(48, 44, 47, 0, 47, 44, 46, 0),
	gsSP2Triangles(44, 45, 46, 0, 50, 51, 52, 0),
	gsSP2Triangles(53, 52, 51, 0, 51, 54, 53, 0),
	gsSP2Triangles(53, 54, 55, 0, 55, 56, 53, 0),
	gsSP2Triangles(56, 55, 57, 0, 58, 56, 57, 0),
	gsSP2Triangles(59, 58, 57, 0, 57, 60, 59, 0),
	gsSP2Triangles(61, 59, 60, 0, 60, 62, 61, 0),
	gsSP1Triangle(61, 62, 63, 0),
	gsSPVertex(monteman_Metal_Mario_Switch_Option_Head_DL_mesh_layer_1_vtx_0 + 378, 64, 0),
	gsSP2Triangles(0, 1, 2, 0, 1, 0, 3, 0),
	gsSP2Triangles(4, 1, 3, 0, 5, 4, 3, 0),
	gsSP2Triangles(4, 5, 6, 0, 6, 5, 7, 0),
	gsSP2Triangles(8, 6, 7, 0, 7, 9, 8, 0),
	gsSP2Triangles(9, 10, 8, 0, 11, 10, 9, 0),
	gsSP2Triangles(11, 12, 10, 0, 13, 12, 11, 0),
	gsSP2Triangles(14, 13, 11, 0, 13, 14, 2, 0),
	gsSP2Triangles(15, 13, 2, 0, 2, 1, 15, 0),
	gsSP2Triangles(1, 16, 15, 0, 16, 1, 4, 0),
	gsSP2Triangles(16, 4, 17, 0, 17, 4, 6, 0),
	gsSP2Triangles(6, 18, 17, 0, 18, 6, 8, 0),
	gsSP2Triangles(18, 8, 10, 0, 18, 10, 12, 0),
	gsSP2Triangles(12, 19, 18, 0, 19, 12, 13, 0),
	gsSP2Triangles(15, 19, 13, 0, 15, 16, 19, 0),
	gsSP2Triangles(16, 17, 19, 0, 19, 17, 18, 0),
	gsSP2Triangles(20, 21, 22, 0, 23, 22, 21, 0),
	gsSP2Triangles(23, 24, 22, 0, 23, 25, 24, 0),
	gsSP2Triangles(24, 25, 26, 0, 27, 24, 26, 0),
	gsSP2Triangles(28, 24, 27, 0, 29, 24, 28, 0),
	gsSP2Triangles(20, 24, 29, 0, 20, 22, 24, 0),
	gsSP2Triangles(30, 31, 32, 0, 30, 33, 31, 0),
	gsSP2Triangles(30, 34, 33, 0, 34, 35, 33, 0),
	gsSP2Triangles(35, 36, 33, 0, 36, 37, 33, 0),
	gsSP2Triangles(33, 37, 38, 0, 39, 33, 38, 0),
	gsSP2Triangles(39, 31, 33, 0, 39, 32, 31, 0),
	gsSP2Triangles(40, 41, 42, 0, 40, 43, 41, 0),
	gsSP2Triangles(40, 44, 43, 0, 44, 45, 43, 0),
	gsSP2Triangles(45, 46, 43, 0, 46, 47, 43, 0),
	gsSP2Triangles(43, 47, 48, 0, 49, 43, 48, 0),
	gsSP2Triangles(49, 41, 43, 0, 49, 42, 41, 0),
	gsSP2Triangles(50, 51, 52, 0, 53, 52, 51, 0),
	gsSP2Triangles(53, 54, 52, 0, 53, 55, 54, 0),
	gsSP2Triangles(54, 55, 56, 0, 57, 54, 56, 0),
	gsSP2Triangles(58, 54, 57, 0, 59, 54, 58, 0),
	gsSP2Triangles(50, 54, 59, 0, 50, 52, 54, 0),
	gsSP2Triangles(60, 61, 62, 0, 61, 60, 63, 0),
	gsSPVertex(monteman_Metal_Mario_Switch_Option_Head_DL_mesh_layer_1_vtx_0 + 442, 6, 0),
	gsSP2Triangles(0, 1, 2, 0, 2, 1, 3, 0),
	gsSP2Triangles(4, 2, 3, 0, 3, 5, 4, 0),
	gsSP2Triangles(5, 0, 4, 0, 4, 0, 2, 0),
	gsSPEndDisplayList(),
};

Vtx monteman_Metal_Mario_Switch_Option_Capless_Head_Switch_Option_Capless_Head_mesh_layer_1_vtx_0[350] = {
	{{{56, 29, -66}, 0, {3620, 1167}, {0xF9, 0x14, 0x83, 0xFF}}},
	{{{126, 29, -66}, 0, {4140, 407}, {0x07, 0x0E, 0x82, 0xFF}}},
	{{{106, 20, -60}, 0, {3844, 487}, {0x01, 0xE1, 0x85, 0xFF}}},
	{{{78, 39, -49}, 0, {3628, 1071}, {0xEA, 0x36, 0x8F, 0xFF}}},
	{{{126, 29, -66}, 0, {4140, 407}, {0x07, 0x0E, 0x82, 0xFF}}},
	{{{56, 29, -66}, 0, {3620, 1167}, {0xF9, 0x14, 0x83, 0xFF}}},
	{{{160, 67, -39}, 0, {5044, 587}, {0x3C, 0x3A, 0xA0, 0xFF}}},
	{{{126, 29, -66}, 0, {4140, 407}, {0x07, 0x0E, 0x82, 0xFF}}},
	{{{123, 49, -55}, 0, {4236, 727}, {0xFE, 0x32, 0x8B, 0xFF}}},
	{{{123, 49, -55}, 0, {4236, 727}, {0xFE, 0x32, 0x8B, 0xFF}}},
	{{{126, 29, -66}, 0, {4140, 407}, {0x07, 0x0E, 0x82, 0xFF}}},
	{{{78, 39, -49}, 0, {3628, 1071}, {0xEB, 0x36, 0x8F, 0xFF}}},
	{{{106, 20, -60}, 0, {3844, 487}, {0x01, 0xE1, 0x85, 0xFF}}},
	{{{126, 29, -66}, 0, {4140, 407}, {0x07, 0x0E, 0x82, 0xFF}}},
	{{{94, -12, -49}, 0, {3508, 151}, {0xEA, 0xB4, 0x9C, 0xFF}}},
	{{{129, -43, -47}, 0, {3556, -673}, {0x08, 0xAF, 0x9E, 0xFF}}},
	{{{94, -12, -49}, 0, {3508, 151}, {0xEA, 0xB4, 0x9C, 0xFF}}},
	{{{126, 29, -66}, 0, {4140, 407}, {0x07, 0x0E, 0x82, 0xFF}}},
	{{{160, 67, -39}, 0, {5044, 587}, {0x3C, 0x39, 0xA0, 0xFF}}},
	{{{178, 21, -40}, 0, {4772, -281}, {0x6A, 0x00, 0xBA, 0xFF}}},
	{{{126, 29, -66}, 0, {4140, 407}, {0x07, 0x0E, 0x82, 0xFF}}},
	{{{126, 29, -66}, 0, {4140, 407}, {0x07, 0x0E, 0x82, 0xFF}}},
	{{{178, 21, -40}, 0, {4772, -281}, {0x6A, 0x00, 0xBA, 0xFF}}},
	{{{123, 49, -55}, 0, {8572, 791}, {0xFE, 0x32, 0x8B, 0xFF}}},
	{{{119, 86, -44}, 0, {3636, 2875}, {0x02, 0x4F, 0x9C, 0xFF}}},
	{{{160, 67, -39}, 0, {236, -533}, {0x3C, 0x3A, 0xA0, 0xFF}}},
	{{{168, 76, 0}, 0, {-236, -469}, {0x67, 0x4A, 0x00, 0xFF}}},
	{{{160, 67, -39}, 0, {8900, -441}, {0x3C, 0x3A, 0xA0, 0xFF}}},
	{{{137, 85, -39}, 0, {8916, 1839}, {0x2F, 0x66, 0xC5, 0xFF}}},
	{{{119, 86, -44}, 0, {3636, 2875}, {0x02, 0x4F, 0x9C, 0xFF}}},
	{{{137, 85, -39}, 0, {1044, 1751}, {0x2F, 0x66, 0xC5, 0xFF}}},
	{{{160, 67, -39}, 0, {236, -533}, {0x3C, 0x3A, 0xA0, 0xFF}}},
	{{{178, 21, -40}, 0, {4772, -281}, {0x6A, 0x00, 0xBA, 0xFF}}},
	{{{160, 67, -39}, 0, {5044, 587}, {0x3C, 0x3A, 0xA0, 0xFF}}},
	{{{168, 76, 0}, 0, {6012, 627}, {0x68, 0x49, 0x00, 0xFF}}},
	{{{178, 21, -40}, 0, {4772, -281}, {0x6A, 0x00, 0xBA, 0xFF}}},
	{{{177, -31, 0}, 0, {2940, -1025}, {0x6C, 0xBD, 0x00, 0xFF}}},
	{{{129, -43, -47}, 0, {3556, -673}, {0x08, 0xAF, 0x9E, 0xFF}}},
	{{{177, -31, 0}, 0, {2940, -1025}, {0x6C, 0xBD, 0x00, 0xFF}}},
	{{{178, 21, -40}, 0, {4772, -281}, {0x6A, 0x00, 0xBA, 0xFF}}},
	{{{185, 21, 0}, 0, {6012, -361}, {0x7F, 0x09, 0x00, 0xFF}}},
	{{{168, 76, 0}, 0, {6012, 627}, {0x68, 0x49, 0x00, 0xFF}}},
	{{{185, 21, 0}, 0, {6012, -361}, {0x7F, 0x0A, 0x00, 0xFF}}},
	{{{178, 21, -40}, 0, {4772, -281}, {0x6A, 0x00, 0xBA, 0xFF}}},
	{{{185, 21, 0}, 0, {6012, -361}, {0x7F, 0x09, 0x00, 0xFF}}},
	{{{178, 21, 40}, 0, {1100, -281}, {0x6A, 0x00, 0x46, 0xFF}}},
	{{{177, -31, 0}, 0, {2940, -1025}, {0x6C, 0xBD, 0x00, 0xFF}}},
	{{{178, 21, 40}, 0, {1100, -281}, {0x6A, 0x00, 0x46, 0xFF}}},
	{{{185, 21, 0}, 0, {-132, -361}, {0x7F, 0x0A, 0x00, 0xFF}}},
	{{{168, 76, 0}, 0, {-132, 627}, {0x68, 0x49, 0x00, 0xFF}}},
	{{{168, 76, 0}, 0, {-236, -469}, {0x67, 0x4A, 0x00, 0xFF}}},
	{{{137, 85, -39}, 0, {8916, 1839}, {0x2F, 0x66, 0xC5, 0xFF}}},
	{{{138, 99, 0}, 0, {-140, 2511}, {0x24, 0x7A, 0x00, 0xFF}}},
	{{{138, 99, 0}, 0, {-140, 2511}, {0x24, 0x7A, 0x00, 0xFF}}},
	{{{137, 85, 39}, 0, {8916, 1839}, {0x2F, 0x66, 0x3B, 0xFF}}},
	{{{168, 76, 0}, 0, {-236, -469}, {0x67, 0x4A, 0x00, 0xFF}}},
	{{{137, 85, 39}, 0, {8916, 1839}, {0x2F, 0x66, 0x3B, 0xFF}}},
	{{{160, 67, 39}, 0, {8900, -441}, {0x3C, 0x3A, 0x60, 0xFF}}},
	{{{168, 76, 0}, 0, {-236, -469}, {0x67, 0x4A, 0x00, 0xFF}}},
	{{{168, 76, 0}, 0, {-132, 627}, {0x68, 0x49, 0x00, 0xFF}}},
	{{{160, 67, 39}, 0, {828, 587}, {0x3C, 0x3A, 0x60, 0xFF}}},
	{{{129, -65, 0}, 0, {2940, -1001}, {0x11, 0x82, 0x00, 0xFF}}},
	{{{129, -43, -47}, 0, {3556, -673}, {0x08, 0xAF, 0x9E, 0xFF}}},
	{{{177, -31, 0}, 0, {2940, -1025}, {0x6C, 0xBD, 0x00, 0xFF}}},
	{{{129, -43, 47}, 0, {2316, -673}, {0x08, 0xAF, 0x62, 0xFF}}},
	{{{129, -65, 0}, 0, {2940, -1001}, {0x11, 0x82, 0x00, 0xFF}}},
	{{{177, -31, 0}, 0, {2940, -1025}, {0x6C, 0xBD, 0x00, 0xFF}}},
	{{{129, -43, 47}, 0, {2316, -673}, {0x08, 0xAF, 0x62, 0xFF}}},
	{{{177, -31, 0}, 0, {2940, -1025}, {0x6C, 0xBD, 0x00, 0xFF}}},
	{{{178, 21, 40}, 0, {1100, -281}, {0x6A, 0x00, 0x46, 0xFF}}},
	{{{56, 29, 66}, 0, {2252, 1167}, {0xF9, 0x14, 0x7D, 0xFF}}},
	{{{29, 18, 53}, 0, {2492, 1299}, {0xF1, 0xB1, 0x62, 0xFF}}},
	{{{106, 20, 60}, 0, {2028, 487}, {0x01, 0xE1, 0x7B, 0xFF}}},
	{{{-3, 32, 54}, 0, {2540, 1855}, {0xE8, 0x10, 0x7C, 0xFF}}},
	{{{29, 18, 53}, 0, {2492, 1299}, {0xF1, 0xB1, 0x62, 0xFF}}},
	{{{56, 29, 66}, 0, {2252, 1167}, {0xF9, 0x14, 0x7D, 0xFF}}},
	{{{56, 29, 66}, 0, {2252, 1167}, {0xF9, 0x14, 0x7D, 0xFF}}},
	{{{32, 43, 49}, 0, {2460, 1635}, {0xFE, 0x64, 0x4E, 0xFF}}},
	{{{-3, 32, 54}, 0, {2540, 1855}, {0xE7, 0x10, 0x7C, 0xFF}}},
	{{{78, 39, 49}, 0, {2244, 1071}, {0xEB, 0x36, 0x71, 0xFF}}},
	{{{32, 43, 49}, 0, {2460, 1635}, {0xFE, 0x64, 0x4E, 0xFF}}},
	{{{56, 29, 66}, 0, {2252, 1167}, {0xF9, 0x14, 0x7D, 0xFF}}},
	{{{56, 29, 66}, 0, {2252, 1167}, {0xF9, 0x14, 0x7D, 0xFF}}},
	{{{126, 29, 66}, 0, {1732, 407}, {0x07, 0x0E, 0x7E, 0xFF}}},
	{{{78, 39, 49}, 0, {2244, 1071}, {0xEB, 0x36, 0x71, 0xFF}}},
	{{{106, 20, 60}, 0, {2028, 487}, {0x01, 0xE1, 0x7B, 0xFF}}},
	{{{126, 29, 66}, 0, {1732, 407}, {0x07, 0x0E, 0x7E, 0xFF}}},
	{{{56, 29, 66}, 0, {2252, 1167}, {0xF9, 0x14, 0x7D, 0xFF}}},
	{{{129, -43, 47}, 0, {2316, -673}, {0x08, 0xAF, 0x62, 0xFF}}},
	{{{178, 21, 40}, 0, {1100, -281}, {0x6A, 0x00, 0x46, 0xFF}}},
	{{{126, 29, 66}, 0, {1732, 407}, {0x07, 0x0E, 0x7E, 0xFF}}},
	{{{126, 29, 66}, 0, {1732, 407}, {0x07, 0x0E, 0x7E, 0xFF}}},
	{{{178, 21, 40}, 0, {1100, -281}, {0x6A, 0x00, 0x46, 0xFF}}},
	{{{160, 67, 39}, 0, {828, 587}, {0x3C, 0x39, 0x60, 0xFF}}},
	{{{160, 67, 39}, 0, {236, -533}, {0x3C, 0x3A, 0x60, 0xFF}}},
	{{{137, 85, 39}, 0, {1044, 1751}, {0x2F, 0x66, 0x3B, 0xFF}}},
	{{{119, 86, 44}, 0, {3636, 2875}, {0x02, 0x4F, 0x63, 0xFF}}},
	{{{160, 67, 39}, 0, {236, -533}, {0x3C, 0x3A, 0x60, 0xFF}}},
	{{{119, 86, 44}, 0, {3636, 2875}, {0x02, 0x4F, 0x64, 0xFF}}},
	{{{123, 49, 55}, 0, {8572, 791}, {0xFE, 0x32, 0x75, 0xFF}}},
	{{{123, 49, 55}, 0, {1636, 727}, {0xFE, 0x32, 0x75, 0xFF}}},
	{{{126, 29, 66}, 0, {1732, 407}, {0x07, 0x0E, 0x7E, 0xFF}}},
	{{{160, 67, 39}, 0, {828, 587}, {0x3C, 0x3A, 0x60, 0xFF}}},
	{{{94, -12, 49}, 0, {2364, 151}, {0xEA, 0xB4, 0x64, 0xFF}}},
	{{{126, 29, 66}, 0, {1732, 407}, {0x07, 0x0E, 0x7E, 0xFF}}},
	{{{106, 20, 60}, 0, {2028, 487}, {0x01, 0xE1, 0x7B, 0xFF}}},
	{{{126, 29, 66}, 0, {1732, 407}, {0x07, 0x0E, 0x7E, 0xFF}}},
	{{{94, -12, 49}, 0, {2364, 151}, {0xEA, 0xB4, 0x64, 0xFF}}},
	{{{129, -43, 47}, 0, {2316, -673}, {0x08, 0xAF, 0x62, 0xFF}}},
	{{{78, 39, 49}, 0, {2244, 1071}, {0xEB, 0x36, 0x71, 0xFF}}},
	{{{126, 29, 66}, 0, {1732, 407}, {0x07, 0x0E, 0x7E, 0xFF}}},
	{{{123, 49, 55}, 0, {1636, 727}, {0xFE, 0x32, 0x75, 0xFF}}},
	{{{119, 86, -44}, 0, {9140, -4077}, {0x02, 0x4F, 0x9D, 0xFF}}},
	{{{123, 49, -55}, 0, {9348, -3549}, {0xFE, 0x32, 0x8B, 0xFF}}},
	{{{78, 39, -49}, 0, {7692, -3421}, {0xEB, 0x36, 0x8F, 0xFF}}},
	{{{106, 20, -60}, 0, {-212, -505}, {0x01, 0xE1, 0x85, 0xFF}}},
	{{{114, -20, -93}, 0, {3052, -265}, {0xF0, 0xAD, 0xA1, 0xFF}}},
	{{{72, 7, -54}, 0, {388, 759}, {0xC8, 0xF1, 0x8F, 0xFF}}},
	{{{114, -20, -93}, 0, {9132, -2553}, {0xF0, 0xAD, 0xA1, 0xFF}}},
	{{{94, -12, -49}, 0, {8380, -2681}, {0xEA, 0xB4, 0x9C, 0xFF}}},
	{{{72, 7, -54}, 0, {7516, -2969}, {0xC8, 0xF1, 0x8F, 0xFF}}},
	{{{106, 20, -60}, 0, {8764, -3137}, {0x01, 0xE1, 0x85, 0xFF}}},
	{{{94, -12, -49}, 0, {8380, -2681}, {0xEA, 0xB4, 0x9D, 0xFF}}},
	{{{114, -20, -93}, 0, {9132, -2553}, {0xF0, 0xAD, 0xA1, 0xFF}}},
	{{{113, 101, -6}, 0, {-100, 549}, {0x19, 0x7A, 0xE9, 0xFF}}},
	{{{137, 85, -39}, 0, {1872, -511}, {0x2F, 0x66, 0xC5, 0xFF}}},
	{{{119, 86, -44}, 0, {1892, 555}, {0x02, 0x4F, 0x9D, 0xFF}}},
	{{{86, 95, -12}, 0, {-276, 991}, {0x06, 0x6A, 0xBB, 0xFF}}},
	{{{113, 101, -6}, 0, {-932, -297}, {0x03, 0x55, 0xA2, 0xFF}}},
	{{{119, 86, -44}, 0, {2884, -587}, {0x02, 0x4F, 0x9D, 0xFF}}},
	{{{119, 86, -44}, 0, {2884, -587}, {0x02, 0x4F, 0x9D, 0xFF}}},
	{{{72, 82, -41}, 0, {2668, 1707}, {0xF3, 0x4C, 0x9B, 0xFF}}},
	{{{86, 95, -12}, 0, {-276, 991}, {0x06, 0x6A, 0xBB, 0xFF}}},
	{{{78, 39, -49}, 0, {7692, -3421}, {0xEB, 0x36, 0x8F, 0xFF}}},
	{{{72, 82, -41}, 0, {7404, -4049}, {0xF3, 0x4C, 0x9B, 0xFF}}},
	{{{119, 86, -44}, 0, {9140, -4077}, {0x02, 0x4F, 0x9D, 0xFF}}},
	{{{72, 82, -41}, 0, {-686, -359}, {0xF3, 0x4C, 0x9B, 0xFF}}},
	{{{19, 105, -18}, 0, {146, 2049}, {0xCF, 0x4F, 0xAA, 0xFF}}},
	{{{86, 95, -12}, 0, {360, -1009}, {0x07, 0x6A, 0xBB, 0xFF}}},
	{{{72, 82, -41}, 0, {7404, -4049}, {0xF3, 0x4C, 0x9B, 0xFF}}},
	{{{78, 39, -49}, 0, {7692, -3421}, {0xEB, 0x36, 0x8F, 0xFF}}},
	{{{19, 105, -18}, 0, {5428, -4413}, {0xCF, 0x4F, 0xAA, 0xFF}}},
	{{{56, 29, -66}, 0, {3620, 1167}, {0xF9, 0x14, 0x83, 0xFF}}},
	{{{32, 43, -49}, 0, {3412, 1635}, {0xFE, 0x64, 0xB2, 0xFF}}},
	{{{78, 39, -49}, 0, {3628, 1071}, {0xEB, 0x36, 0x8F, 0xFF}}},
	{{{78, 39, -49}, 0, {7692, -3421}, {0xEB, 0x36, 0x8F, 0xFF}}},
	{{{72, 7, -54}, 0, {7516, -2969}, {0xC8, 0xF1, 0x8F, 0xFF}}},
	{{{19, 105, -18}, 0, {5428, -4413}, {0xCF, 0x4F, 0xAA, 0xFF}}},
	{{{106, 20, -60}, 0, {8764, -3137}, {0x01, 0xE1, 0x85, 0xFF}}},
	{{{72, 7, -54}, 0, {7516, -2969}, {0xC8, 0xF1, 0x8F, 0xFF}}},
	{{{78, 39, -49}, 0, {7692, -3421}, {0xEB, 0x36, 0x8F, 0xFF}}},
	{{{106, 20, -60}, 0, {3844, 487}, {0x01, 0xE1, 0x85, 0xFF}}},
	{{{29, 18, -53}, 0, {3380, 1299}, {0xF1, 0xB1, 0x9E, 0xFF}}},
	{{{56, 29, -66}, 0, {3620, 1167}, {0xF9, 0x14, 0x83, 0xFF}}},
	{{{138, 99, 0}, 0, {-108, -969}, {0x24, 0x7A, 0x00, 0xFF}}},
	{{{137, 85, -39}, 0, {1872, -511}, {0x2F, 0x66, 0xC5, 0xFF}}},
	{{{113, 101, -6}, 0, {-100, 549}, {0x19, 0x7A, 0xE9, 0xFF}}},
	{{{113, 101, 6}, 0, {-100, 549}, {0x19, 0x7A, 0x17, 0xFF}}},
	{{{137, 85, 39}, 0, {1872, -511}, {0x2F, 0x66, 0x3B, 0xFF}}},
	{{{138, 99, 0}, 0, {-108, -969}, {0x24, 0x7A, 0x00, 0xFF}}},
	{{{138, 99, 0}, 0, {9796, -4261}, {0x24, 0x7A, 0x00, 0xFF}}},
	{{{113, 101, 0}, 0, {8868, -4301}, {0x26, 0x79, 0x00, 0xFF}}},
	{{{113, 101, 6}, 0, {8868, -4301}, {0x19, 0x7A, 0x16, 0xFF}}},
	{{{113, 101, -6}, 0, {8868, -4301}, {0x19, 0x7A, 0xEA, 0xFF}}},
	{{{138, 99, 0}, 0, {9796, -4261}, {0x24, 0x7A, 0x00, 0xFF}}},
	{{{119, 86, 44}, 0, {1892, 555}, {0x02, 0x4F, 0x63, 0xFF}}},
	{{{137, 85, 39}, 0, {1872, -511}, {0x2F, 0x66, 0x3B, 0xFF}}},
	{{{113, 101, 6}, 0, {-100, 549}, {0x19, 0x7A, 0x17, 0xFF}}},
	{{{119, 86, 44}, 0, {2884, -587}, {0x02, 0x4F, 0x63, 0xFF}}},
	{{{113, 101, 6}, 0, {-932, -297}, {0x03, 0x55, 0x5E, 0xFF}}},
	{{{86, 95, 12}, 0, {-276, 991}, {0x06, 0x6A, 0x45, 0xFF}}},
	{{{91, 112, 6}, 0, {8052, -4477}, {0x3A, 0x71, 0x00, 0xFF}}},
	{{{113, 101, 6}, 0, {8868, -4301}, {0x1A, 0x7A, 0x16, 0xFF}}},
	{{{113, 101, 0}, 0, {8868, -4301}, {0x27, 0x79, 0x00, 0xFF}}},
	{{{91, 112, 6}, 0, {8052, -4477}, {0x13, 0x25, 0x78, 0xFF}}},
	{{{86, 95, 12}, 0, {7908, -4237}, {0x06, 0x6A, 0x45, 0xFF}}},
	{{{113, 101, 6}, 0, {8868, -4301}, {0x03, 0x55, 0x5E, 0xFF}}},
	{{{86, 95, 12}, 0, {1230, -1009}, {0x07, 0x6A, 0x45, 0xFF}}},
	{{{19, 105, 18}, 0, {1444, 2049}, {0xCF, 0x4F, 0x56, 0xFF}}},
	{{{72, 82, 41}, 0, {2278, -359}, {0xF3, 0x4C, 0x65, 0xFF}}},
	{{{19, 105, 18}, 0, {1444, 2049}, {0xCF, 0x4F, 0x57, 0xFF}}},
	{{{86, 95, 12}, 0, {1230, -1009}, {0x07, 0x6A, 0x45, 0xFF}}},
	{{{81, 101, 0}, 0, {796, -753}, {0x10, 0x7E, 0x00, 0xFF}}},
	{{{86, 95, 12}, 0, {-276, 991}, {0x06, 0x6A, 0x45, 0xFF}}},
	{{{72, 82, 41}, 0, {2668, 1707}, {0xF3, 0x4C, 0x65, 0xFF}}},
	{{{119, 86, 44}, 0, {2884, -587}, {0x02, 0x4F, 0x63, 0xFF}}},
	{{{91, 112, 6}, 0, {-1004, -137}, {0x9E, 0x48, 0x23, 0xFF}}},
	{{{81, 101, 0}, 0, {724, 651}, {0x97, 0x47, 0x00, 0xFF}}},
	{{{86, 95, 12}, 0, {1252, 59}, {0xA2, 0x33, 0x44, 0xFF}}},
	{{{119, 86, 44}, 0, {9140, -4077}, {0x02, 0x4F, 0x63, 0xFF}}},
	{{{72, 82, 41}, 0, {7404, -4049}, {0xF3, 0x4C, 0x65, 0xFF}}},
	{{{78, 39, 49}, 0, {7692, -3421}, {0xEB, 0x36, 0x71, 0xFF}}},
	{{{19, 105, 18}, 0, {5428, -4413}, {0xCF, 0x4F, 0x56, 0xFF}}},
	{{{78, 39, 49}, 0, {7692, -3421}, {0xEB, 0x36, 0x71, 0xFF}}},
	{{{72, 82, 41}, 0, {7404, -4049}, {0xF3, 0x4C, 0x65, 0xFF}}},
	{{{81, 101, 0}, 0, {796, -753}, {0x10, 0x7E, 0x00, 0xFF}}},
	{{{86, 95, -12}, 0, {360, -1009}, {0x07, 0x6A, 0xBB, 0xFF}}},
	{{{19, 105, -18}, 0, {146, 2049}, {0xCF, 0x4F, 0xA9, 0xFF}}},
	{{{113, 101, -6}, 0, {8868, -4301}, {0x03, 0x55, 0xA2, 0xFF}}},
	{{{86, 95, -12}, 0, {7908, -4237}, {0x06, 0x6B, 0xBB, 0xFF}}},
	{{{91, 112, -6}, 0, {8052, -4477}, {0x13, 0x25, 0x88, 0xFF}}},
	{{{86, 95, -12}, 0, {1252, 59}, {0xA2, 0x33, 0xBC, 0xFF}}},
	{{{81, 101, 0}, 0, {724, 651}, {0x97, 0x47, 0x00, 0xFF}}},
	{{{91, 112, -6}, 0, {-1004, -137}, {0x9E, 0x48, 0xDD, 0xFF}}},
	{{{113, 101, 0}, 0, {8868, -4301}, {0x27, 0x79, 0x00, 0xFF}}},
	{{{113, 101, -6}, 0, {8868, -4301}, {0x1A, 0x7A, 0xEA, 0xFF}}},
	{{{91, 112, -6}, 0, {8052, -4477}, {0x3A, 0x71, 0x00, 0xFF}}},
	{{{72, 7, 54}, 0, {388, 759}, {0xC8, 0xF1, 0x71, 0xFF}}},
	{{{114, -20, 93}, 0, {3052, -265}, {0xF0, 0xAD, 0x5F, 0xFF}}},
	{{{106, 20, 60}, 0, {-212, -505}, {0x01, 0xE1, 0x7B, 0xFF}}},
	{{{78, 39, 49}, 0, {7692, -3421}, {0xEB, 0x36, 0x71, 0xFF}}},
	{{{72, 7, 54}, 0, {7516, -2969}, {0xC8, 0xF1, 0x71, 0xFF}}},
	{{{106, 20, 60}, 0, {8764, -3137}, {0x01, 0xE1, 0x7B, 0xFF}}},
	{{{114, -20, 93}, 0, {9132, -2553}, {0xF0, 0xAD, 0x5F, 0xFF}}},
	{{{94, -12, 49}, 0, {8380, -2681}, {0xEA, 0xB4, 0x63, 0xFF}}},
	{{{106, 20, 60}, 0, {8764, -3137}, {0x01, 0xE1, 0x7B, 0xFF}}},
	{{{72, 7, 54}, 0, {7516, -2969}, {0xC8, 0xF1, 0x71, 0xFF}}},
	{{{94, -12, 49}, 0, {8380, -2681}, {0xEA, 0xB4, 0x63, 0xFF}}},
	{{{114, -20, 93}, 0, {9132, -2553}, {0xF0, 0xAD, 0x5F, 0xFF}}},
	{{{19, 105, -18}, 0, {146, 2049}, {0xCF, 0x4F, 0xAA, 0xFF}}},
	{{{19, 105, 18}, 0, {1444, 2049}, {0xCF, 0x4F, 0x56, 0xFF}}},
	{{{81, 101, 0}, 0, {796, -753}, {0x10, 0x7E, 0x00, 0xFF}}},
	{{{91, 112, 6}, 0, {-1004, -137}, {0x9E, 0x49, 0x23, 0xFF}}},
	{{{91, 112, -6}, 0, {-1004, -137}, {0x9E, 0x49, 0xDD, 0xFF}}},
	{{{81, 101, 0}, 0, {724, 651}, {0x97, 0x47, 0x00, 0xFF}}},
	{{{91, 112, -6}, 0, {8052, -4477}, {0x3A, 0x71, 0x00, 0xFF}}},
	{{{91, 112, 6}, 0, {8052, -4477}, {0x3A, 0x71, 0x00, 0xFF}}},
	{{{113, 101, 0}, 0, {8868, -4301}, {0x27, 0x79, 0x00, 0xFF}}},
	{{{78, 39, 49}, 0, {7692, -3421}, {0xEB, 0x36, 0x71, 0xFF}}},
	{{{123, 49, 55}, 0, {9348, -3549}, {0xFE, 0x32, 0x75, 0xFF}}},
	{{{119, 86, 44}, 0, {9140, -4077}, {0x02, 0x4F, 0x63, 0xFF}}},
	{{{19, 105, 18}, 0, {5428, -4413}, {0xCF, 0x4F, 0x56, 0xFF}}},
	{{{72, 7, 54}, 0, {7516, -2969}, {0xC8, 0xF1, 0x71, 0xFF}}},
	{{{78, 39, 49}, 0, {7692, -3421}, {0xEB, 0x36, 0x71, 0xFF}}},
	{{{48, -35, 0}, 0, {2940, 311}, {0x07, 0x81, 0x00, 0xFF}}},
	{{{129, -43, -47}, 0, {3556, -673}, {0x09, 0xAF, 0x9E, 0xFF}}},
	{{{129, -65, 0}, 0, {2940, -1001}, {0x11, 0x82, 0x00, 0xFF}}},
	{{{48, -35, 0}, 0, {2940, 311}, {0x08, 0x81, 0x00, 0xFF}}},
	{{{50, -16, -29}, 0, {3180, 575}, {0x00, 0xBD, 0x94, 0xFF}}},
	{{{129, -43, -47}, 0, {3556, -673}, {0x08, 0xAF, 0x9E, 0xFF}}},
	{{{94, -12, -49}, 0, {3508, 151}, {0xE9, 0xB4, 0x9D, 0xFF}}},
	{{{129, -43, -47}, 0, {3556, -673}, {0x08, 0xAF, 0x9E, 0xFF}}},
	{{{50, -16, -29}, 0, {3180, 575}, {0x00, 0xBD, 0x94, 0xFF}}},
	{{{129, -43, 47}, 0, {2316, -673}, {0x08, 0xAF, 0x62, 0xFF}}},
	{{{50, -16, 29}, 0, {2692, 575}, {0x00, 0xBD, 0x6C, 0xFF}}},
	{{{48, -35, 0}, 0, {2940, 311}, {0x08, 0x81, 0x00, 0xFF}}},
	{{{50, -16, 29}, 0, {2692, 575}, {0x00, 0xBD, 0x6C, 0xFF}}},
	{{{129, -43, 47}, 0, {2316, -673}, {0x08, 0xAF, 0x62, 0xFF}}},
	{{{94, -12, 49}, 0, {2364, 151}, {0xE9, 0xB4, 0x63, 0xFF}}},
	{{{48, -35, 0}, 0, {2940, 311}, {0x07, 0x81, 0x00, 0xFF}}},
	{{{129, -65, 0}, 0, {2940, -1001}, {0x11, 0x82, 0x00, 0xFF}}},
	{{{129, -43, 47}, 0, {2316, -673}, {0x08, 0xAF, 0x62, 0xFF}}},
	{{{50, -16, -29}, 0, {6764, -2653}, {0x00, 0xBD, 0x94, 0xFF}}},
	{{{72, 7, -54}, 0, {7516, -2969}, {0xC8, 0xF1, 0x8F, 0xFF}}},
	{{{94, -12, -49}, 0, {8380, -2681}, {0xE9, 0xB4, 0x9D, 0xFF}}},
	{{{-6, 45, 0}, 0, {4612, -3565}, {0x63, 0x50, 0x00, 0xFF}}},
	{{{19, 105, 18}, 0, {5428, -4413}, {0xCF, 0x4F, 0x56, 0xFF}}},
	{{{19, 105, -18}, 0, {5428, -4413}, {0xCF, 0x4F, 0xAA, 0xFF}}},
	{{{2, 18, -22}, 0, {4940, -3173}, {0x45, 0x32, 0xA2, 0xFF}}},
	{{{-6, 45, 0}, 0, {4612, -3565}, {0x63, 0x50, 0x00, 0xFF}}},
	{{{19, 105, -18}, 0, {5428, -4413}, {0xCF, 0x4F, 0xAA, 0xFF}}},
	{{{19, 105, -18}, 0, {5428, -4413}, {0xCF, 0x4F, 0xAA, 0xFF}}},
	{{{72, 7, -54}, 0, {7516, -2969}, {0xC8, 0xF1, 0x8F, 0xFF}}},
	{{{2, 18, -22}, 0, {4940, -3173}, {0x45, 0x32, 0xA2, 0xFF}}},
	{{{2, 18, -22}, 0, {4940, -3173}, {0x45, 0x32, 0xA2, 0xFF}}},
	{{{72, 7, -54}, 0, {7516, -2969}, {0xC8, 0xF1, 0x8F, 0xFF}}},
	{{{50, -16, -29}, 0, {6764, -2653}, {0x00, 0xBD, 0x94, 0xFF}}},
	{{{94, -12, 49}, 0, {8380, -2681}, {0xE9, 0xB4, 0x63, 0xFF}}},
	{{{72, 7, 54}, 0, {7516, -2969}, {0xC8, 0xF1, 0x71, 0xFF}}},
	{{{50, -16, 29}, 0, {6764, -2653}, {0x00, 0xBD, 0x6C, 0xFF}}},
	{{{50, -16, 29}, 0, {6764, -2653}, {0x00, 0xBD, 0x6C, 0xFF}}},
	{{{72, 7, 54}, 0, {7516, -2969}, {0xC8, 0xF1, 0x71, 0xFF}}},
	{{{2, 18, 22}, 0, {4940, -3173}, {0x45, 0x32, 0x5E, 0xFF}}},
	{{{2, 18, 22}, 0, {4940, -3173}, {0x45, 0x32, 0x5E, 0xFF}}},
	{{{72, 7, 54}, 0, {7516, -2969}, {0xC8, 0xF1, 0x71, 0xFF}}},
	{{{19, 105, 18}, 0, {5428, -4413}, {0xCF, 0x4F, 0x56, 0xFF}}},
	{{{19, 105, 18}, 0, {5428, -4413}, {0xCF, 0x4F, 0x56, 0xFF}}},
	{{{-6, 45, 0}, 0, {4612, -3565}, {0x63, 0x50, 0x00, 0xFF}}},
	{{{2, 18, 22}, 0, {4940, -3173}, {0x45, 0x32, 0x5E, 0xFF}}},
	{{{50, -16, -29}, 0, {3180, 575}, {0x00, 0xBD, 0x94, 0xFF}}},
	{{{48, -35, 0}, 0, {2940, 311}, {0x07, 0x81, 0x00, 0xFF}}},
	{{{6, -38, 0}, 0, {2940, 735}, {0x1D, 0x84, 0x00, 0xFF}}},
	{{{6, -38, 0}, 0, {2940, 735}, {0x1D, 0x84, 0x00, 0xFF}}},
	{{{48, -35, 0}, 0, {2940, 311}, {0x07, 0x81, 0x00, 0xFF}}},
	{{{50, -16, 29}, 0, {2692, 575}, {0x00, 0xBD, 0x6C, 0xFF}}},
	{{{2, 18, -22}, 0, {4940, -3173}, {0x46, 0x32, 0xA2, 0xFF}}},
	{{{50, -16, -29}, 0, {6764, -2653}, {0x00, 0xBD, 0x94, 0xFF}}},
	{{{10, -13, -28}, 0, {5276, -2713}, {0x40, 0xDE, 0x98, 0xFF}}},
	{{{6, -38, 0}, 0, {5188, -2361}, {0x1D, 0x84, 0x00, 0xFF}}},
	{{{10, -13, -28}, 0, {5276, -2713}, {0x40, 0xDE, 0x98, 0xFF}}},
	{{{50, -16, -29}, 0, {6764, -2653}, {0x00, 0xBD, 0x94, 0xFF}}},
	{{{10, -13, 28}, 0, {5276, -2713}, {0x92, 0x36, 0x20, 0xFF}}},
	{{{2, 18, 22}, 0, {4940, -3173}, {0xE9, 0x7D, 0x06, 0xFF}}},
	{{{10, -13, -28}, 0, {5276, -2713}, {0xAD, 0xA1, 0x12, 0xFF}}},
	{{{2, 18, -22}, 0, {4940, -3173}, {0xE9, 0x7D, 0xFA, 0xFF}}},
	{{{2, 18, 22}, 0, {4940, -3173}, {0xE9, 0x7D, 0x06, 0xFF}}},
	{{{10, -13, -28}, 0, {5276, -2713}, {0xAD, 0xA1, 0x12, 0xFF}}},
	{{{6, -38, 0}, 0, {5188, -2361}, {0xBA, 0xAC, 0x40, 0xFF}}},
	{{{10, -13, 28}, 0, {5276, -2713}, {0x92, 0x36, 0x20, 0xFF}}},
	{{{50, -16, 29}, 0, {6764, -2653}, {0x00, 0xBD, 0x6C, 0xFF}}},
	{{{10, -13, 28}, 0, {5276, -2713}, {0x40, 0xDE, 0x68, 0xFF}}},
	{{{6, -38, 0}, 0, {5188, -2361}, {0x1D, 0x84, 0x00, 0xFF}}},
	{{{10, -13, 28}, 0, {5276, -2713}, {0x40, 0xDE, 0x68, 0xFF}}},
	{{{50, -16, 29}, 0, {6764, -2653}, {0x00, 0xBD, 0x6C, 0xFF}}},
	{{{2, 18, 22}, 0, {4940, -3173}, {0x46, 0x32, 0x5E, 0xFF}}},
	{{{-6, 45, 0}, 0, {4612, -3565}, {0x58, 0xBA, 0xC5, 0xFF}}},
	{{{2, 18, -22}, 0, {4940, -3173}, {0xE9, 0x7D, 0xFA, 0xFF}}},
	{{{2, 18, 22}, 0, {4940, -3173}, {0xE9, 0x7D, 0x06, 0xFF}}},
	{{{56, 29, -66}, 0, {3620, 1167}, {0xF9, 0x14, 0x83, 0xFF}}},
	{{{29, 18, -53}, 0, {3380, 1299}, {0xF1, 0xB1, 0x9E, 0xFF}}},
	{{{-3, 32, -54}, 0, {3332, 1855}, {0xE8, 0x10, 0x84, 0xFF}}},
	{{{-3, 32, -54}, 0, {3332, 1855}, {0xE7, 0x10, 0x84, 0xFF}}},
	{{{32, 43, -49}, 0, {3412, 1635}, {0xFE, 0x64, 0xB2, 0xFF}}},
	{{{56, 29, -66}, 0, {3620, 1167}, {0xF9, 0x14, 0x83, 0xFF}}},
	{{{123, 49, -55}, 0, {8572, 791}, {0xFE, 0x32, 0x8B, 0xFF}}},
	{{{119, 86, -44}, 0, {3636, 2875}, {0x02, 0x4F, 0x9C, 0xFF}}},
	{{{160, 67, -39}, 0, {236, -533}, {0x3C, 0x3A, 0xA0, 0xFF}}},
	{{{168, 76, 0}, 0, {-236, -469}, {0x67, 0x4A, 0x00, 0xFF}}},
	{{{160, 67, -39}, 0, {8900, -441}, {0x3C, 0x3A, 0xA0, 0xFF}}},
	{{{137, 85, -39}, 0, {8916, 1839}, {0x2F, 0x66, 0xC5, 0xFF}}},
	{{{119, 86, -44}, 0, {3636, 2875}, {0x02, 0x4F, 0x9C, 0xFF}}},
	{{{137, 85, -39}, 0, {1044, 1751}, {0x2F, 0x66, 0xC5, 0xFF}}},
	{{{160, 67, -39}, 0, {236, -533}, {0x3C, 0x3A, 0xA0, 0xFF}}},
	{{{168, 76, 0}, 0, {-236, -469}, {0x67, 0x4A, 0x00, 0xFF}}},
	{{{137, 85, -39}, 0, {8916, 1839}, {0x2F, 0x66, 0xC5, 0xFF}}},
	{{{138, 99, 0}, 0, {-140, 2511}, {0x24, 0x7A, 0x00, 0xFF}}},
	{{{138, 99, 0}, 0, {-140, 2511}, {0x24, 0x7A, 0x00, 0xFF}}},
	{{{137, 85, 39}, 0, {8916, 1839}, {0x2F, 0x66, 0x3B, 0xFF}}},
	{{{168, 76, 0}, 0, {-236, -469}, {0x67, 0x4A, 0x00, 0xFF}}},
	{{{137, 85, 39}, 0, {8916, 1839}, {0x2F, 0x66, 0x3B, 0xFF}}},
	{{{160, 67, 39}, 0, {8900, -441}, {0x3C, 0x3A, 0x60, 0xFF}}},
	{{{168, 76, 0}, 0, {-236, -469}, {0x67, 0x4A, 0x00, 0xFF}}},
	{{{160, 67, 39}, 0, {236, -533}, {0x3C, 0x3A, 0x60, 0xFF}}},
	{{{137, 85, 39}, 0, {1044, 1751}, {0x2F, 0x66, 0x3B, 0xFF}}},
	{{{119, 86, 44}, 0, {3636, 2875}, {0x02, 0x4F, 0x63, 0xFF}}},
	{{{160, 67, 39}, 0, {236, -533}, {0x3C, 0x3A, 0x60, 0xFF}}},
	{{{119, 86, 44}, 0, {3636, 2875}, {0x02, 0x4F, 0x64, 0xFF}}},
	{{{123, 49, 55}, 0, {8572, 791}, {0xFE, 0x32, 0x75, 0xFF}}},
	{{{106, 20, -60}, 0, {-212, -505}, {0x01, 0xE1, 0x85, 0xFF}}},
	{{{114, -20, -93}, 0, {3052, -265}, {0xF0, 0xAD, 0xA1, 0xFF}}},
	{{{72, 7, -54}, 0, {388, 759}, {0xC8, 0xF1, 0x8F, 0xFF}}},
	{{{72, 7, 54}, 0, {388, 759}, {0xC8, 0xF1, 0x71, 0xFF}}},
	{{{114, -20, 93}, 0, {3052, -265}, {0xF0, 0xAD, 0x5F, 0xFF}}},
	{{{106, 20, 60}, 0, {-212, -505}, {0x01, 0xE1, 0x7B, 0xFF}}},
	{{{-23, -73, 34}, 0, {-260, 495}, {0x0E, 0xF5, 0x7E, 0x00}}},
	{{{-40, -39, 0}, 0, {-260, 495}, {0xCB, 0x74, 0x00, 0x00}}},
	{{{-138, -104, 0}, 0, {-260, 495}, {0x86, 0xDE, 0x00, 0x00}}},
	{{{61, -11, 0}, 0, {-260, 495}, {0x6A, 0x46, 0x00, 0x00}}},
	{{{-23, -107, 0}, 0, {-260, 495}, {0x2B, 0x89, 0x00, 0x00}}},
	{{{-23, -73, -34}, 0, {-260, 495}, {0x0E, 0xF5, 0x82, 0x00}}},
};

Gfx monteman_Metal_Mario_Switch_Option_Capless_Head_Switch_Option_Capless_Head_mesh_layer_1_tri_0[] = {
	gsSPVertex(monteman_Metal_Mario_Switch_Option_Capless_Head_Switch_Option_Capless_Head_mesh_layer_1_vtx_0 + 0, 64, 0),
	gsSP2Triangles(0, 1, 2, 0, 3, 4, 5, 0),
	gsSP2Triangles(6, 7, 8, 0, 9, 10, 11, 0),
	gsSP2Triangles(12, 13, 14, 0, 15, 16, 17, 0),
	gsSP2Triangles(18, 19, 20, 0, 21, 22, 15, 0),
	gsSP2Triangles(23, 24, 25, 0, 26, 27, 28, 0),
	gsSP2Triangles(29, 30, 31, 0, 32, 33, 34, 0),
	gsSP2Triangles(35, 36, 37, 0, 38, 39, 40, 0),
	gsSP2Triangles(41, 42, 43, 0, 44, 45, 46, 0),
	gsSP2Triangles(47, 48, 49, 0, 50, 51, 52, 0),
	gsSP2Triangles(53, 54, 55, 0, 56, 57, 58, 0),
	gsSP2Triangles(59, 60, 45, 0, 61, 62, 63, 0),
	gsSPVertex(monteman_Metal_Mario_Switch_Option_Capless_Head_Switch_Option_Capless_Head_mesh_layer_1_vtx_0 + 64, 63, 0),
	gsSP2Triangles(0, 1, 2, 0, 3, 4, 5, 0),
	gsSP2Triangles(6, 7, 8, 0, 9, 10, 11, 0),
	gsSP2Triangles(12, 13, 14, 0, 15, 16, 17, 0),
	gsSP2Triangles(18, 19, 20, 0, 21, 22, 23, 0),
	gsSP2Triangles(24, 25, 26, 0, 27, 28, 29, 0),
	gsSP2Triangles(30, 31, 32, 0, 33, 34, 35, 0),
	gsSP2Triangles(36, 37, 38, 0, 39, 40, 41, 0),
	gsSP2Triangles(42, 43, 44, 0, 45, 46, 47, 0),
	gsSP2Triangles(48, 49, 50, 0, 51, 52, 53, 0),
	gsSP2Triangles(54, 55, 56, 0, 57, 58, 59, 0),
	gsSP1Triangle(60, 61, 62, 0),
	gsSPVertex(monteman_Metal_Mario_Switch_Option_Capless_Head_Switch_Option_Capless_Head_mesh_layer_1_vtx_0 + 127, 62, 0),
	gsSP2Triangles(0, 1, 2, 0, 3, 4, 5, 0),
	gsSP2Triangles(6, 7, 8, 0, 9, 10, 11, 0),
	gsSP2Triangles(12, 13, 14, 0, 15, 16, 17, 0),
	gsSP2Triangles(18, 19, 20, 0, 21, 22, 23, 0),
	gsSP2Triangles(24, 25, 26, 0, 27, 28, 29, 0),
	gsSP2Triangles(30, 31, 32, 0, 33, 34, 35, 0),
	gsSP2Triangles(36, 34, 37, 0, 38, 39, 40, 0),
	gsSP2Triangles(41, 42, 43, 0, 44, 45, 46, 0),
	gsSP2Triangles(47, 48, 49, 0, 50, 51, 52, 0),
	gsSP2Triangles(53, 54, 55, 0, 56, 57, 58, 0),
	gsSP1Triangle(59, 60, 61, 0),
	gsSPVertex(monteman_Metal_Mario_Switch_Option_Capless_Head_Switch_Option_Capless_Head_mesh_layer_1_vtx_0 + 189, 63, 0),
	gsSP2Triangles(0, 1, 2, 0, 3, 4, 5, 0),
	gsSP2Triangles(6, 7, 8, 0, 9, 10, 11, 0),
	gsSP2Triangles(12, 13, 14, 0, 15, 16, 17, 0),
	gsSP2Triangles(18, 19, 20, 0, 21, 22, 23, 0),
	gsSP2Triangles(24, 25, 26, 0, 27, 28, 29, 0),
	gsSP2Triangles(30, 31, 32, 0, 33, 34, 35, 0),
	gsSP2Triangles(36, 37, 38, 0, 39, 40, 41, 0),
	gsSP2Triangles(42, 43, 44, 0, 45, 46, 47, 0),
	gsSP2Triangles(48, 49, 50, 0, 51, 52, 53, 0),
	gsSP2Triangles(54, 55, 56, 0, 57, 58, 59, 0),
	gsSP1Triangle(60, 61, 62, 0),
	gsSPVertex(monteman_Metal_Mario_Switch_Option_Capless_Head_Switch_Option_Capless_Head_mesh_layer_1_vtx_0 + 252, 62, 0),
	gsSP2Triangles(0, 1, 2, 0, 3, 4, 5, 0),
	gsSP2Triangles(6, 7, 8, 0, 9, 10, 11, 0),
	gsSP2Triangles(12, 13, 14, 0, 15, 16, 17, 0),
	gsSP2Triangles(18, 19, 20, 0, 21, 22, 23, 0),
	gsSP2Triangles(24, 25, 26, 0, 27, 28, 29, 0),
	gsSP2Triangles(30, 31, 32, 0, 33, 34, 35, 0),
	gsSP2Triangles(36, 37, 38, 0, 39, 40, 41, 0),
	gsSP2Triangles(42, 41, 43, 0, 44, 45, 46, 0),
	gsSP2Triangles(47, 48, 49, 0, 50, 51, 52, 0),
	gsSP2Triangles(53, 54, 55, 0, 56, 57, 58, 0),
	gsSP1Triangle(59, 60, 61, 0),
	gsSPVertex(monteman_Metal_Mario_Switch_Option_Capless_Head_Switch_Option_Capless_Head_mesh_layer_1_vtx_0 + 314, 36, 0),
	gsSP2Triangles(0, 1, 2, 0, 3, 4, 5, 0),
	gsSP2Triangles(6, 7, 8, 0, 9, 10, 11, 0),
	gsSP2Triangles(12, 13, 14, 0, 15, 16, 17, 0),
	gsSP2Triangles(18, 19, 20, 0, 21, 22, 23, 0),
	gsSP2Triangles(24, 25, 26, 0, 27, 28, 29, 0),
	gsSP2Triangles(30, 31, 32, 0, 31, 30, 33, 0),
	gsSP2Triangles(33, 30, 34, 0, 34, 30, 32, 0),
	gsSP2Triangles(35, 34, 32, 0, 32, 31, 35, 0),
	gsSP2Triangles(31, 33, 35, 0, 35, 33, 34, 0),
	gsSPEndDisplayList(),
};

Vtx monteman_Metal_Mario_Switch_Option_Left_Wing_DL_mesh_layer_1_vtx_0[27] = {
	{{{-102, 72, -13}, 0, {-76, -160}, {0x85, 0x20, 0x00, 0xFF}}},
	{{{-77, 126, -4}, 0, {-137, -180}, {0x92, 0x40, 0x05, 0xFF}}},
	{{{-76, 55, -25}, 0, {252, -160}, {0x1B, 0xEC, 0x86, 0xFF}}},
	{{{-34, 103, -16}, 0, {252, -180}, {0x1E, 0xEE, 0x86, 0xFF}}},
	{{{-51, 176, -3}, 0, {-199, -191}, {0xB2, 0x64, 0xFD, 0xFF}}},
	{{{21, 136, -9}, 0, {252, -191}, {0x1C, 0xE3, 0x88, 0xFF}}},
	{{{8, 197, -2}, 0, {-199, -334}, {0xE4, 0x7C, 0xF7, 0xFF}}},
	{{{77, 162, -3}, 0, {252, -334}, {0x26, 0xE0, 0x8B, 0xFF}}},
	{{{61, 200, -1}, 0, {-76, -447}, {0x01, 0x7E, 0xF1, 0xFF}}},
	{{{96, 195, 1}, 0, {252, -508}, {0x53, 0x5F, 0xF2, 0xFF}}},
	{{{102, 169, 11}, 0, {580, -447}, {0x7A, 0xFD, 0x24, 0xFF}}},
	{{{90, 144, 18}, 0, {702, -334}, {0x58, 0xB9, 0x3A, 0xFF}}},
	{{{45, 115, 20}, 0, {702, -191}, {0x3A, 0xA2, 0x3F, 0xFF}}},
	{{{-13, 87, 14}, 0, {641, -180}, {0x30, 0xA2, 0x46, 0xFF}}},
	{{{-54, 59, 4}, 0, {580, -160}, {0x29, 0xA8, 0x51, 0xFF}}},
	{{{102, 169, 11}, 0, {948, -447}, {0x7A, 0xFD, 0x24, 0xFF}}},
	{{{96, 195, 1}, 0, {1276, -508}, {0x53, 0x5F, 0xF2, 0xFF}}},
	{{{61, 200, -1}, 0, {1604, -447}, {0x01, 0x7E, 0xF1, 0xFF}}},
	{{{90, 144, 18}, 0, {825, -334}, {0x58, 0xB9, 0x3A, 0xFF}}},
	{{{8, 197, -2}, 0, {1726, -334}, {0xE4, 0x7C, 0xF7, 0xFF}}},
	{{{45, 115, 20}, 0, {825, -191}, {0x3A, 0xA2, 0x3F, 0xFF}}},
	{{{-51, 176, -3}, 0, {1726, -191}, {0xB2, 0x64, 0xFD, 0xFF}}},
	{{{-13, 87, 14}, 0, {887, -180}, {0x30, 0xA2, 0x46, 0xFF}}},
	{{{-77, 126, -4}, 0, {1665, -180}, {0x92, 0x40, 0x05, 0xFF}}},
	{{{-54, 59, 4}, 0, {948, -160}, {0x29, 0xA8, 0x51, 0xFF}}},
	{{{-102, 72, -13}, 0, {1604, -160}, {0x85, 0x20, 0x00, 0xFF}}},
	{{{-103, 0, -19}, 0, {-260, 495}, {0xD0, 0x8B, 0xF5, 0xFF}}},
};

Gfx monteman_Metal_Mario_Switch_Option_Left_Wing_DL_mesh_layer_1_tri_0[] = {
	gsSPVertex(monteman_Metal_Mario_Switch_Option_Left_Wing_DL_mesh_layer_1_vtx_0 + 0, 27, 0),
	gsSP2Triangles(0, 1, 2, 0, 1, 3, 2, 0),
	gsSP2Triangles(1, 4, 3, 0, 4, 5, 3, 0),
	gsSP2Triangles(4, 6, 5, 0, 6, 7, 5, 0),
	gsSP2Triangles(6, 8, 7, 0, 8, 9, 7, 0),
	gsSP2Triangles(7, 9, 10, 0, 7, 10, 11, 0),
	gsSP2Triangles(5, 7, 11, 0, 5, 11, 12, 0),
	gsSP2Triangles(3, 5, 12, 0, 3, 12, 13, 0),
	gsSP2Triangles(2, 3, 13, 0, 2, 13, 14, 0),
	gsSP2Triangles(15, 16, 17, 0, 18, 15, 17, 0),
	gsSP2Triangles(18, 17, 19, 0, 20, 18, 19, 0),
	gsSP2Triangles(20, 19, 21, 0, 22, 20, 21, 0),
	gsSP2Triangles(22, 21, 23, 0, 24, 22, 23, 0),
	gsSP2Triangles(24, 23, 25, 0, 24, 25, 26, 0),
	gsSP2Triangles(25, 2, 26, 0, 2, 24, 26, 0),
	gsSPEndDisplayList(),
};

Vtx monteman_Metal_Mario_Switch_Option_Test_DL_mesh_layer_1_vtx_0[47] = {
	{{{-131, -72, -16}, 0, {1726, -68}, {0x2C, 0x89, 0x0B, 0xFF}}},
	{{{-60, -58, -15}, 0, {1726, 14}, {0x7E, 0xFA, 0xF3, 0xFF}}},
	{{{-79, -83, -18}, 0, {1726, 14}, {0x34, 0x8E, 0xE9, 0xFF}}},
	{{{-71, -31, -8}, 0, {1726, -37}, {0x7F, 0x0B, 0x00, 0xFF}}},
	{{{-82, 20, -2}, 0, {1726, -68}, {0x6C, 0x33, 0x2C, 0xFF}}},
	{{{-158, -70, -37}, 0, {1726, -98}, {0x1D, 0x8F, 0xCE, 0xFF}}},
	{{{-104, 44, -24}, 0, {1726, -98}, {0x41, 0x6C, 0xF3, 0xFF}}},
	{{{-145, 53, -49}, 0, {1726, -129}, {0x21, 0x7A, 0x0B, 0xFF}}},
	{{{-185, -68, -58}, 0, {1726, -129}, {0xFC, 0x86, 0xDD, 0xFF}}},
	{{{-191, -53, -89}, 0, {1726, -98}, {0x1B, 0x8F, 0xCC, 0xFF}}},
	{{{-152, 64, -96}, 0, {1726, -98}, {0x3A, 0x70, 0xF4, 0xFF}}},
	{{{-162, 50, -137}, 0, {1726, -68}, {0x27, 0x50, 0xA5, 0xFF}}},
	{{{-197, -40, -120}, 0, {1726, -68}, {0xEA, 0xAA, 0xA6, 0xFF}}},
	{{{-166, 15, -158}, 0, {1726, -37}, {0x37, 0x1B, 0x91, 0xFF}}},
	{{{-162, -9, -176}, 0, {1726, 14}, {0x3F, 0x16, 0x94, 0xFF}}},
	{{{-173, -37, -168}, 0, {1726, 14}, {0x11, 0x9F, 0xB0, 0xFF}}},
	{{{-167, -59, -17}, 0, {1214, 434}, {0xC7, 0xB9, 0x59, 0xFF}}},
	{{{-158, -70, -37}, 0, {702, 475}, {0x1D, 0x8F, 0xCE, 0xFF}}},
	{{{-131, -72, -16}, 0, {1522, 475}, {0x2C, 0x89, 0x0B, 0xFF}}},
	{{{-185, -68, -58}, 0, {-199, 475}, {0xFC, 0x86, 0xDD, 0xFF}}},
	{{{-200, -47, -42}, 0, {-199, 434}, {0x96, 0xD2, 0x35, 0xFF}}},
	{{{-188, -5, -24}, 0, {6, 65}, {0x98, 0x13, 0x47, 0xFF}}},
	{{{-158, -19, -3}, 0, {1276, 65}, {0xB7, 0x13, 0x66, 0xFF}}},
	{{{-126, -35, 0}, 0, {1522, 260}, {0xFC, 0xE8, 0x7D, 0xFF}}},
	{{{-95, -61, -11}, 0, {1604, 352}, {0x08, 0xDC, 0x79, 0xFF}}},
	{{{-79, -83, -18}, 0, {1604, 475}, {0x34, 0x8E, 0xE9, 0xFF}}},
	{{{-60, -58, -15}, 0, {1726, 475}, {0x7E, 0xFA, 0xF3, 0xFF}}},
	{{{-71, -31, -8}, 0, {1726, 188}, {0x7F, 0x0B, 0x00, 0xFF}}},
	{{{-82, 20, -2}, 0, {1460, -129}, {0x6C, 0x33, 0x2C, 0xFF}}},
	{{{-104, 44, -24}, 0, {518, -129}, {0x41, 0x6C, 0xF3, 0xFF}}},
	{{{-158, 3, -24}, 0, {313, -98}, {0xDE, 0x68, 0x40, 0xFF}}},
	{{{-145, 53, -49}, 0, {-199, -129}, {0x21, 0x7A, 0x0B, 0xFF}}},
	{{{-167, 21, -42}, 0, {-199, -98}, {0xBC, 0x52, 0x45, 0xFF}}},
	{{{-183, 15, -63}, 0, {313, -98}, {0xA7, 0x44, 0x3C, 0xFF}}},
	{{{-152, 64, -96}, 0, {518, -129}, {0x3A, 0x70, 0xF4, 0xFF}}},
	{{{-207, 5, -79}, 0, {1276, 65}, {0x85, 0x19, 0x10, 0xFF}}},
	{{{-162, 50, -137}, 0, {1460, -129}, {0x27, 0x50, 0xA5, 0xFF}}},
	{{{-198, 0, -114}, 0, {1522, 260}, {0x8E, 0x1F, 0xD1, 0xFF}}},
	{{{-166, 15, -158}, 0, {1726, 188}, {0x37, 0x1B, 0x91, 0xFF}}},
	{{{-181, -20, -148}, 0, {1604, 352}, {0x92, 0x12, 0xC3, 0xFF}}},
	{{{-162, -9, -176}, 0, {1726, 475}, {0x3F, 0x16, 0x94, 0xFF}}},
	{{{-173, -37, -168}, 0, {1604, 475}, {0x11, 0x9F, 0xB0, 0xFF}}},
	{{{-197, -40, -120}, 0, {1522, 475}, {0xEA, 0xAA, 0xA6, 0xFF}}},
	{{{-210, -38, -83}, 0, {1214, 434}, {0x88, 0xD8, 0xF5, 0xFF}}},
	{{{-191, -53, -89}, 0, {702, 475}, {0x1B, 0x8F, 0xCC, 0xFF}}},
	{{{-199, 1, -41}, 0, {6, 65}, {0x86, 0x0B, 0x21, 0xFF}}},
	{{{-195, -1, -31}, 0, {-199, 106}, {0xA5, 0x32, 0x49, 0xFF}}},
};

Gfx monteman_Metal_Mario_Switch_Option_Test_DL_mesh_layer_1_tri_0[] = {
	gsSPVertex(monteman_Metal_Mario_Switch_Option_Test_DL_mesh_layer_1_vtx_0 + 0, 47, 0),
	gsSP2Triangles(0, 1, 2, 0, 0, 3, 1, 0),
	gsSP2Triangles(0, 4, 3, 0, 5, 4, 0, 0),
	gsSP2Triangles(5, 6, 4, 0, 5, 7, 6, 0),
	gsSP2Triangles(5, 8, 7, 0, 9, 7, 8, 0),
	gsSP2Triangles(9, 10, 7, 0, 9, 11, 10, 0),
	gsSP2Triangles(9, 12, 11, 0, 12, 13, 11, 0),
	gsSP2Triangles(12, 14, 13, 0, 12, 15, 14, 0),
	gsSP2Triangles(16, 17, 18, 0, 17, 16, 19, 0),
	gsSP2Triangles(19, 16, 20, 0, 20, 16, 21, 0),
	gsSP2Triangles(21, 16, 22, 0, 16, 23, 22, 0),
	gsSP2Triangles(18, 23, 16, 0, 23, 18, 24, 0),
	gsSP2Triangles(24, 18, 25, 0, 26, 24, 25, 0),
	gsSP2Triangles(24, 26, 27, 0, 27, 23, 24, 0),
	gsSP2Triangles(28, 23, 27, 0, 28, 22, 23, 0),
	gsSP2Triangles(22, 28, 29, 0, 29, 30, 22, 0),
	gsSP2Triangles(31, 30, 29, 0, 32, 30, 31, 0),
	gsSP2Triangles(32, 31, 33, 0, 31, 34, 33, 0),
	gsSP2Triangles(34, 35, 33, 0, 35, 34, 36, 0),
	gsSP2Triangles(36, 37, 35, 0, 36, 38, 37, 0),
	gsSP2Triangles(38, 39, 37, 0, 39, 38, 40, 0),
	gsSP2Triangles(40, 41, 39, 0, 39, 41, 42, 0),
	gsSP2Triangles(37, 39, 42, 0, 42, 43, 37, 0),
	gsSP2Triangles(43, 42, 44, 0, 44, 19, 43, 0),
	gsSP2Triangles(19, 20, 43, 0, 20, 45, 43, 0),
	gsSP2Triangles(45, 20, 46, 0, 21, 46, 20, 0),
	gsSP2Triangles(21, 32, 46, 0, 21, 30, 32, 0),
	gsSP2Triangles(30, 21, 22, 0, 45, 46, 32, 0),
	gsSP2Triangles(45, 32, 33, 0, 33, 35, 45, 0),
	gsSP2Triangles(45, 35, 43, 0, 43, 35, 37, 0),
	gsSPEndDisplayList(),
};

Vtx monteman_Metal_Mario_Switch_Option_Right_Wing_DL_mesh_layer_1_vtx_0[27] = {
	{{{-102, 72, 13}, 0, {-76, -160}, {0x85, 0x20, 0x00, 0xFF}}},
	{{{-76, 55, 25}, 0, {252, -160}, {0x1B, 0xEC, 0x7A, 0xFF}}},
	{{{-77, 126, 4}, 0, {-137, -180}, {0x92, 0x40, 0xFB, 0xFF}}},
	{{{-34, 103, 16}, 0, {252, -180}, {0x1E, 0xEE, 0x7A, 0xFF}}},
	{{{-13, 87, -14}, 0, {641, -180}, {0x30, 0xA2, 0xBA, 0xFF}}},
	{{{-54, 59, -4}, 0, {580, -160}, {0x29, 0xA8, 0xAF, 0xFF}}},
	{{{45, 115, -20}, 0, {702, -191}, {0x3A, 0xA2, 0xC1, 0xFF}}},
	{{{21, 136, 9}, 0, {252, -191}, {0x1C, 0xE3, 0x78, 0xFF}}},
	{{{90, 144, -18}, 0, {702, -334}, {0x58, 0xB9, 0xC6, 0xFF}}},
	{{{77, 162, 3}, 0, {252, -334}, {0x26, 0xE0, 0x75, 0xFF}}},
	{{{102, 169, -11}, 0, {580, -447}, {0x7A, 0xFD, 0xDC, 0xFF}}},
	{{{96, 195, -1}, 0, {252, -508}, {0x53, 0x5F, 0x0E, 0xFF}}},
	{{{61, 200, 1}, 0, {-76, -447}, {0x01, 0x7E, 0x0F, 0xFF}}},
	{{{8, 197, 2}, 0, {-199, -334}, {0xE4, 0x7C, 0x09, 0xFF}}},
	{{{-51, 176, 3}, 0, {-199, -191}, {0xB2, 0x64, 0x03, 0xFF}}},
	{{{102, 169, -11}, 0, {948, -447}, {0x7A, 0xFD, 0xDC, 0xFF}}},
	{{{61, 200, 1}, 0, {1604, -447}, {0x01, 0x7E, 0x0F, 0xFF}}},
	{{{96, 195, -1}, 0, {1276, -508}, {0x53, 0x5F, 0x0E, 0xFF}}},
	{{{90, 144, -18}, 0, {825, -334}, {0x58, 0xB9, 0xC6, 0xFF}}},
	{{{8, 197, 2}, 0, {1726, -334}, {0xE4, 0x7C, 0x09, 0xFF}}},
	{{{45, 115, -20}, 0, {825, -191}, {0x3A, 0xA2, 0xC1, 0xFF}}},
	{{{-51, 176, 3}, 0, {1726, -191}, {0xB2, 0x64, 0x03, 0xFF}}},
	{{{-13, 87, -14}, 0, {887, -180}, {0x30, 0xA2, 0xBA, 0xFF}}},
	{{{-77, 126, 4}, 0, {1665, -180}, {0x92, 0x40, 0xFB, 0xFF}}},
	{{{-54, 59, -4}, 0, {948, -160}, {0x29, 0xA8, 0xAF, 0xFF}}},
	{{{-102, 72, 13}, 0, {1604, -160}, {0x85, 0x20, 0x00, 0xFF}}},
	{{{-103, 0, 19}, 0, {-260, 495}, {0xD0, 0x8B, 0x0B, 0xFF}}},
};

Gfx monteman_Metal_Mario_Switch_Option_Right_Wing_DL_mesh_layer_1_tri_0[] = {
	gsSPVertex(monteman_Metal_Mario_Switch_Option_Right_Wing_DL_mesh_layer_1_vtx_0 + 0, 27, 0),
	gsSP2Triangles(0, 1, 2, 0, 2, 1, 3, 0),
	gsSP2Triangles(1, 4, 3, 0, 1, 5, 4, 0),
	gsSP2Triangles(3, 4, 6, 0, 3, 6, 7, 0),
	gsSP2Triangles(7, 6, 8, 0, 7, 8, 9, 0),
	gsSP2Triangles(9, 8, 10, 0, 9, 10, 11, 0),
	gsSP2Triangles(12, 9, 11, 0, 13, 9, 12, 0),
	gsSP2Triangles(13, 7, 9, 0, 14, 7, 13, 0),
	gsSP2Triangles(14, 3, 7, 0, 2, 3, 14, 0),
	gsSP2Triangles(15, 16, 17, 0, 18, 16, 15, 0),
	gsSP2Triangles(18, 19, 16, 0, 20, 19, 18, 0),
	gsSP2Triangles(20, 21, 19, 0, 22, 21, 20, 0),
	gsSP2Triangles(22, 23, 21, 0, 24, 23, 22, 0),
	gsSP2Triangles(24, 25, 23, 0, 24, 26, 25, 0),
	gsSP2Triangles(1, 26, 24, 0, 25, 26, 1, 0),
	gsSPEndDisplayList(),
};

Vtx monteman_Metal_Mario_Switch_Option_Left_Arm_Color_mesh_layer_1_vtx_0[36] = {
	{{{2, 2, -18}, 0, {3300, -2757}, {0xDA, 0x11, 0x88, 0xFF}}},
	{{{-11, -17, -7}, 0, {3708, -3109}, {0xAA, 0xA9, 0xDE, 0xFF}}},
	{{{-12, 0, 17}, 0, {4652, -2717}, {0xAC, 0xF7, 0x5F, 0xFF}}},
	{{{2, 2, -18}, 0, {3300, -2757}, {0xDA, 0x11, 0x88, 0xFF}}},
	{{{51, -13, -2}, 0, {3908, -3009}, {0x43, 0x95, 0xF4, 0xFF}}},
	{{{-11, -17, -7}, 0, {3708, -3109}, {0xAA, 0xA9, 0xDE, 0xFF}}},
	{{{2, 2, -18}, 0, {3300, -2757}, {0xDA, 0x11, 0x88, 0xFF}}},
	{{{-12, 0, 17}, 0, {4652, -2717}, {0xAC, 0xF7, 0x5F, 0xFF}}},
	{{{-12, 17, -1}, 0, {3796, -2437}, {0xA3, 0x56, 0xF4, 0xFF}}},
	{{{53, 16, 1}, 0, {4068, -2425}, {0x47, 0x68, 0x0E, 0xFF}}},
	{{{2, 2, -18}, 0, {3300, -2757}, {0xDA, 0x11, 0x88, 0xFF}}},
	{{{-12, 17, -1}, 0, {3796, -2437}, {0xA3, 0x56, 0xF4, 0xFF}}},
	{{{2, 2, -18}, 0, {3300, -2757}, {0xDA, 0x11, 0x88, 0xFF}}},
	{{{53, 16, 1}, 0, {4068, -2425}, {0x47, 0x68, 0x0E, 0xFF}}},
	{{{55, 5, -16}, 0, {3452, -2641}, {0x52, 0x10, 0xA0, 0xFF}}},
	{{{51, -13, -2}, 0, {3908, -3009}, {0x43, 0x95, 0xF4, 0xFF}}},
	{{{2, 2, -18}, 0, {3300, -2757}, {0xDA, 0x11, 0x88, 0xFF}}},
	{{{55, 5, -16}, 0, {3452, -2641}, {0x52, 0x10, 0xA0, 0xFF}}},
	{{{51, -13, -2}, 0, {3908, -3009}, {0x43, 0x95, 0xF4, 0xFF}}},
	{{{-12, 0, 17}, 0, {4652, -2717}, {0xAC, 0xF7, 0x5F, 0xFF}}},
	{{{-11, -17, -7}, 0, {3708, -3109}, {0xAA, 0xA9, 0xDE, 0xFF}}},
	{{{-12, 0, 17}, 0, {4652, -2717}, {0xAC, 0xF7, 0x5F, 0xFF}}},
	{{{53, 16, 1}, 0, {4068, -2425}, {0x47, 0x68, 0x0E, 0xFF}}},
	{{{-12, 17, -1}, 0, {3796, -2437}, {0xA3, 0x56, 0xF4, 0xFF}}},
	{{{53, 16, 1}, 0, {4068, -2425}, {0x47, 0x68, 0x0E, 0xFF}}},
	{{{-12, 0, 17}, 0, {4652, -2717}, {0xAC, 0xF7, 0x5F, 0xFF}}},
	{{{52, -1, 15}, 0, {4580, -2721}, {0x48, 0xF2, 0x68, 0xFF}}},
	{{{55, 5, -16}, 0, {3452, -2641}, {0x52, 0x10, 0xA0, 0xFF}}},
	{{{53, 16, 1}, 0, {4068, -2425}, {0x47, 0x68, 0x0E, 0xFF}}},
	{{{52, -1, 15}, 0, {4580, -2721}, {0x48, 0xF2, 0x68, 0xFF}}},
	{{{55, 5, -16}, 0, {3452, -2641}, {0x52, 0x10, 0xA0, 0xFF}}},
	{{{52, -1, 15}, 0, {4580, -2721}, {0x48, 0xF2, 0x68, 0xFF}}},
	{{{51, -13, -2}, 0, {3908, -3009}, {0x43, 0x95, 0xF4, 0xFF}}},
	{{{-12, 0, 17}, 0, {4652, -2717}, {0xAC, 0xF7, 0x5F, 0xFF}}},
	{{{51, -13, -2}, 0, {3908, -3009}, {0x43, 0x95, 0xF4, 0xFF}}},
	{{{52, -1, 15}, 0, {4580, -2721}, {0x48, 0xF2, 0x68, 0xFF}}},
};

Gfx monteman_Metal_Mario_Switch_Option_Left_Arm_Color_mesh_layer_1_tri_0[] = {
	gsSPVertex(monteman_Metal_Mario_Switch_Option_Left_Arm_Color_mesh_layer_1_vtx_0 + 0, 36, 0),
	gsSP2Triangles(0, 1, 2, 0, 3, 4, 5, 0),
	gsSP2Triangles(6, 7, 8, 0, 9, 10, 11, 0),
	gsSP2Triangles(12, 13, 14, 0, 15, 16, 17, 0),
	gsSP2Triangles(18, 19, 20, 0, 21, 22, 23, 0),
	gsSP2Triangles(24, 25, 26, 0, 27, 28, 29, 0),
	gsSP2Triangles(30, 31, 32, 0, 33, 34, 35, 0),
	gsSPEndDisplayList(),
};

Vtx monteman_Metal_Mario_Switch_Option_Left_Forearm_mesh_layer_1_vtx_0[60] = {
	{{{56, 3, -16}, 0, {-308, 459}, {0x4C, 0x02, 0x9B, 0xFF}}},
	{{{56, 17, -4}, 0, {-412, -41}, {0x48, 0x68, 0xFB, 0xFF}}},
	{{{56, 2, 8}, 0, {-278, 455}, {0x53, 0x02, 0x60, 0xFF}}},
	{{{-5, 19, -1}, 0, {1904, -185}, {0xF0, 0x7E, 0x00, 0xFF}}},
	{{{56, 2, 8}, 0, {-234, 493}, {0x53, 0x02, 0x60, 0xFF}}},
	{{{56, 17, -4}, 0, {-348, 29}, {0x48, 0x68, 0xFB, 0xFF}}},
	{{{56, 3, -16}, 0, {-308, 459}, {0x4D, 0x02, 0x9B, 0xFF}}},
	{{{-5, 19, -1}, 0, {1900, -157}, {0xF0, 0x7E, 0x00, 0xFF}}},
	{{{56, 17, -4}, 0, {-412, -41}, {0x48, 0x68, 0xFB, 0xFF}}},
	{{{56, 3, -16}, 0, {-308, 459}, {0x4C, 0x02, 0x9B, 0xFF}}},
	{{{56, 2, 8}, 0, {-278, 455}, {0x53, 0x02, 0x60, 0xFF}}},
	{{{56, -11, -4}, 0, {-280, -119}, {0x4F, 0x9D, 0xF6, 0xFF}}},
	{{{4, -1, 20}, 0, {1798, 487}, {0xFE, 0xFA, 0x7F, 0xFF}}},
	{{{56, -11, -4}, 0, {-292, -99}, {0x50, 0x9D, 0xF6, 0xFF}}},
	{{{56, 2, 8}, 0, {-278, 455}, {0x53, 0x03, 0x60, 0xFF}}},
	{{{56, 2, 8}, 0, {-234, 493}, {0x53, 0x02, 0x60, 0xFF}}},
	{{{-5, 19, -1}, 0, {1904, -185}, {0xF0, 0x7E, 0x00, 0xFF}}},
	{{{4, -1, 20}, 0, {1772, 515}, {0xFE, 0xFA, 0x7F, 0xFF}}},
	{{{-5, 19, -1}, 0, {1900, -157}, {0xF0, 0x7E, 0x00, 0xFF}}},
	{{{56, 3, -16}, 0, {-308, 459}, {0x4C, 0x02, 0x9B, 0xFF}}},
	{{{5, 2, -17}, 0, {1680, 469}, {0xFD, 0x07, 0x81, 0xFF}}},
	{{{-5, 19, -1}, 0, {1180, 135}, {0xF0, 0x7E, 0x00, 0xFF}}},
	{{{-13, -1, 15}, 0, {632, -389}, {0xA8, 0xFC, 0x5C, 0xFF}}},
	{{{4, -1, 20}, 0, {388, 317}, {0xFE, 0xFA, 0x7F, 0xFF}}},
	{{{-13, -1, 15}, 0, {632, -389}, {0xA8, 0xFC, 0x5C, 0xFF}}},
	{{{-5, 19, -1}, 0, {1180, 135}, {0xF0, 0x7E, 0x00, 0xFF}}},
	{{{-12, 16, 1}, 0, {1176, -217}, {0xA5, 0x57, 0x12, 0xFF}}},
	{{{-10, 5, -16}, 0, {906, -237}, {0xB8, 0x14, 0x99, 0xFF}}},
	{{{-5, 19, -1}, 0, {462, 127}, {0xF0, 0x7E, 0x00, 0xFF}}},
	{{{5, 2, -17}, 0, {998, 249}, {0xFD, 0x07, 0x81, 0xFF}}},
	{{{-5, 19, -1}, 0, {462, 127}, {0xF0, 0x7E, 0x00, 0xFF}}},
	{{{-10, 5, -16}, 0, {906, -237}, {0xB8, 0x14, 0x99, 0xFF}}},
	{{{-12, 16, 1}, 0, {484, -145}, {0xA5, 0x57, 0x12, 0xFF}}},
	{{{56, -11, -4}, 0, {-280, -119}, {0x50, 0x9D, 0xF6, 0xFF}}},
	{{{5, 2, -17}, 0, {1770, 527}, {0xFD, 0x08, 0x81, 0xFF}}},
	{{{56, 3, -16}, 0, {-244, 461}, {0x4D, 0x02, 0x9B, 0xFF}}},
	{{{5, 2, -17}, 0, {1770, 527}, {0xFD, 0x08, 0x81, 0xFF}}},
	{{{56, -11, -4}, 0, {-280, -119}, {0x50, 0x9D, 0xF6, 0xFF}}},
	{{{3, -20, -2}, 0, {1786, -327}, {0xF4, 0x83, 0xF0, 0xFF}}},
	{{{3, -20, -2}, 0, {1062, 263}, {0xF4, 0x83, 0xF0, 0xFF}}},
	{{{-10, 5, -16}, 0, {158, -301}, {0xB8, 0x14, 0x99, 0xFF}}},
	{{{5, 2, -17}, 0, {190, 277}, {0xFD, 0x08, 0x81, 0xFF}}},
	{{{56, -11, -4}, 0, {-292, -99}, {0x50, 0x9E, 0xF6, 0xFF}}},
	{{{4, -1, 20}, 0, {1798, 487}, {0xFE, 0xFA, 0x7F, 0xFF}}},
	{{{3, -20, -2}, 0, {1796, -359}, {0xF4, 0x83, 0xEF, 0xFF}}},
	{{{-13, -1, 15}, 0, {1072, -321}, {0xA8, 0xFC, 0x5C, 0xFF}}},
	{{{3, -20, -2}, 0, {484, 255}, {0xF4, 0x83, 0xEF, 0xFF}}},
	{{{4, -1, 20}, 0, {1160, 289}, {0xFE, 0xFA, 0x7F, 0xFF}}},
	{{{3, -20, -2}, 0, {484, 255}, {0xF4, 0x83, 0xEF, 0xFF}}},
	{{{-13, -1, 15}, 0, {1072, -321}, {0xA8, 0xFC, 0x5C, 0xFF}}},
	{{{-14, -13, -2}, 0, {534, -367}, {0x9E, 0xB2, 0xEE, 0xFF}}},
	{{{-10, 5, -16}, 0, {158, -301}, {0xB8, 0x14, 0x99, 0xFF}}},
	{{{3, -20, -2}, 0, {1062, 263}, {0xF4, 0x83, 0xF0, 0xFF}}},
	{{{-14, -13, -2}, 0, {964, -393}, {0x9E, 0xB2, 0xEE, 0xFF}}},
	{{{-10, 5, -16}, 0, {906, -237}, {0xB8, 0x14, 0x99, 0xFF}}},
	{{{-14, -13, -2}, 0, {534, -367}, {0x9E, 0xB2, 0xEE, 0xFF}}},
	{{{-13, -1, 15}, 0, {1072, -321}, {0xA8, 0xFC, 0x5C, 0xFF}}},
	{{{-10, 5, -16}, 0, {906, -237}, {0xB8, 0x14, 0x99, 0xFF}}},
	{{{-13, -1, 15}, 0, {1072, -321}, {0xA8, 0xFC, 0x5C, 0xFF}}},
	{{{-12, 16, 1}, 0, {1176, -217}, {0xA5, 0x57, 0x12, 0xFF}}},
};

Gfx monteman_Metal_Mario_Switch_Option_Left_Forearm_mesh_layer_1_tri_0[] = {
	gsSPVertex(monteman_Metal_Mario_Switch_Option_Left_Forearm_mesh_layer_1_vtx_0 + 0, 60, 0),
	gsSP2Triangles(0, 1, 2, 0, 3, 4, 5, 0),
	gsSP2Triangles(6, 7, 8, 0, 9, 10, 11, 0),
	gsSP2Triangles(12, 13, 14, 0, 15, 16, 17, 0),
	gsSP2Triangles(18, 19, 20, 0, 21, 22, 23, 0),
	gsSP2Triangles(24, 25, 26, 0, 27, 28, 29, 0),
	gsSP2Triangles(30, 31, 32, 0, 33, 34, 35, 0),
	gsSP2Triangles(36, 37, 38, 0, 39, 40, 41, 0),
	gsSP2Triangles(42, 43, 44, 0, 45, 46, 47, 0),
	gsSP2Triangles(48, 49, 50, 0, 51, 52, 53, 0),
	gsSP2Triangles(54, 55, 56, 0, 57, 58, 59, 0),
	gsSPEndDisplayList(),
};

Vtx monteman_Metal_Mario_Switch_Option_Left_Hand_DL_mesh_layer_1_vtx_0[25] = {
	{{{-10, 26, -38}, 0, {-260, -529}, {0xCC, 0x39, 0x9B, 0xFF}}},
	{{{4, 24, -31}, 0, {-260, -529}, {0xFB, 0x44, 0x95, 0xFF}}},
	{{{26, -25, -32}, 0, {-260, -529}, {0x17, 0xC9, 0x90, 0xFF}}},
	{{{-1, 39, 5}, 0, {-260, -529}, {0xDB, 0x71, 0x2D, 0xFF}}},
	{{{-18, 45, 8}, 0, {-260, -529}, {0xBC, 0x64, 0x27, 0xFF}}},
	{{{-14, -14, -4}, 0, {-260, -529}, {0x8B, 0xCE, 0x03, 0xFF}}},
	{{{17, -38, -39}, 0, {-260, -529}, {0x02, 0xB5, 0x9A, 0xFF}}},
	{{{34, -41, 3}, 0, {-260, -529}, {0x3D, 0x97, 0x26, 0xFF}}},
	{{{58, -45, 7}, 0, {-260, -529}, {0x06, 0x8A, 0x2F, 0xFF}}},
	{{{80, -31, -61}, 0, {-260, -529}, {0x1D, 0xB6, 0x9D, 0xFF}}},
	{{{33, 7, -44}, 0, {-260, -529}, {0xC4, 0xFD, 0x90, 0xFF}}},
	{{{32, 63, -28}, 0, {-260, -529}, {0xD0, 0x5B, 0xB6, 0xFF}}},
	{{{12, 59, 10}, 0, {-260, -529}, {0xAF, 0x55, 0x30, 0xFF}}},
	{{{36, 6, 42}, 0, {-260, -529}, {0xE3, 0xEF, 0x7A, 0xFF}}},
	{{{17, -1, 27}, 0, {-260, -529}, {0xFE, 0xFD, 0x7F, 0xFF}}},
	{{{5, -6, 36}, 0, {-260, -529}, {0xEA, 0xF5, 0x7C, 0xFF}}},
	{{{27, -58, 6}, 0, {-260, -529}, {0x1C, 0x8A, 0x24, 0xFF}}},
	{{{107, -26, 4}, 0, {-260, -529}, {0x65, 0xBF, 0x29, 0xFF}}},
	{{{100, -6, -46}, 0, {-260, -529}, {0x69, 0xFD, 0xB9, 0xFF}}},
	{{{61, 12, -60}, 0, {-260, -529}, {0xF4, 0x17, 0x84, 0xFF}}},
	{{{57, 55, -37}, 0, {-260, -529}, {0x17, 0x55, 0xA4, 0xFF}}},
	{{{59, 81, 8}, 0, {-260, -529}, {0x15, 0x79, 0x21, 0xFF}}},
	{{{86, 29, 41}, 0, {-260, -529}, {0x40, 0x1A, 0x6B, 0xFF}}},
	{{{99, 40, -16}, 0, {-260, -529}, {0x6B, 0x40, 0xEA, 0xFF}}},
	{{{90, 17, -46}, 0, {-260, -529}, {0x47, 0x31, 0xA3, 0xFF}}},
};

Gfx monteman_Metal_Mario_Switch_Option_Left_Hand_DL_mesh_layer_1_tri_0[] = {
	gsSPVertex(monteman_Metal_Mario_Switch_Option_Left_Hand_DL_mesh_layer_1_vtx_0 + 0, 25, 0),
	gsSP2Triangles(0, 1, 2, 0, 3, 1, 0, 0),
	gsSP2Triangles(0, 4, 3, 0, 0, 5, 4, 0),
	gsSP2Triangles(6, 5, 0, 0, 2, 6, 0, 0),
	gsSP2Triangles(6, 2, 7, 0, 8, 7, 2, 0),
	gsSP2Triangles(2, 9, 8, 0, 2, 10, 9, 0),
	gsSP2Triangles(2, 1, 10, 0, 11, 10, 1, 0),
	gsSP2Triangles(12, 11, 1, 0, 1, 3, 12, 0),
	gsSP2Triangles(3, 13, 12, 0, 3, 14, 13, 0),
	gsSP2Triangles(15, 14, 3, 0, 3, 4, 15, 0),
	gsSP2Triangles(4, 5, 15, 0, 15, 5, 16, 0),
	gsSP2Triangles(16, 5, 6, 0, 7, 16, 6, 0),
	gsSP2Triangles(15, 16, 7, 0, 7, 14, 15, 0),
	gsSP2Triangles(13, 14, 7, 0, 7, 8, 13, 0),
	gsSP2Triangles(8, 17, 13, 0, 9, 17, 8, 0),
	gsSP2Triangles(9, 18, 17, 0, 19, 18, 9, 0),
	gsSP2Triangles(10, 19, 9, 0, 19, 10, 11, 0),
	gsSP2Triangles(19, 11, 20, 0, 21, 20, 11, 0),
	gsSP2Triangles(11, 12, 21, 0, 13, 21, 12, 0),
	gsSP2Triangles(13, 22, 21, 0, 17, 22, 13, 0),
	gsSP2Triangles(17, 23, 22, 0, 18, 23, 17, 0),
	gsSP2Triangles(24, 23, 18, 0, 19, 24, 18, 0),
	gsSP2Triangles(20, 24, 19, 0, 24, 20, 23, 0),
	gsSP2Triangles(21, 23, 20, 0, 22, 23, 21, 0),
	gsSPEndDisplayList(),
};

Vtx monteman_Metal_Mario_Switch_Option_Left_Hand_Open_Switch_Option_Left_Hand_Open_mesh_layer_1_vtx_0[37] = {
	{{{2, 3, 26}, 0, {-260, -529}, {0x4A, 0x34, 0x59, 0xFF}}},
	{{{20, -46, 12}, 0, {-260, -529}, {0x75, 0xDD, 0x23, 0xFF}}},
	{{{26, -32, 6}, 0, {-260, -529}, {0x37, 0xA8, 0x49, 0xFF}}},
	{{{13, -39, -31}, 0, {-260, -529}, {0x13, 0xA4, 0xAB, 0xFF}}},
	{{{20, -27, -27}, 0, {-260, -529}, {0x10, 0xB2, 0x9D, 0xFF}}},
	{{{-10, 14, -43}, 0, {-260, -529}, {0xD7, 0x23, 0x8D, 0xFF}}},
	{{{1, -33, -23}, 0, {-260, -529}, {0x9F, 0xB3, 0xE2, 0xFF}}},
	{{{6, -38, 7}, 0, {-260, -529}, {0xA7, 0xB0, 0x2A, 0xFF}}},
	{{{20, -46, 12}, 0, {-260, -529}, {0xB9, 0xA1, 0x2D, 0xFF}}},
	{{{2, 3, 26}, 0, {-260, -529}, {0xA8, 0xF0, 0x5A, 0xFF}}},
	{{{-6, -3, 17}, 0, {-260, -529}, {0x98, 0xE2, 0x42, 0xFF}}},
	{{{-20, 22, -7}, 0, {-260, -529}, {0x83, 0x00, 0x16, 0xFF}}},
	{{{-17, 40, -8}, 0, {-260, -529}, {0x84, 0x16, 0x11, 0xFF}}},
	{{{-15, 4, -32}, 0, {-260, -529}, {0x8D, 0xDE, 0xD6, 0xFF}}},
	{{{-3, 35, -9}, 0, {-260, -529}, {0xCE, 0x72, 0x18, 0xFF}}},
	{{{-17, 40, -8}, 0, {-260, -529}, {0x2B, 0x78, 0x00, 0xFF}}},
	{{{1, 15, -37}, 0, {-260, -529}, {0xE0, 0x1C, 0x88, 0xFF}}},
	{{{11, 29, -52}, 0, {-260, -529}, {0xDB, 0x1E, 0x8B, 0xFF}}},
	{{{6, 53, -9}, 0, {-260, -529}, {0xAC, 0x5C, 0x17, 0xFF}}},
	{{{26, 16, 28}, 0, {-260, -529}, {0xDE, 0x0D, 0x7A, 0xFF}}},
	{{{11, 5, 17}, 0, {-260, -529}, {0x06, 0x1B, 0x7C, 0xFF}}},
	{{{45, -34, 10}, 0, {-260, -529}, {0xFF, 0x9F, 0x52, 0xFF}}},
	{{{41, -37, -36}, 0, {-260, -529}, {0xD8, 0x9D, 0xBB, 0xFF}}},
	{{{25, -1, -44}, 0, {-260, -529}, {0xDF, 0xE2, 0x89, 0xFF}}},
	{{{26, 41, -41}, 0, {-260, -529}, {0xF5, 0x41, 0x94, 0xFF}}},
	{{{70, 89, -20}, 0, {-260, -529}, {0xF0, 0x7E, 0xF8, 0xFF}}},
	{{{77, 41, 21}, 0, {-260, -529}, {0x14, 0x28, 0x77, 0xFF}}},
	{{{83, -17, 10}, 0, {-260, -529}, {0x43, 0xC1, 0x58, 0xFF}}},
	{{{89, -47, -37}, 0, {-260, -529}, {0x4B, 0xA4, 0xD4, 0xFF}}},
	{{{76, -18, -48}, 0, {-260, -529}, {0x2D, 0x03, 0x89, 0xFF}}},
	{{{69, 10, -36}, 0, {-260, -529}, {0x34, 0x1D, 0x90, 0xFF}}},
	{{{78, 59, -34}, 0, {-260, -529}, {0xF6, 0x16, 0x83, 0xFF}}},
	{{{119, 70, -42}, 0, {-260, -529}, {0x33, 0x41, 0x9F, 0xFF}}},
	{{{121, 73, -21}, 0, {-260, -529}, {0x4C, 0x5F, 0x22, 0xFF}}},
	{{{141, 34, -7}, 0, {-260, -529}, {0x74, 0xF7, 0x34, 0xFF}}},
	{{{133, 28, -40}, 0, {-260, -529}, {0x50, 0xD8, 0xA6, 0xFF}}},
	{{{89, -6, -27}, 0, {-260, -529}, {0x64, 0xE3, 0xB8, 0xFF}}},
};

Gfx monteman_Metal_Mario_Switch_Option_Left_Hand_Open_Switch_Option_Left_Hand_Open_mesh_layer_1_tri_0[] = {
	gsSPVertex(monteman_Metal_Mario_Switch_Option_Left_Hand_Open_Switch_Option_Left_Hand_Open_mesh_layer_1_vtx_0 + 0, 37, 0),
	gsSP2Triangles(0, 1, 2, 0, 2, 1, 3, 0),
	gsSP2Triangles(3, 4, 2, 0, 4, 3, 5, 0),
	gsSP2Triangles(3, 6, 5, 0, 7, 6, 3, 0),
	gsSP2Triangles(8, 7, 3, 0, 9, 7, 8, 0),
	gsSP2Triangles(9, 10, 7, 0, 11, 10, 9, 0),
	gsSP2Triangles(12, 11, 9, 0, 5, 11, 12, 0),
	gsSP2Triangles(5, 13, 11, 0, 6, 13, 5, 0),
	gsSP2Triangles(10, 13, 6, 0, 6, 7, 10, 0),
	gsSP2Triangles(10, 11, 13, 0, 14, 15, 0, 0),
	gsSP2Triangles(5, 15, 14, 0, 14, 16, 5, 0),
	gsSP2Triangles(17, 16, 14, 0, 14, 18, 17, 0),
	gsSP2Triangles(14, 19, 18, 0, 14, 20, 19, 0),
	gsSP2Triangles(0, 20, 14, 0, 2, 20, 0, 0),
	gsSP2Triangles(19, 20, 2, 0, 2, 21, 19, 0),
	gsSP2Triangles(2, 22, 21, 0, 2, 4, 22, 0),
	gsSP2Triangles(4, 23, 22, 0, 4, 16, 23, 0),
	gsSP2Triangles(5, 16, 4, 0, 16, 17, 23, 0),
	gsSP2Triangles(23, 17, 24, 0, 18, 24, 17, 0),
	gsSP2Triangles(24, 18, 25, 0, 19, 25, 18, 0),
	gsSP2Triangles(19, 26, 25, 0, 27, 26, 19, 0),
	gsSP2Triangles(21, 27, 19, 0, 28, 27, 21, 0),
	gsSP2Triangles(21, 22, 28, 0, 28, 22, 29, 0),
	gsSP2Triangles(22, 23, 29, 0, 29, 23, 24, 0),
	gsSP2Triangles(29, 24, 30, 0, 24, 31, 30, 0),
	gsSP2Triangles(25, 31, 24, 0, 32, 31, 25, 0),
	gsSP2Triangles(25, 33, 32, 0, 33, 25, 26, 0),
	gsSP2Triangles(34, 33, 26, 0, 27, 34, 26, 0),
	gsSP2Triangles(35, 34, 27, 0, 36, 35, 27, 0),
	gsSP2Triangles(28, 36, 27, 0, 29, 36, 28, 0),
	gsSP2Triangles(29, 30, 36, 0, 30, 31, 36, 0),
	gsSP2Triangles(31, 35, 36, 0, 31, 32, 35, 0),
	gsSP2Triangles(32, 34, 35, 0, 33, 34, 32, 0),
	gsSPEndDisplayList(),
};

Vtx monteman_Metal_Mario_Switch_Option_Right_Arm_Color_mesh_layer_1_vtx_0[36] = {
	{{{2, 2, 19}, 0, {3300, -2757}, {0xDA, 0x11, 0x78, 0xFF}}},
	{{{-12, 0, -16}, 0, {4652, -2717}, {0xAC, 0xF7, 0xA1, 0xFF}}},
	{{{-11, -17, 8}, 0, {3708, -3109}, {0xAA, 0xA9, 0x22, 0xFF}}},
	{{{2, 2, 19}, 0, {3300, -2757}, {0xDA, 0x11, 0x78, 0xFF}}},
	{{{-11, -17, 8}, 0, {3708, -3109}, {0xAA, 0xA9, 0x22, 0xFF}}},
	{{{51, -13, 3}, 0, {3908, -3009}, {0x43, 0x95, 0x0C, 0xFF}}},
	{{{2, 2, 19}, 0, {3300, -2757}, {0xDA, 0x11, 0x78, 0xFF}}},
	{{{-12, 17, 2}, 0, {3796, -2437}, {0xA3, 0x56, 0x0C, 0xFF}}},
	{{{-12, 0, -16}, 0, {4652, -2717}, {0xAC, 0xF7, 0xA1, 0xFF}}},
	{{{53, 16, 0}, 0, {4068, -2425}, {0x47, 0x68, 0xF2, 0xFF}}},
	{{{-12, 17, 2}, 0, {3796, -2437}, {0xA3, 0x56, 0x0C, 0xFF}}},
	{{{2, 2, 19}, 0, {3300, -2757}, {0xDA, 0x11, 0x78, 0xFF}}},
	{{{2, 2, 19}, 0, {3300, -2757}, {0xDA, 0x11, 0x78, 0xFF}}},
	{{{55, 5, 17}, 0, {3452, -2641}, {0x52, 0x10, 0x60, 0xFF}}},
	{{{53, 16, 0}, 0, {4068, -2425}, {0x47, 0x68, 0xF2, 0xFF}}},
	{{{51, -13, 3}, 0, {3908, -3009}, {0x43, 0x95, 0x0C, 0xFF}}},
	{{{55, 5, 17}, 0, {3452, -2641}, {0x52, 0x10, 0x60, 0xFF}}},
	{{{2, 2, 19}, 0, {3300, -2757}, {0xDA, 0x11, 0x78, 0xFF}}},
	{{{51, -13, 3}, 0, {3908, -3009}, {0x43, 0x95, 0x0C, 0xFF}}},
	{{{-11, -17, 8}, 0, {3708, -3109}, {0xAA, 0xA9, 0x22, 0xFF}}},
	{{{-12, 0, -16}, 0, {4652, -2717}, {0xAC, 0xF7, 0xA1, 0xFF}}},
	{{{-12, 0, -16}, 0, {4652, -2717}, {0xAC, 0xF7, 0xA1, 0xFF}}},
	{{{-12, 17, 2}, 0, {3796, -2437}, {0xA3, 0x56, 0x0C, 0xFF}}},
	{{{53, 16, 0}, 0, {4068, -2425}, {0x47, 0x68, 0xF2, 0xFF}}},
	{{{53, 16, 0}, 0, {4068, -2425}, {0x47, 0x68, 0xF2, 0xFF}}},
	{{{52, -1, -14}, 0, {4580, -2721}, {0x48, 0xF2, 0x98, 0xFF}}},
	{{{-12, 0, -16}, 0, {4652, -2717}, {0xAC, 0xF7, 0xA1, 0xFF}}},
	{{{55, 5, 17}, 0, {3452, -2641}, {0x52, 0x10, 0x60, 0xFF}}},
	{{{52, -1, -14}, 0, {4580, -2721}, {0x48, 0xF2, 0x98, 0xFF}}},
	{{{53, 16, 0}, 0, {4068, -2425}, {0x47, 0x68, 0xF2, 0xFF}}},
	{{{55, 5, 17}, 0, {3452, -2641}, {0x52, 0x10, 0x60, 0xFF}}},
	{{{51, -13, 3}, 0, {3908, -3009}, {0x43, 0x95, 0x0C, 0xFF}}},
	{{{52, -1, -14}, 0, {4580, -2721}, {0x48, 0xF2, 0x98, 0xFF}}},
	{{{-12, 0, -16}, 0, {4652, -2717}, {0xAC, 0xF7, 0xA1, 0xFF}}},
	{{{52, -1, -14}, 0, {4580, -2721}, {0x48, 0xF2, 0x98, 0xFF}}},
	{{{51, -13, 3}, 0, {3908, -3009}, {0x43, 0x95, 0x0C, 0xFF}}},
};

Gfx monteman_Metal_Mario_Switch_Option_Right_Arm_Color_mesh_layer_1_tri_0[] = {
	gsSPVertex(monteman_Metal_Mario_Switch_Option_Right_Arm_Color_mesh_layer_1_vtx_0 + 0, 36, 0),
	gsSP2Triangles(0, 1, 2, 0, 3, 4, 5, 0),
	gsSP2Triangles(6, 7, 8, 0, 9, 10, 11, 0),
	gsSP2Triangles(12, 13, 14, 0, 15, 16, 17, 0),
	gsSP2Triangles(18, 19, 20, 0, 21, 22, 23, 0),
	gsSP2Triangles(24, 25, 26, 0, 27, 28, 29, 0),
	gsSP2Triangles(30, 31, 32, 0, 33, 34, 35, 0),
	gsSPEndDisplayList(),
};

Vtx monteman_Metal_Mario_Switch_Option_Right_Forearm_mesh_layer_1_vtx_0[60] = {
	{{{56, 3, 17}, 0, {-308, 459}, {0x4C, 0x02, 0x65, 0xFF}}},
	{{{56, 2, -7}, 0, {-278, 455}, {0x53, 0x02, 0xA0, 0xFF}}},
	{{{56, 17, 5}, 0, {-412, -41}, {0x48, 0x68, 0x05, 0xFF}}},
	{{{-5, 19, 2}, 0, {1904, -185}, {0xF0, 0x7E, 0x00, 0xFF}}},
	{{{56, 17, 5}, 0, {-348, 29}, {0x48, 0x68, 0x05, 0xFF}}},
	{{{56, 2, -7}, 0, {-234, 493}, {0x53, 0x02, 0xA0, 0xFF}}},
	{{{56, 3, 17}, 0, {-308, 459}, {0x4D, 0x02, 0x65, 0xFF}}},
	{{{56, 17, 5}, 0, {-412, -41}, {0x48, 0x68, 0x05, 0xFF}}},
	{{{-5, 19, 2}, 0, {1900, -157}, {0xF0, 0x7E, 0x00, 0xFF}}},
	{{{56, 3, 17}, 0, {-308, 459}, {0x4C, 0x02, 0x65, 0xFF}}},
	{{{56, -11, 5}, 0, {-280, -119}, {0x4F, 0x9D, 0x0A, 0xFF}}},
	{{{56, 2, -7}, 0, {-278, 455}, {0x53, 0x02, 0xA0, 0xFF}}},
	{{{4, -1, -19}, 0, {1798, 487}, {0xFE, 0xFA, 0x81, 0xFF}}},
	{{{56, 2, -7}, 0, {-278, 455}, {0x53, 0x03, 0xA0, 0xFF}}},
	{{{56, -11, 5}, 0, {-292, -99}, {0x50, 0x9D, 0x0A, 0xFF}}},
	{{{56, 2, -7}, 0, {-234, 493}, {0x53, 0x02, 0xA0, 0xFF}}},
	{{{4, -1, -19}, 0, {1772, 515}, {0xFE, 0xFA, 0x81, 0xFF}}},
	{{{-5, 19, 2}, 0, {1904, -185}, {0xF0, 0x7E, 0x00, 0xFF}}},
	{{{-5, 19, 2}, 0, {1900, -157}, {0xF0, 0x7E, 0x00, 0xFF}}},
	{{{5, 2, 18}, 0, {1680, 469}, {0xFD, 0x07, 0x7F, 0xFF}}},
	{{{56, 3, 17}, 0, {-308, 459}, {0x4C, 0x02, 0x65, 0xFF}}},
	{{{-5, 19, 2}, 0, {1180, 135}, {0xF0, 0x7E, 0x00, 0xFF}}},
	{{{4, -1, -19}, 0, {388, 317}, {0xFE, 0xFA, 0x81, 0xFF}}},
	{{{-13, -1, -14}, 0, {632, -389}, {0xA8, 0xFC, 0xA4, 0xFF}}},
	{{{-13, -1, -14}, 0, {632, -389}, {0xA8, 0xFC, 0xA4, 0xFF}}},
	{{{-12, 16, 0}, 0, {1176, -217}, {0xA5, 0x57, 0xEE, 0xFF}}},
	{{{-5, 19, 2}, 0, {1180, 135}, {0xF0, 0x7E, 0x00, 0xFF}}},
	{{{-10, 5, 17}, 0, {906, -237}, {0xB8, 0x14, 0x67, 0xFF}}},
	{{{5, 2, 18}, 0, {998, 249}, {0xFD, 0x07, 0x7F, 0xFF}}},
	{{{-5, 19, 2}, 0, {462, 127}, {0xF0, 0x7E, 0x00, 0xFF}}},
	{{{-5, 19, 2}, 0, {462, 127}, {0xF0, 0x7E, 0x00, 0xFF}}},
	{{{-12, 16, 0}, 0, {484, -145}, {0xA5, 0x57, 0xEE, 0xFF}}},
	{{{-10, 5, 17}, 0, {906, -237}, {0xB8, 0x14, 0x67, 0xFF}}},
	{{{56, -11, 5}, 0, {-280, -119}, {0x50, 0x9D, 0x0A, 0xFF}}},
	{{{56, 3, 17}, 0, {-244, 461}, {0x4D, 0x02, 0x65, 0xFF}}},
	{{{5, 2, 18}, 0, {1770, 527}, {0xFD, 0x08, 0x7F, 0xFF}}},
	{{{5, 2, 18}, 0, {1770, 527}, {0xFD, 0x08, 0x7F, 0xFF}}},
	{{{3, -20, 3}, 0, {1786, -327}, {0xF4, 0x83, 0x10, 0xFF}}},
	{{{56, -11, 5}, 0, {-280, -119}, {0x50, 0x9D, 0x0A, 0xFF}}},
	{{{3, -20, 3}, 0, {1062, 263}, {0xF4, 0x83, 0x10, 0xFF}}},
	{{{5, 2, 18}, 0, {190, 277}, {0xFD, 0x08, 0x7F, 0xFF}}},
	{{{-10, 5, 17}, 0, {158, -301}, {0xB8, 0x14, 0x67, 0xFF}}},
	{{{56, -11, 5}, 0, {-292, -99}, {0x50, 0x9E, 0x0A, 0xFF}}},
	{{{3, -20, 3}, 0, {1796, -359}, {0xF4, 0x83, 0x11, 0xFF}}},
	{{{4, -1, -19}, 0, {1798, 487}, {0xFE, 0xFA, 0x81, 0xFF}}},
	{{{-13, -1, -14}, 0, {1072, -321}, {0xA8, 0xFC, 0xA4, 0xFF}}},
	{{{4, -1, -19}, 0, {1160, 289}, {0xFE, 0xFA, 0x81, 0xFF}}},
	{{{3, -20, 3}, 0, {484, 255}, {0xF4, 0x83, 0x11, 0xFF}}},
	{{{3, -20, 3}, 0, {484, 255}, {0xF4, 0x83, 0x11, 0xFF}}},
	{{{-14, -13, 3}, 0, {534, -367}, {0x9E, 0xB2, 0x12, 0xFF}}},
	{{{-13, -1, -14}, 0, {1072, -321}, {0xA8, 0xFC, 0xA4, 0xFF}}},
	{{{-10, 5, 17}, 0, {158, -301}, {0xB8, 0x14, 0x67, 0xFF}}},
	{{{-14, -13, 3}, 0, {964, -393}, {0x9E, 0xB2, 0x12, 0xFF}}},
	{{{3, -20, 3}, 0, {1062, 263}, {0xF4, 0x83, 0x10, 0xFF}}},
	{{{-10, 5, 17}, 0, {906, -237}, {0xB8, 0x14, 0x67, 0xFF}}},
	{{{-13, -1, -14}, 0, {1072, -321}, {0xA8, 0xFC, 0xA4, 0xFF}}},
	{{{-14, -13, 3}, 0, {534, -367}, {0x9E, 0xB2, 0x12, 0xFF}}},
	{{{-10, 5, 17}, 0, {906, -237}, {0xB8, 0x14, 0x67, 0xFF}}},
	{{{-12, 16, 0}, 0, {1176, -217}, {0xA5, 0x57, 0xEE, 0xFF}}},
	{{{-13, -1, -14}, 0, {1072, -321}, {0xA8, 0xFC, 0xA4, 0xFF}}},
};

Gfx monteman_Metal_Mario_Switch_Option_Right_Forearm_mesh_layer_1_tri_0[] = {
	gsSPVertex(monteman_Metal_Mario_Switch_Option_Right_Forearm_mesh_layer_1_vtx_0 + 0, 60, 0),
	gsSP2Triangles(0, 1, 2, 0, 3, 4, 5, 0),
	gsSP2Triangles(6, 7, 8, 0, 9, 10, 11, 0),
	gsSP2Triangles(12, 13, 14, 0, 15, 16, 17, 0),
	gsSP2Triangles(18, 19, 20, 0, 21, 22, 23, 0),
	gsSP2Triangles(24, 25, 26, 0, 27, 28, 29, 0),
	gsSP2Triangles(30, 31, 32, 0, 33, 34, 35, 0),
	gsSP2Triangles(36, 37, 38, 0, 39, 40, 41, 0),
	gsSP2Triangles(42, 43, 44, 0, 45, 46, 47, 0),
	gsSP2Triangles(48, 49, 50, 0, 51, 52, 53, 0),
	gsSP2Triangles(54, 55, 56, 0, 57, 58, 59, 0),
	gsSPEndDisplayList(),
};

Vtx monteman_Metal_Mario_Switch_Option_Right_Hand_DL_mesh_layer_1_vtx_0[25] = {
	{{{54, 54, 44}, 0, {-260, -529}, {0x14, 0x52, 0x5F, 0xFF}}},
	{{{29, 62, 34}, 0, {-260, -529}, {0xCE, 0x59, 0x4B, 0xFF}}},
	{{{57, 10, 66}, 0, {-260, -529}, {0xF3, 0x15, 0x7D, 0xFF}}},
	{{{58, 81, 0}, 0, {-260, -529}, {0x17, 0x7A, 0xE4, 0xFF}}},
	{{{97, 39, 24}, 0, {-260, -529}, {0x6B, 0x3E, 0x1C, 0xFF}}},
	{{{86, 15, 52}, 0, {-260, -529}, {0x45, 0x2D, 0x61, 0xFF}}},
	{{{96, -8, 52}, 0, {-260, -529}, {0x67, 0xF9, 0x49, 0xFF}}},
	{{{75, -33, 66}, 0, {-260, -529}, {0x19, 0xB2, 0x61, 0xFF}}},
	{{{29, 6, 49}, 0, {-260, -529}, {0xBF, 0xF9, 0x6D, 0xFF}}},
	{{{1, 24, 35}, 0, {-260, -529}, {0xF5, 0x3F, 0x6E, 0xFF}}},
	{{{10, 60, -4}, 0, {-260, -529}, {0xB1, 0x58, 0xD2, 0xFF}}},
	{{{35, 9, -37}, 0, {-260, -529}, {0xE7, 0xF6, 0x84, 0xFF}}},
	{{{86, 30, -33}, 0, {-260, -529}, {0x45, 0x1C, 0x99, 0xFF}}},
	{{{104, -26, 1}, 0, {-260, -529}, {0x65, 0xBF, 0xD7, 0xFF}}},
	{{{55, -44, -4}, 0, {-260, -529}, {0x07, 0x8C, 0xCC, 0xFF}}},
	{{{23, -26, 35}, 0, {-260, -529}, {0x0F, 0xBF, 0x6C, 0xFF}}},
	{{{-14, 26, 41}, 0, {-260, -529}, {0xC5, 0x34, 0x64, 0xFF}}},
	{{{-2, 41, -1}, 0, {-260, -529}, {0xDA, 0x71, 0xD4, 0xFF}}},
	{{{15, 0, -23}, 0, {-260, -529}, {0x0C, 0x01, 0x82, 0xFF}}},
	{{{31, -40, -1}, 0, {-260, -529}, {0x3D, 0x9A, 0xD4, 0xFF}}},
	{{{13, -38, 41}, 0, {-260, -529}, {0xFB, 0xB1, 0x63, 0xFF}}},
	{{{-16, -12, 6}, 0, {-260, -529}, {0x8B, 0xD0, 0xF6, 0xFF}}},
	{{{-19, 47, -4}, 0, {-260, -529}, {0xBE, 0x66, 0xDB, 0xFF}}},
	{{{4, -3, -33}, 0, {-260, -529}, {0xF0, 0xFB, 0x82, 0xFF}}},
	{{{24, -57, -4}, 0, {-260, -529}, {0x1B, 0x8A, 0xDB, 0xFF}}},
};

Gfx monteman_Metal_Mario_Switch_Option_Right_Hand_DL_mesh_layer_1_tri_0[] = {
	gsSPVertex(monteman_Metal_Mario_Switch_Option_Right_Hand_DL_mesh_layer_1_vtx_0 + 0, 25, 0),
	gsSP2Triangles(0, 1, 2, 0, 1, 0, 3, 0),
	gsSP2Triangles(0, 4, 3, 0, 4, 0, 5, 0),
	gsSP2Triangles(5, 0, 2, 0, 6, 5, 2, 0),
	gsSP2Triangles(7, 6, 2, 0, 7, 2, 8, 0),
	gsSP2Triangles(1, 8, 2, 0, 9, 8, 1, 0),
	gsSP2Triangles(1, 10, 9, 0, 3, 10, 1, 0),
	gsSP2Triangles(10, 3, 11, 0, 3, 12, 11, 0),
	gsSP2Triangles(3, 4, 12, 0, 12, 4, 13, 0),
	gsSP2Triangles(13, 4, 6, 0, 6, 4, 5, 0),
	gsSP2Triangles(13, 6, 7, 0, 14, 13, 7, 0),
	gsSP2Triangles(14, 7, 15, 0, 7, 8, 15, 0),
	gsSP2Triangles(8, 9, 15, 0, 15, 9, 16, 0),
	gsSP2Triangles(16, 9, 17, 0, 10, 17, 9, 0),
	gsSP2Triangles(10, 11, 17, 0, 11, 18, 17, 0),
	gsSP2Triangles(19, 18, 11, 0, 11, 14, 19, 0),
	gsSP2Triangles(11, 13, 14, 0, 11, 12, 13, 0),
	gsSP2Triangles(15, 19, 14, 0, 19, 15, 20, 0),
	gsSP2Triangles(16, 20, 15, 0, 16, 21, 20, 0),
	gsSP2Triangles(22, 21, 16, 0, 17, 22, 16, 0),
	gsSP2Triangles(23, 22, 17, 0, 17, 18, 23, 0),
	gsSP2Triangles(23, 18, 19, 0, 19, 24, 23, 0),
	gsSP2Triangles(20, 24, 19, 0, 20, 21, 24, 0),
	gsSP2Triangles(24, 21, 23, 0, 23, 21, 22, 0),
	gsSPEndDisplayList(),
};

Vtx monteman_Metal_Mario_Switch_Option_Right_Hand_Open_Switch_Option_Right_Hand_Open_mesh_layer_1_vtx_0[37] = {
	{{{7, 1, -26}, 0, {-260, -529}, {0x4C, 0x2A, 0xA4, 0xFF}}},
	{{{-9, 41, 5}, 0, {-260, -529}, {0x32, 0x74, 0xF3, 0xFF}}},
	{{{3, 36, 6}, 0, {-260, -529}, {0xD7, 0x74, 0xE1, 0xFF}}},
	{{{-1, 18, 42}, 0, {-260, -529}, {0xE1, 0x2F, 0x72, 0xFF}}},
	{{{9, 18, 35}, 0, {-260, -529}, {0xEA, 0x29, 0x76, 0xFF}}},
	{{{26, -24, 28}, 0, {-260, -529}, {0x0E, 0xBA, 0x69, 0xFF}}},
	{{{19, -36, 33}, 0, {-260, -529}, {0x16, 0xA9, 0x5A, 0xFF}}},
	{{{7, -30, 26}, 0, {-260, -529}, {0x9E, 0xBA, 0x2A, 0xFF}}},
	{{{-7, 7, 32}, 0, {-260, -529}, {0x8E, 0xE7, 0x31, 0xFF}}},
	{{{-12, 23, 6}, 0, {-260, -529}, {0x82, 0x00, 0xF0, 0xFF}}},
	{{{-9, 41, 5}, 0, {-260, -529}, {0x83, 0x14, 0xF4, 0xFF}}},
	{{{7, 1, -26}, 0, {-260, -529}, {0x9E, 0xE7, 0xB3, 0xFF}}},
	{{{0, -4, -15}, 0, {-260, -529}, {0x91, 0xDE, 0xCC, 0xFF}}},
	{{{11, -38, -3}, 0, {-260, -529}, {0xA5, 0xAD, 0xE3, 0xFF}}},
	{{{25, -46, -9}, 0, {-260, -529}, {0xB8, 0x9F, 0xDA, 0xFF}}},
	{{{30, -32, -4}, 0, {-260, -529}, {0x37, 0xA3, 0xBD, 0xFF}}},
	{{{46, -35, 37}, 0, {-260, -529}, {0xD8, 0xA4, 0x4E, 0xFF}}},
	{{{48, -35, -9}, 0, {-260, -529}, {0xF7, 0x99, 0xB6, 0xFF}}},
	{{{30, 13, -30}, 0, {-260, -529}, {0xD7, 0x03, 0x88, 0xFF}}},
	{{{16, 4, -17}, 0, {-260, -529}, {0xFF, 0x11, 0x82, 0xFF}}},
	{{{25, -46, -9}, 0, {-260, -529}, {0x77, 0xE1, 0xE0, 0xFF}}},
	{{{13, 53, 5}, 0, {-260, -529}, {0xAE, 0x5E, 0xE7, 0xFF}}},
	{{{20, 33, 48}, 0, {-260, -529}, {0xE2, 0x2A, 0x74, 0xFF}}},
	{{{32, 2, 43}, 0, {-260, -529}, {0xE2, 0xED, 0x7A, 0xFF}}},
	{{{81, -15, 45}, 0, {-260, -529}, {0x35, 0x0C, 0x73, 0xFF}}},
	{{{93, -45, 36}, 0, {-260, -529}, {0x4C, 0xA7, 0x31, 0xFF}}},
	{{{86, -19, -13}, 0, {-260, -529}, {0x3E, 0xB9, 0xAB, 0xFF}}},
	{{{81, 37, -28}, 0, {-260, -529}, {0x11, 0x1D, 0x86, 0xFF}}},
	{{{76, 88, 9}, 0, {-260, -529}, {0xF3, 0x7E, 0xFE, 0xFF}}},
	{{{34, 43, 36}, 0, {-260, -529}, {0xFD, 0x4A, 0x67, 0xFF}}},
	{{{75, 11, 32}, 0, {-260, -529}, {0x3D, 0x24, 0x69, 0xFF}}},
	{{{93, -5, 22}, 0, {-260, -529}, {0x68, 0xE6, 0x45, 0xFF}}},
	{{{136, 28, 31}, 0, {-260, -529}, {0x51, 0xDD, 0x5B, 0xFF}}},
	{{{143, 31, -1}, 0, {-260, -529}, {0x73, 0xF0, 0xCB, 0xFF}}},
	{{{125, 71, 9}, 0, {-260, -529}, {0x4E, 0x5A, 0xD4, 0xFF}}},
	{{{124, 69, 30}, 0, {-260, -529}, {0x39, 0x46, 0x5A, 0xFF}}},
	{{{84, 59, 25}, 0, {-260, -529}, {0xFD, 0x21, 0x7B, 0xFF}}},
};

Gfx monteman_Metal_Mario_Switch_Option_Right_Hand_Open_Switch_Option_Right_Hand_Open_mesh_layer_1_tri_0[] = {
	gsSPVertex(monteman_Metal_Mario_Switch_Option_Right_Hand_Open_Switch_Option_Right_Hand_Open_mesh_layer_1_vtx_0 + 0, 37, 0),
	gsSP2Triangles(0, 1, 2, 0, 2, 1, 3, 0),
	gsSP2Triangles(3, 4, 2, 0, 5, 4, 3, 0),
	gsSP2Triangles(3, 6, 5, 0, 3, 7, 6, 0),
	gsSP2Triangles(3, 8, 7, 0, 9, 8, 3, 0),
	gsSP2Triangles(10, 9, 3, 0, 11, 9, 10, 0),
	gsSP2Triangles(11, 12, 9, 0, 13, 12, 11, 0),
	gsSP2Triangles(14, 13, 11, 0, 6, 13, 14, 0),
	gsSP2Triangles(6, 7, 13, 0, 12, 13, 7, 0),
	gsSP2Triangles(7, 8, 12, 0, 8, 9, 12, 0),
	gsSP2Triangles(15, 5, 6, 0, 16, 5, 15, 0),
	gsSP2Triangles(17, 16, 15, 0, 18, 17, 15, 0),
	gsSP2Triangles(15, 19, 18, 0, 0, 19, 15, 0),
	gsSP2Triangles(15, 20, 0, 0, 6, 20, 15, 0),
	gsSP2Triangles(2, 19, 0, 0, 18, 19, 2, 0),
	gsSP2Triangles(21, 18, 2, 0, 22, 21, 2, 0),
	gsSP2Triangles(2, 4, 22, 0, 23, 22, 4, 0),
	gsSP2Triangles(23, 4, 5, 0, 16, 23, 5, 0),
	gsSP2Triangles(24, 23, 16, 0, 24, 16, 25, 0),
	gsSP2Triangles(25, 16, 17, 0, 17, 26, 25, 0),
	gsSP2Triangles(18, 26, 17, 0, 18, 27, 26, 0),
	gsSP2Triangles(28, 27, 18, 0, 21, 28, 18, 0),
	gsSP2Triangles(28, 21, 29, 0, 22, 29, 21, 0),
	gsSP2Triangles(29, 22, 23, 0, 29, 23, 24, 0),
	gsSP2Triangles(30, 29, 24, 0, 31, 30, 24, 0),
	gsSP2Triangles(25, 31, 24, 0, 26, 31, 25, 0),
	gsSP2Triangles(26, 32, 31, 0, 26, 33, 32, 0),
	gsSP2Triangles(27, 33, 26, 0, 27, 34, 33, 0),
	gsSP2Triangles(27, 28, 34, 0, 35, 34, 28, 0),
	gsSP2Triangles(28, 36, 35, 0, 29, 36, 28, 0),
	gsSP2Triangles(30, 36, 29, 0, 31, 36, 30, 0),
	gsSP2Triangles(31, 32, 36, 0, 32, 35, 36, 0),
	gsSP2Triangles(32, 33, 35, 0, 35, 33, 34, 0),
	gsSPEndDisplayList(),
};

Vtx monteman_Metal_Mario_Switch_Option_Right_Hand_Peace_Switch_Option_Right_Hand_Peace_mesh_layer_1_vtx_0[81] = {
	{{{56, 80, 1}, 0, {-260, -529}, {0x0E, 0x6C, 0x41, 0xFF}}},
	{{{84, 48, 24}, 0, {-260, -529}, {0x2E, 0x40, 0x64, 0xFF}}},
	{{{84, 60, -7}, 0, {-260, -529}, {0x4D, 0x5E, 0x24, 0xFF}}},
	{{{46, 49, 45}, 0, {-260, -529}, {0xF7, 0x48, 0x68, 0xFF}}},
	{{{8, 58, -2}, 0, {-260, -529}, {0xB7, 0x52, 0x40, 0xFF}}},
	{{{18, 30, 41}, 0, {-260, -529}, {0xC9, 0x2E, 0x69, 0xFF}}},
	{{{-4, 38, 0}, 0, {-260, -529}, {0xDD, 0x6A, 0x3D, 0xFF}}},
	{{{0, 21, 37}, 0, {-260, -529}, {0x05, 0x44, 0x6B, 0xFF}}},
	{{{-15, 23, 43}, 0, {-260, -529}, {0xD4, 0x3B, 0x67, 0xFF}}},
	{{{-22, 43, -3}, 0, {-260, -529}, {0x18, 0x74, 0x2F, 0xFF}}},
	{{{15, -39, 42}, 0, {-260, -529}, {0x13, 0xBA, 0x68, 0xFF}}},
	{{{23, -29, 36}, 0, {-260, -529}, {0x17, 0xC5, 0x6E, 0xFF}}},
	{{{24, -59, -3}, 0, {-260, -529}, {0x66, 0xC5, 0x30, 0xFF}}},
	{{{32, -43, 0}, 0, {-260, -529}, {0x30, 0x95, 0x32, 0xFF}}},
	{{{45, -29, 52}, 0, {-260, -529}, {0xE7, 0xBC, 0x68, 0xFF}}},
	{{{56, -47, -5}, 0, {-260, -529}, {0x10, 0x83, 0x10, 0xFF}}},
	{{{88, -34, 39}, 0, {-260, -529}, {0x3D, 0xA6, 0x41, 0xFF}}},
	{{{101, -29, 15}, 0, {-260, -529}, {0x47, 0x97, 0xFA, 0xFF}}},
	{{{94, -22, -18}, 0, {-260, -529}, {0x2B, 0x8C, 0xE4, 0xFF}}},
	{{{155, -15, 21}, 0, {-260, -529}, {0x15, 0x83, 0xF6, 0xFF}}},
	{{{166, -13, -17}, 0, {-260, -529}, {0x10, 0x82, 0xFE, 0xFF}}},
	{{{90, -3, 52}, 0, {-260, -529}, {0x48, 0x03, 0x69, 0xFF}}},
	{{{98, 10, 29}, 0, {-260, -529}, {0x5F, 0x1A, 0x51, 0xFF}}},
	{{{139, 53, 25}, 0, {-260, -529}, {0xFC, 0x13, 0x7D, 0xFF}}},
	{{{123, 72, 21}, 0, {-260, -529}, {0xFC, 0x17, 0x7D, 0xFF}}},
	{{{-22, 43, -3}, 0, {-260, -529}, {0x28, 0x4A, 0xA1, 0xFF}}},
	{{{-4, 38, 0}, 0, {-260, -529}, {0x24, 0x48, 0x9E, 0xFF}}},
	{{{14, -1, -22}, 0, {-260, -529}, {0x4B, 0x23, 0x9F, 0xFF}}},
	{{{2, -5, -33}, 0, {-260, -529}, {0x4A, 0x26, 0xA0, 0xFF}}},
	{{{32, -43, 0}, 0, {-260, -529}, {0x50, 0xEC, 0xA0, 0xFF}}},
	{{{24, -59, -3}, 0, {-260, -529}, {0x4F, 0xEB, 0x9F, 0xFF}}},
	{{{105, 17, 3}, 0, {-260, -529}, {0x09, 0x7D, 0x12, 0xFF}}},
	{{{98, 10, 29}, 0, {-260, -529}, {0x0A, 0x7A, 0x23, 0xFF}}},
	{{{153, 7, 24}, 0, {-260, -529}, {0x0C, 0x7B, 0x1E, 0xFF}}},
	{{{162, 14, -11}, 0, {-260, -529}, {0x0B, 0x7D, 0x13, 0xFF}}},
	{{{89, 18, -34}, 0, {-260, -529}, {0x07, 0x7F, 0x00, 0xFF}}},
	{{{166, -13, -17}, 0, {-260, -529}, {0x7A, 0x09, 0x22, 0xFF}}},
	{{{162, 14, -11}, 0, {-260, -529}, {0x7A, 0x0B, 0x22, 0xFF}}},
	{{{153, 7, 24}, 0, {-260, -529}, {0x7A, 0x08, 0x23, 0xFF}}},
	{{{155, -15, 21}, 0, {-260, -529}, {0x7A, 0x06, 0x24, 0xFF}}},
	{{{101, -29, 15}, 0, {-260, -529}, {0x04, 0xDC, 0x7A, 0xFF}}},
	{{{153, 7, 24}, 0, {-260, -529}, {0xFE, 0xE4, 0x7C, 0xFF}}},
	{{{98, 10, 29}, 0, {-260, -529}, {0x09, 0xD6, 0x77, 0xFF}}},
	{{{155, -15, 21}, 0, {-260, -529}, {0xF7, 0xEE, 0x7D, 0xFF}}},
	{{{89, 18, -34}, 0, {-260, -529}, {0x07, 0x0A, 0x82, 0xFF}}},
	{{{162, 14, -11}, 0, {-260, -529}, {0x27, 0x20, 0x8B, 0xFF}}},
	{{{166, -13, -17}, 0, {-260, -529}, {0x1E, 0x07, 0x85, 0xFF}}},
	{{{94, -22, -18}, 0, {-260, -529}, {0x08, 0xCC, 0x8C, 0xFF}}},
	{{{33, 7, -37}, 0, {-260, -529}, {0xDF, 0xF9, 0x85, 0xFF}}},
	{{{56, -47, -5}, 0, {-260, -529}, {0xF2, 0xBB, 0x96, 0xFF}}},
	{{{32, -43, 0}, 0, {-260, -529}, {0xDC, 0xB8, 0x9E, 0xFF}}},
	{{{14, -1, -22}, 0, {-260, -529}, {0xBB, 0xE4, 0x99, 0xFF}}},
	{{{-4, 38, 0}, 0, {-260, -529}, {0xB6, 0x1E, 0x9D, 0xFF}}},
	{{{8, 58, -2}, 0, {-260, -529}, {0xD4, 0x34, 0x95, 0xFF}}},
	{{{56, 80, 1}, 0, {-260, -529}, {0xF9, 0x40, 0x93, 0xFF}}},
	{{{84, 60, -7}, 0, {-260, -529}, {0xFE, 0x45, 0x95, 0xFF}}},
	{{{126, 84, -3}, 0, {-260, -529}, {0x06, 0x33, 0x8C, 0xFF}}},
	{{{146, 59, -8}, 0, {-260, -529}, {0x17, 0x2A, 0x8A, 0xFF}}},
	{{{84, 60, -7}, 0, {-260, -529}, {0xC1, 0x67, 0x28, 0xFF}}},
	{{{84, 48, 24}, 0, {-260, -529}, {0xC2, 0x67, 0x29, 0xFF}}},
	{{{126, 84, -3}, 0, {-260, -529}, {0xC3, 0x67, 0x2A, 0xFF}}},
	{{{123, 72, 21}, 0, {-260, -529}, {0xC4, 0x67, 0x2C, 0xFF}}},
	{{{146, 59, -8}, 0, {-260, -529}, {0x59, 0xA6, 0xF5, 0xFF}}},
	{{{105, 17, 3}, 0, {-260, -529}, {0x58, 0xA6, 0xF0, 0xFF}}},
	{{{89, 18, -34}, 0, {-260, -529}, {0x52, 0xA6, 0xDA, 0xFF}}},
	{{{139, 53, 25}, 0, {-260, -529}, {0x5B, 0xA8, 0x03, 0xFF}}},
	{{{98, 10, 29}, 0, {-260, -529}, {0x5C, 0xA8, 0x01, 0xFF}}},
	{{{146, 59, -8}, 0, {-260, -529}, {0x5E, 0x4B, 0x29, 0xFF}}},
	{{{126, 84, -3}, 0, {-260, -529}, {0x61, 0x44, 0x2E, 0xFF}}},
	{{{123, 72, 21}, 0, {-260, -529}, {0x5D, 0x4C, 0x28, 0xFF}}},
	{{{139, 53, 25}, 0, {-260, -529}, {0x5A, 0x53, 0x22, 0xFF}}},
	{{{24, -59, -3}, 0, {-260, -529}, {0xC0, 0x95, 0xE8, 0xFF}}},
	{{{-8, -12, -20}, 0, {-260, -529}, {0x9B, 0xD0, 0xC4, 0xFF}}},
	{{{2, -5, -33}, 0, {-260, -529}, {0xAA, 0xDC, 0xAA, 0xFF}}},
	{{{6, -49, 0}, 0, {-260, -529}, {0xAB, 0xA5, 0xE6, 0xFF}}},
	{{{15, -39, 42}, 0, {-260, -529}, {0x13, 0xBA, 0x68, 0xFF}}},
	{{{0, -35, 32}, 0, {-260, -529}, {0xA4, 0xB8, 0x32, 0xFF}}},
	{{{-15, 23, 43}, 0, {-260, -529}, {0xD4, 0x3B, 0x67, 0xFF}}},
	{{{-21, 9, 33}, 0, {-260, -529}, {0x8D, 0xE6, 0x2F, 0xFF}}},
	{{{-22, 43, -3}, 0, {-260, -529}, {0x85, 0x11, 0xE6, 0xFF}}},
	{{{-25, 24, 0}, 0, {-260, -529}, {0x84, 0xFB, 0xE5, 0xFF}}},
};

Gfx monteman_Metal_Mario_Switch_Option_Right_Hand_Peace_Switch_Option_Right_Hand_Peace_mesh_layer_1_tri_0[] = {
	gsSPVertex(monteman_Metal_Mario_Switch_Option_Right_Hand_Peace_Switch_Option_Right_Hand_Peace_mesh_layer_1_vtx_0 + 0, 62, 0),
	gsSP2Triangles(0, 1, 2, 0, 3, 1, 0, 0),
	gsSP2Triangles(3, 0, 4, 0, 3, 4, 5, 0),
	gsSP2Triangles(5, 4, 6, 0, 6, 7, 5, 0),
	gsSP2Triangles(8, 7, 6, 0, 8, 6, 9, 0),
	gsSP2Triangles(10, 7, 8, 0, 10, 11, 7, 0),
	gsSP2Triangles(12, 11, 10, 0, 12, 13, 11, 0),
	gsSP2Triangles(14, 11, 13, 0, 15, 14, 13, 0),
	gsSP2Triangles(14, 15, 16, 0, 17, 16, 15, 0),
	gsSP2Triangles(17, 15, 18, 0, 18, 19, 17, 0),
	gsSP2Triangles(19, 18, 20, 0, 16, 17, 21, 0),
	gsSP2Triangles(17, 22, 21, 0, 22, 1, 21, 0),
	gsSP2Triangles(1, 22, 23, 0, 23, 24, 1, 0),
	gsSP2Triangles(21, 1, 3, 0, 14, 21, 3, 0),
	gsSP2Triangles(14, 3, 5, 0, 11, 14, 5, 0),
	gsSP2Triangles(7, 11, 5, 0, 16, 21, 14, 0),
	gsSP2Triangles(25, 26, 27, 0, 25, 27, 28, 0),
	gsSP2Triangles(28, 27, 29, 0, 28, 29, 30, 0),
	gsSP2Triangles(31, 32, 33, 0, 31, 33, 34, 0),
	gsSP2Triangles(34, 35, 31, 0, 36, 37, 38, 0),
	gsSP2Triangles(36, 38, 39, 0, 40, 41, 42, 0),
	gsSP2Triangles(40, 43, 41, 0, 44, 45, 46, 0),
	gsSP2Triangles(46, 47, 44, 0, 48, 44, 47, 0),
	gsSP2Triangles(49, 48, 47, 0, 48, 49, 50, 0),
	gsSP2Triangles(50, 51, 48, 0, 48, 51, 52, 0),
	gsSP2Triangles(53, 48, 52, 0, 53, 54, 48, 0),
	gsSP2Triangles(54, 44, 48, 0, 54, 55, 44, 0),
	gsSP2Triangles(56, 44, 55, 0, 44, 56, 57, 0),
	gsSP2Triangles(58, 59, 60, 0, 59, 61, 60, 0),
	gsSPVertex(monteman_Metal_Mario_Switch_Option_Right_Hand_Peace_Switch_Option_Right_Hand_Peace_mesh_layer_1_vtx_0 + 62, 19, 0),
	gsSP2Triangles(0, 1, 2, 0, 3, 1, 0, 0),
	gsSP2Triangles(3, 4, 1, 0, 5, 6, 7, 0),
	gsSP2Triangles(7, 8, 5, 0, 9, 10, 11, 0),
	gsSP2Triangles(9, 12, 10, 0, 13, 12, 9, 0),
	gsSP2Triangles(13, 14, 12, 0, 15, 14, 13, 0),
	gsSP2Triangles(15, 16, 14, 0, 17, 16, 15, 0),
	gsSP2Triangles(17, 18, 16, 0, 11, 18, 17, 0),
	gsSP2Triangles(11, 10, 18, 0, 16, 18, 10, 0),
	gsSP2Triangles(14, 16, 10, 0, 10, 12, 14, 0),
	gsSPEndDisplayList(),
};

Vtx monteman_Metal_Mario_Switch_Option_Right_Hand_Cap_Switch_Option_Right_Hand_Cap_mesh_layer_1_vtx_0[171] = {
	{{{281, -62, 40}, 0, {-260, 495}, {0x35, 0x96, 0x2E, 0xFF}}},
	{{{265, -46, 12}, 0, {1788, 495}, {0xD2, 0x00, 0x8A, 0xFF}}},
	{{{375, -46, -30}, 0, {764, -529}, {0x6D, 0x00, 0xBE, 0xFF}}},
	{{{265, -46, 12}, 0, {-260, 495}, {0xD2, 0x00, 0x8A, 0xFF}}},
	{{{281, -29, 40}, 0, {1788, 495}, {0x35, 0x6A, 0x2E, 0xFF}}},
	{{{375, -46, -30}, 0, {764, -529}, {0x6D, 0x00, 0xBE, 0xFF}}},
	{{{281, -29, 40}, 0, {-260, 495}, {0x35, 0x6A, 0x2E, 0xFF}}},
	{{{281, -62, 40}, 0, {1788, 495}, {0x35, 0x96, 0x2E, 0xFF}}},
	{{{375, -46, -30}, 0, {764, -529}, {0x6D, 0x00, 0xBE, 0xFF}}},
	{{{137, -120, 18}, 0, {1751, -508}, {0xF3, 0xA9, 0xA4, 0xFF}}},
	{{{124, -168, 116}, 0, {1746, -511}, {0x20, 0x86, 0xEE, 0xFF}}},
	{{{80, -132, 38}, 0, {1749, -510}, {0xF4, 0xA9, 0xA5, 0xFF}}},
	{{{175, -151, 85}, 0, {1746, -508}, {0x1E, 0x86, 0xEF, 0xFF}}},
	{{{213, -106, -7}, 0, {1751, -503}, {0x05, 0xAE, 0x9F, 0xFF}}},
	{{{178, -112, 5}, 0, {1751, -505}, {0xF2, 0xA9, 0xA4, 0xFF}}},
	{{{242, -131, 45}, 0, {1749, -504}, {0x2D, 0x8C, 0xE6, 0xFF}}},
	{{{213, -120, 152}, 0, {1751, -508}, {0x4B, 0xA9, 0x37, 0xFF}}},
	{{{271, -106, 97}, 0, {1751, -504}, {0x57, 0xAE, 0x2C, 0xFF}}},
	{{{258, -118, 36}, 0, {1751, -503}, {0x4C, 0xA3, 0xD5, 0xFF}}},
	{{{232, -97, -7}, 0, {1754, -502}, {0x2B, 0xBF, 0x9C, 0xFF}}},
	{{{222, -46, -26}, 0, {1759, -502}, {0x1D, 0x00, 0x84, 0xFF}}},
	{{{200, -46, -28}, 0, {1759, -503}, {0xF6, 0x00, 0x81, 0xFF}}},
	{{{213, 14, -7}, 0, {1751, -503}, {0x05, 0x52, 0x9F, 0xFF}}},
	{{{232, 5, -7}, 0, {1754, -502}, {0x2B, 0x41, 0x9C, 0xFF}}},
	{{{242, 40, 45}, 0, {1749, -504}, {0x2D, 0x74, 0xE6, 0xFF}}},
	{{{175, 59, 85}, 0, {1746, -508}, {0x1E, 0x7A, 0xEF, 0xFF}}},
	{{{137, 28, 18}, 0, {1751, -508}, {0xF3, 0x57, 0xA4, 0xFF}}},
	{{{178, 21, 5}, 0, {1751, -505}, {0xF2, 0x57, 0xA4, 0xFF}}},
	{{{124, 77, 116}, 0, {1746, -511}, {0x20, 0x7A, 0xEE, 0xFF}}},
	{{{80, 41, 38}, 0, {1749, -510}, {0xF4, 0x57, 0xA5, 0xFF}}},
	{{{169, 41, 194}, 0, {1749, -511}, {0x4C, 0x56, 0x36, 0xFF}}},
	{{{213, 28, 152}, 0, {1751, -508}, {0x4B, 0x57, 0x37, 0xFF}}},
	{{{188, -46, 226}, 0, {1759, -511}, {0x5F, 0x00, 0x54, 0xFF}}},
	{{{229, -46, 180}, 0, {1759, -509}, {0x5F, 0x00, 0x55, 0xFF}}},
	{{{169, -132, 194}, 0, {1749, -511}, {0x4C, 0xAA, 0x36, 0xFF}}},
	{{{284, -46, 118}, 0, {1759, -504}, {0x68, 0x00, 0x48, 0xFF}}},
	{{{283, -97, 80}, 0, {1754, -503}, {0x6C, 0xBF, 0x0F, 0xFF}}},
	{{{270, -98, 29}, 0, {1754, -502}, {0x5F, 0xC1, 0xC9, 0xFF}}},
	{{{252, -83, -3}, 0, {1754, -502}, {0x48, 0xD3, 0xA2, 0xFF}}},
	{{{244, -46, -16}, 0, {1759, -502}, {0x3E, 0x00, 0x91, 0xFF}}},
	{{{252, -9, -3}, 0, {1754, -502}, {0x48, 0x2D, 0xA2, 0xFF}}},
	{{{258, 27, 36}, 0, {1751, -503}, {0x4C, 0x5D, 0xD5, 0xFF}}},
	{{{271, 14, 97}, 0, {1751, -504}, {0x57, 0x52, 0x2C, 0xFF}}},
	{{{283, 5, 80}, 0, {1754, -503}, {0x6C, 0x41, 0x0F, 0xFF}}},
	{{{293, -46, 99}, 0, {1759, -503}, {0x79, 0x00, 0x27, 0xFF}}},
	{{{288, -83, 61}, 0, {1754, -502}, {0x76, 0xD4, 0xF0, 0xFF}}},
	{{{287, -46, 19}, 0, {1759, -500}, {0x6E, 0x00, 0xC1, 0xFF}}},
	{{{270, 7, 29}, 0, {1754, -502}, {0x5F, 0x3F, 0xC9, 0xFF}}},
	{{{288, -9, 61}, 0, {1754, -502}, {0x76, 0x2C, 0xF0, 0xFF}}},
	{{{296, -46, 75}, 0, {1759, -502}, {0x7F, 0x00, 0x00, 0xFF}}},
	{{{80, -132, 38}, 0, {1609, -393}, {0xF4, 0xA9, 0xA5, 0xFF}}},
	{{{95, -99, 20}, 0, {1673, -415}, {0xE4, 0xCF, 0x8E, 0xFF}}},
	{{{137, -120, 18}, 0, {1624, -452}, {0xF3, 0xA9, 0xA4, 0xFF}}},
	{{{61, -46, 5}, 0, {1788, -393}, {0xE2, 0x00, 0x85, 0xFF}}},
	{{{121, -46, -10}, 0, {1776, -452}, {0xE2, 0x00, 0x84, 0xFF}}},
	{{{95, 8, 20}, 0, {1740, -451}, {0xE4, 0x31, 0x8E, 0xFF}}},
	{{{80, 41, 38}, 0, {1628, -412}, {0xF4, 0x57, 0xA5, 0xFF}}},
	{{{137, 28, 18}, 0, {1654, -515}, {0xF3, 0x57, 0xA4, 0xFF}}},
	{{{137, -120, 18}, 0, {-331, 96}, {0xF3, 0xA9, 0xA4, 0xFF}}},
	{{{174, -76, -9}, 0, {865, -589}, {0xE4, 0xD0, 0x8E, 0xFF}}},
	{{{178, -112, 5}, 0, {-252, -526}, {0xF2, 0xA9, 0xA4, 0xFF}}},
	{{{121, -46, -10}, 0, {1950, 96}, {0xE2, 0x00, 0x84, 0xFF}}},
	{{{95, -99, 20}, 0, {405, 642}, {0xE4, 0xCF, 0x8E, 0xFF}}},
	{{{178, -112, 5}, 0, {1629, -493}, {0xF2, 0xA9, 0xA4, 0xFF}}},
	{{{200, -46, -28}, 0, {1759, -529}, {0xF6, 0x00, 0x81, 0xFF}}},
	{{{213, -106, -7}, 0, {1634, -529}, {0x05, 0xAE, 0x9F, 0xFF}}},
	{{{174, -76, -9}, 0, {1704, -497}, {0xE4, 0xD0, 0x8E, 0xFF}}},
	{{{121, -46, -10}, 0, {1776, -452}, {0xE2, 0x00, 0x84, 0xFF}}},
	{{{174, -16, -9}, 0, {1704, -497}, {0xE4, 0x30, 0x8E, 0xFF}}},
	{{{178, 21, 5}, 0, {1629, -493}, {0xF2, 0x57, 0xA4, 0xFF}}},
	{{{213, 14, -7}, 0, {1634, -529}, {0x05, 0x52, 0x9F, 0xFF}}},
	{{{137, 28, 18}, 0, {-331, 96}, {0xF3, 0x57, 0xA4, 0xFF}}},
	{{{121, -46, -10}, 0, {1950, 96}, {0xE2, 0x00, 0x84, 0xFF}}},
	{{{95, 8, 20}, 0, {405, 642}, {0xE4, 0x31, 0x8E, 0xFF}}},
	{{{174, -16, -9}, 0, {865, -589}, {0xE4, 0x30, 0x8E, 0xFF}}},
	{{{178, 21, 5}, 0, {-252, -526}, {0xF2, 0x57, 0xA4, 0xFF}}},
	{{{4, -3, -32}, 0, {-260, -529}, {0x49, 0x1F, 0x9D, 0x00}}},
	{{{-19, 47, -4}, 0, {-260, -529}, {0x2E, 0x74, 0xE9, 0x00}}},
	{{{-2, 41, 0}, 0, {-260, -529}, {0xDD, 0x73, 0xD7, 0x00}}},
	{{{-13, 26, 41}, 0, {-260, -529}, {0xC7, 0x35, 0x65, 0x00}}},
	{{{1, 24, 35}, 0, {-260, -529}, {0xF8, 0x3F, 0x6E, 0x00}}},
	{{{23, -25, 35}, 0, {-260, -529}, {0x10, 0xC0, 0x6D, 0x00}}},
	{{{13, -37, 41}, 0, {-260, -529}, {0xFB, 0xB1, 0x63, 0x00}}},
	{{{-15, -12, 7}, 0, {-260, -529}, {0x8B, 0xCF, 0xF8, 0x00}}},
	{{{-19, 47, -4}, 0, {-260, -529}, {0x83, 0xF4, 0xED, 0x00}}},
	{{{4, -3, -32}, 0, {-260, -529}, {0x99, 0xD5, 0xC4, 0x00}}},
	{{{24, -55, -4}, 0, {-260, -529}, {0xA1, 0xAF, 0xEC, 0x00}}},
	{{{31, -39, 0}, 0, {-260, -529}, {0x3D, 0x98, 0xD7, 0x00}}},
	{{{55, -43, -3}, 0, {-260, -529}, {0x07, 0x8C, 0xCD, 0x00}}},
	{{{35, 9, -36}, 0, {-260, -529}, {0xE6, 0xF5, 0x84, 0x00}}},
	{{{16, 1, -22}, 0, {-260, -529}, {0x04, 0xFF, 0x81, 0x00}}},
	{{{24, -55, -4}, 0, {-260, -529}, {0x74, 0xD3, 0xE9, 0x00}}},
	{{{11, 60, -3}, 0, {-260, -529}, {0xB2, 0x59, 0xD2, 0x00}}},
	{{{29, 62, 34}, 0, {-260, -529}, {0xCE, 0x59, 0x4B, 0x00}}},
	{{{29, 7, 48}, 0, {-260, -529}, {0xC0, 0xF9, 0x6E, 0x00}}},
	{{{75, -32, 65}, 0, {-260, -529}, {0x19, 0xB2, 0x61, 0x00}}},
	{{{103, -25, 1}, 0, {-260, -529}, {0x65, 0xBF, 0xD6, 0x00}}},
	{{{85, 30, -32}, 0, {-260, -529}, {0x45, 0x1C, 0x99, 0x00}}},
	{{{58, 81, 0}, 0, {-260, -529}, {0x18, 0x79, 0xE3, 0x00}}},
	{{{54, 54, 44}, 0, {-260, -529}, {0x15, 0x51, 0x60, 0x00}}},
	{{{56, 11, 65}, 0, {-260, -529}, {0xF1, 0x13, 0x7D, 0x00}}},
	{{{95, -8, 52}, 0, {-260, -529}, {0x67, 0xF9, 0x4A, 0x00}}},
	{{{96, 39, 24}, 0, {-260, -529}, {0x6C, 0x3D, 0x1C, 0x00}}},
	{{{85, 15, 52}, 0, {-260, -529}, {0x44, 0x2D, 0x62, 0x00}}},
	{{{127, -12, -2}, 0, {-260, 495}, {0x2A, 0x6E, 0x30, 0xFF}}},
	{{{146, -21, -9}, 0, {-260, 495}, {0x68, 0x49, 0xFE, 0xFF}}},
	{{{134, -5, -33}, 0, {-260, 495}, {0x51, 0x60, 0xED, 0xFF}}},
	{{{147, -46, -41}, 0, {-260, 495}, {0x74, 0xFF, 0xCC, 0xFF}}},
	{{{153, -46, -18}, 0, {-260, 495}, {0x7B, 0xFF, 0xDF, 0xFF}}},
	{{{146, -70, -9}, 0, {-260, 495}, {0x67, 0xB6, 0xFE, 0xFF}}},
	{{{134, -86, -33}, 0, {-260, 495}, {0x51, 0xA0, 0xED, 0xFF}}},
	{{{127, -79, -2}, 0, {-260, 495}, {0x2A, 0x92, 0x30, 0xFF}}},
	{{{112, -91, -18}, 0, {-260, 495}, {0x11, 0x85, 0x1A, 0xFF}}},
	{{{89, -86, -2}, 0, {-260, 495}, {0xCD, 0xA1, 0x43, 0xFF}}},
	{{{105, -76, 11}, 0, {-260, 495}, {0xE7, 0xAD, 0x5C, 0xFF}}},
	{{{76, -46, 6}, 0, {-260, 495}, {0xA7, 0xFE, 0x5A, 0xFF}}},
	{{{97, -46, 19}, 0, {-260, 495}, {0xBC, 0xFF, 0x6C, 0xFF}}},
	{{{105, -15, 11}, 0, {-260, 495}, {0xE7, 0x53, 0x5D, 0xFF}}},
	{{{89, -5, -2}, 0, {-260, 495}, {0xCF, 0x60, 0x43, 0xFF}}},
	{{{112, 0, -18}, 0, {-260, 495}, {0x11, 0x7B, 0x1A, 0xFF}}},
	{{{116, -5, -61}, 0, {-260, 495}, {0x19, 0x58, 0xA7, 0xFF}}},
	{{{129, -46, -69}, 0, {-260, 495}, {0x48, 0x00, 0x98, 0xFF}}},
	{{{116, -86, -61}, 0, {-260, 495}, {0x19, 0xA8, 0xA8, 0xFF}}},
	{{{95, -91, -46}, 0, {-260, 495}, {0xDB, 0x94, 0xC8, 0xFF}}},
	{{{73, -86, -32}, 0, {-260, 495}, {0xA7, 0xA7, 0xF0, 0xFF}}},
	{{{57, -46, -21}, 0, {-260, 495}, {0x82, 0xFE, 0x12, 0xFF}}},
	{{{73, -5, -32}, 0, {-260, 495}, {0xA7, 0x59, 0xEE, 0xFF}}},
	{{{73, -5, -32}, 0, {-260, 495}, {0xA7, 0x59, 0xEE, 0xFF}}},
	{{{112, 0, -18}, 0, {-260, 495}, {0x11, 0x7B, 0x1A, 0xFF}}},
	{{{95, 0, -46}, 0, {-260, 495}, {0xDA, 0x6B, 0xC8, 0xFF}}},
	{{{116, -5, -61}, 0, {-260, 495}, {0x19, 0x58, 0xA7, 0xFF}}},
	{{{104, -46, -73}, 0, {-260, 495}, {0xE0, 0x00, 0x85, 0xFF}}},
	{{{129, -46, -69}, 0, {-260, 495}, {0x48, 0x00, 0x98, 0xFF}}},
	{{{116, -86, -61}, 0, {-260, 495}, {0x19, 0xA8, 0xA8, 0xFF}}},
	{{{95, -91, -46}, 0, {-260, 495}, {0xDB, 0x94, 0xC8, 0xFF}}},
	{{{70, -46, -50}, 0, {-260, 495}, {0xA1, 0x00, 0xAC, 0xFF}}},
	{{{73, -86, -32}, 0, {-260, 495}, {0xA7, 0xA7, 0xF0, 0xFF}}},
	{{{57, -46, -21}, 0, {-260, 495}, {0x82, 0xFE, 0x12, 0xFF}}},
	{{{275, 38, -13}, 0, {-260, 495}, {0x16, 0x7C, 0xEE, 0xFF}}},
	{{{323, 20, -75}, 0, {-260, 495}, {0x12, 0x43, 0x96, 0xFF}}},
	{{{228, 47, -32}, 0, {-260, 495}, {0xED, 0x53, 0xA2, 0xFF}}},
	{{{328, 34, -20}, 0, {-260, 495}, {0x28, 0x74, 0xDF, 0xFF}}},
	{{{367, 2, -25}, 0, {-260, 495}, {0x4C, 0x55, 0xC8, 0xFF}}},
	{{{378, -20, -63}, 0, {-260, 495}, {0x64, 0x02, 0xB2, 0xFF}}},
	{{{376, -46, -31}, 0, {-260, 495}, {0x66, 0x00, 0xB4, 0xFF}}},
	{{{407, -20, -24}, 0, {-260, 495}, {0x68, 0x02, 0xB7, 0xFF}}},
	{{{403, 20, 32}, 0, {-260, 495}, {0x6B, 0x43, 0x0E, 0xFF}}},
	{{{351, 34, 11}, 0, {-260, 495}, {0x2C, 0x74, 0xE3, 0xFF}}},
	{{{329, 38, 61}, 0, {-260, 495}, {0x18, 0x7C, 0xF0, 0xFF}}},
	{{{334, 47, 111}, 0, {-260, 495}, {0x55, 0x53, 0x2D, 0xFF}}},
	{{{348, 3, 89}, 0, {-260, 495}, {0x5C, 0xFB, 0x57, 0xFF}}},
	{{{385, -24, 57}, 0, {-260, 495}, {0x6C, 0xF9, 0x42, 0xFF}}},
	{{{392, -46, 10}, 0, {-260, 495}, {0x7E, 0x00, 0x0D, 0xFF}}},
	{{{407, -71, -24}, 0, {-260, 495}, {0x68, 0xFE, 0xB7, 0xFF}}},
	{{{403, -112, 32}, 0, {-260, 495}, {0x6B, 0xBD, 0x0E, 0xFF}}},
	{{{385, -67, 57}, 0, {-260, 495}, {0x6C, 0x07, 0x42, 0xFF}}},
	{{{348, -95, 89}, 0, {-260, 495}, {0x5C, 0x05, 0x57, 0xFF}}},
	{{{334, -138, 111}, 0, {-260, 495}, {0x55, 0xAD, 0x2D, 0xFF}}},
	{{{329, -130, 61}, 0, {-260, 495}, {0x18, 0x84, 0xF0, 0xFF}}},
	{{{351, -125, 11}, 0, {-260, 495}, {0x2C, 0x8C, 0xE3, 0xFF}}},
	{{{367, -93, -25}, 0, {-260, 495}, {0x4C, 0xAB, 0xC8, 0xFF}}},
	{{{378, -71, -63}, 0, {-260, 495}, {0x64, 0xFE, 0xB2, 0xFF}}},
	{{{323, -112, -75}, 0, {-260, 495}, {0x12, 0xBD, 0x96, 0xFF}}},
	{{{328, -125, -20}, 0, {-260, 495}, {0x28, 0x8C, 0xDF, 0xFF}}},
	{{{275, -130, -13}, 0, {-260, 495}, {0x16, 0x84, 0xEE, 0xFF}}},
	{{{228, -138, -32}, 0, {-260, 495}, {0xED, 0xAD, 0xA2, 0xFF}}},
	{{{254, -95, -40}, 0, {-260, 495}, {0xC8, 0x05, 0x8E, 0xFF}}},
	{{{295, -67, -65}, 0, {-260, 495}, {0xE1, 0x07, 0x85, 0xFF}}},
	{{{342, -46, -58}, 0, {-260, 495}, {0x18, 0x00, 0x83, 0xFF}}},
	{{{295, -24, -65}, 0, {-260, 495}, {0xE1, 0xF9, 0x85, 0xFF}}},
	{{{254, 3, -40}, 0, {-260, 495}, {0xC8, 0xFB, 0x8E, 0xFF}}},
};

Gfx monteman_Metal_Mario_Switch_Option_Right_Hand_Cap_Switch_Option_Right_Hand_Cap_mesh_layer_1_tri_0[] = {
	gsSPVertex(monteman_Metal_Mario_Switch_Option_Right_Hand_Cap_Switch_Option_Right_Hand_Cap_mesh_layer_1_vtx_0 + 0, 63, 0),
	gsSP2Triangles(0, 1, 2, 0, 3, 4, 5, 0),
	gsSP2Triangles(6, 7, 8, 0, 9, 10, 11, 0),
	gsSP2Triangles(12, 10, 9, 0, 13, 12, 9, 0),
	gsSP2Triangles(13, 9, 14, 0, 15, 12, 13, 0),
	gsSP2Triangles(16, 12, 15, 0, 15, 17, 16, 0),
	gsSP2Triangles(18, 17, 15, 0, 18, 15, 19, 0),
	gsSP2Triangles(19, 15, 13, 0, 19, 13, 20, 0),
	gsSP2Triangles(20, 13, 21, 0, 20, 21, 22, 0),
	gsSP2Triangles(23, 20, 22, 0, 23, 22, 24, 0),
	gsSP2Triangles(24, 22, 25, 0, 22, 26, 25, 0),
	gsSP2Triangles(22, 27, 26, 0, 25, 26, 28, 0),
	gsSP2Triangles(26, 29, 28, 0, 28, 30, 25, 0),
	gsSP2Triangles(25, 30, 31, 0, 30, 32, 31, 0),
	gsSP2Triangles(31, 32, 33, 0, 16, 33, 32, 0),
	gsSP2Triangles(34, 16, 32, 0, 12, 16, 34, 0),
	gsSP2Triangles(10, 12, 34, 0, 17, 33, 16, 0),
	gsSP2Triangles(17, 35, 33, 0, 36, 35, 17, 0),
	gsSP2Triangles(18, 36, 17, 0, 37, 36, 18, 0),
	gsSP2Triangles(37, 18, 38, 0, 38, 18, 19, 0),
	gsSP2Triangles(38, 19, 39, 0, 39, 19, 20, 0),
	gsSP2Triangles(39, 20, 23, 0, 40, 39, 23, 0),
	gsSP2Triangles(40, 23, 41, 0, 41, 23, 24, 0),
	gsSP2Triangles(41, 24, 42, 0, 24, 31, 42, 0),
	gsSP2Triangles(31, 24, 25, 0, 42, 31, 33, 0),
	gsSP2Triangles(42, 33, 35, 0, 43, 42, 35, 0),
	gsSP2Triangles(44, 43, 35, 0, 44, 35, 36, 0),
	gsSP2Triangles(44, 36, 45, 0, 45, 36, 37, 0),
	gsSP2Triangles(45, 37, 46, 0, 46, 37, 38, 0),
	gsSP2Triangles(46, 38, 39, 0, 46, 39, 40, 0),
	gsSP2Triangles(46, 40, 47, 0, 47, 40, 41, 0),
	gsSP2Triangles(47, 41, 43, 0, 41, 42, 43, 0),
	gsSP2Triangles(48, 47, 43, 0, 48, 46, 47, 0),
	gsSP2Triangles(49, 46, 48, 0, 44, 49, 48, 0),
	gsSP2Triangles(44, 48, 43, 0, 44, 45, 49, 0),
	gsSP2Triangles(49, 45, 46, 0, 50, 51, 52, 0),
	gsSP2Triangles(53, 51, 50, 0, 53, 54, 51, 0),
	gsSP2Triangles(53, 55, 54, 0, 53, 56, 55, 0),
	gsSP2Triangles(56, 57, 55, 0, 58, 59, 60, 0),
	gsSP2Triangles(61, 59, 58, 0, 58, 62, 61, 0),
	gsSPVertex(monteman_Metal_Mario_Switch_Option_Right_Hand_Cap_Switch_Option_Right_Hand_Cap_mesh_layer_1_vtx_0 + 63, 64, 0),
	gsSP2Triangles(0, 1, 2, 0, 0, 3, 1, 0),
	gsSP2Triangles(3, 4, 1, 0, 5, 1, 4, 0),
	gsSP2Triangles(6, 1, 5, 0, 6, 7, 1, 0),
	gsSP2Triangles(8, 9, 10, 0, 9, 8, 11, 0),
	gsSP2Triangles(8, 12, 11, 0, 13, 14, 15, 0),
	gsSP2Triangles(15, 14, 16, 0, 16, 17, 15, 0),
	gsSP2Triangles(18, 17, 16, 0, 16, 19, 18, 0),
	gsSP2Triangles(16, 20, 19, 0, 21, 20, 16, 0),
	gsSP2Triangles(22, 20, 21, 0, 23, 20, 22, 0),
	gsSP2Triangles(19, 20, 23, 0, 24, 18, 19, 0),
	gsSP2Triangles(18, 24, 25, 0, 26, 25, 24, 0),
	gsSP2Triangles(24, 27, 26, 0, 13, 27, 24, 0),
	gsSP2Triangles(24, 28, 13, 0, 19, 28, 24, 0),
	gsSP2Triangles(15, 27, 13, 0, 26, 27, 15, 0),
	gsSP2Triangles(29, 26, 15, 0, 29, 15, 17, 0),
	gsSP2Triangles(30, 29, 17, 0, 17, 31, 30, 0),
	gsSP2Triangles(31, 17, 18, 0, 32, 31, 18, 0),
	gsSP2Triangles(25, 32, 18, 0, 25, 33, 32, 0),
	gsSP2Triangles(26, 33, 25, 0, 26, 34, 33, 0),
	gsSP2Triangles(35, 34, 26, 0, 29, 35, 26, 0),
	gsSP2Triangles(35, 29, 30, 0, 30, 36, 35, 0),
	gsSP2Triangles(36, 30, 37, 0, 30, 31, 37, 0),
	gsSP2Triangles(32, 37, 31, 0, 32, 38, 37, 0),
	gsSP2Triangles(33, 38, 32, 0, 33, 39, 38, 0),
	gsSP2Triangles(34, 39, 33, 0, 35, 39, 34, 0),
	gsSP2Triangles(36, 39, 35, 0, 39, 36, 40, 0),
	gsSP2Triangles(40, 36, 37, 0, 38, 40, 37, 0),
	gsSP2Triangles(38, 39, 40, 0, 41, 42, 43, 0),
	gsSP2Triangles(44, 43, 42, 0, 42, 45, 44, 0),
	gsSP2Triangles(44, 45, 46, 0, 46, 47, 44, 0),
	gsSP2Triangles(47, 46, 48, 0, 49, 47, 48, 0),
	gsSP2Triangles(50, 49, 48, 0, 48, 51, 50, 0),
	gsSP2Triangles(52, 50, 51, 0, 51, 53, 52, 0),
	gsSP2Triangles(52, 53, 54, 0, 54, 55, 52, 0),
	gsSP2Triangles(55, 54, 41, 0, 56, 55, 41, 0),
	gsSP2Triangles(43, 56, 41, 0, 56, 43, 57, 0),
	gsSP2Triangles(57, 43, 44, 0, 58, 57, 44, 0),
	gsSP2Triangles(44, 47, 58, 0, 47, 59, 58, 0),
	gsSP2Triangles(49, 59, 47, 0, 49, 60, 59, 0),
	gsSP2Triangles(61, 60, 49, 0, 50, 61, 49, 0),
	gsSP2Triangles(61, 50, 52, 0, 62, 61, 52, 0),
	gsSP2Triangles(52, 55, 62, 0, 55, 63, 62, 0),
	gsSP1Triangle(63, 55, 56, 0),
	gsSPVertex(monteman_Metal_Mario_Switch_Option_Right_Hand_Cap_Switch_Option_Right_Hand_Cap_mesh_layer_1_vtx_0 + 127, 44, 0),
	gsSP2Triangles(0, 1, 2, 0, 2, 1, 3, 0),
	gsSP2Triangles(3, 4, 2, 0, 4, 3, 5, 0),
	gsSP2Triangles(4, 5, 6, 0, 4, 6, 7, 0),
	gsSP2Triangles(7, 8, 4, 0, 8, 7, 9, 0),
	gsSP2Triangles(10, 8, 9, 0, 10, 0, 8, 0),
	gsSP2Triangles(0, 2, 8, 0, 8, 2, 4, 0),
	gsSP2Triangles(11, 12, 13, 0, 14, 12, 11, 0),
	gsSP2Triangles(15, 12, 14, 0, 15, 16, 12, 0),
	gsSP2Triangles(15, 17, 16, 0, 15, 18, 17, 0),
	gsSP2Triangles(15, 19, 18, 0, 15, 20, 19, 0),
	gsSP2Triangles(20, 21, 19, 0, 21, 22, 19, 0),
	gsSP2Triangles(22, 23, 19, 0, 19, 23, 24, 0),
	gsSP2Triangles(25, 19, 24, 0, 25, 18, 19, 0),
	gsSP2Triangles(25, 17, 18, 0, 25, 26, 17, 0),
	gsSP2Triangles(25, 27, 26, 0, 25, 28, 27, 0),
	gsSP2Triangles(27, 28, 29, 0, 30, 27, 29, 0),
	gsSP2Triangles(31, 27, 30, 0, 32, 27, 31, 0),
	gsSP2Triangles(33, 27, 32, 0, 33, 26, 27, 0),
	gsSP2Triangles(33, 17, 26, 0, 33, 34, 17, 0),
	gsSP2Triangles(33, 35, 34, 0, 33, 36, 35, 0),
	gsSP2Triangles(36, 37, 35, 0, 37, 38, 35, 0),
	gsSP2Triangles(38, 39, 35, 0, 35, 39, 40, 0),
	gsSP2Triangles(41, 35, 40, 0, 41, 34, 35, 0),
	gsSP2Triangles(41, 17, 34, 0, 41, 16, 17, 0),
	gsSP2Triangles(41, 12, 16, 0, 41, 42, 12, 0),
	gsSP2Triangles(12, 42, 43, 0, 13, 12, 43, 0),
	gsSPEndDisplayList(),
};

Vtx monteman_Metal_Mario_Switch_Option_Right_Hand_Wing_Cap_Swtich_Option_Right_Hand_Wing_Cap_mesh_layer_1_vtx_0[61] = {
	{{{131, 47, -1}, 0, {1948, -301}, {0xE4, 0x5C, 0xAE, 0xFF}}},
	{{{107, -19, -33}, 0, {688, -497}, {0xCE, 0x0E, 0x8C, 0xFF}}},
	{{{78, 11, 40}, 0, {1284, 289}, {0xD2, 0x40, 0x9D, 0xFF}}},
	{{{70, -52, 35}, 0, {132, 271}, {0xC6, 0xDB, 0x95, 0xFF}}},
	{{{114, -92, -11}, 0, {-556, -341}, {0xD0, 0xB9, 0xA2, 0xFF}}},
	{{{192, 11, -2}, 0, {-260, -529}, {0x53, 0x22, 0xA6, 0xFF}}},
	{{{107, -19, -33}, 0, {-260, -529}, {0xCE, 0x0E, 0x8C, 0xFF}}},
	{{{131, 47, -1}, 0, {-260, -529}, {0xE4, 0x5C, 0xAE, 0xFF}}},
	{{{182, -72, -8}, 0, {-260, -529}, {0x4A, 0xD9, 0xA0, 0xFF}}},
	{{{246, 29, 128}, 0, {-260, -529}, {0x71, 0x29, 0xD6, 0xFF}}},
	{{{183, 100, 86}, 0, {-260, -529}, {0x14, 0x7B, 0xE9, 0xFF}}},
	{{{129, 65, 103}, 0, {-260, -529}, {0xA4, 0x4D, 0x29, 0xFF}}},
	{{{78, 11, 40}, 0, {-260, -529}, {0xD2, 0x40, 0x9D, 0xFF}}},
	{{{45, 49, 53}, 0, {-260, -529}, {0xB1, 0x64, 0xFE, 0xFF}}},
	{{{18, -13, 33}, 0, {-260, -529}, {0x87, 0x12, 0xDC, 0xFF}}},
	{{{70, -52, 35}, 0, {-260, -529}, {0xC6, 0xDB, 0x95, 0xFF}}},
	{{{29, -82, 43}, 0, {-260, -529}, {0x9C, 0xB3, 0xF1, 0xFF}}},
	{{{106, -124, 90}, 0, {-260, -529}, {0x98, 0xBB, 0x17, 0xFF}}},
	{{{114, -92, -11}, 0, {-260, -529}, {0xD0, 0xB9, 0xA2, 0xFF}}},
	{{{151, -168, 67}, 0, {-260, -529}, {0xF7, 0x88, 0xD8, 0xFF}}},
	{{{228, -121, 117}, 0, {-260, -529}, {0x65, 0xC4, 0xCF, 0xFF}}},
	{{{181, -167, 138}, 0, {-260, -529}, {0x08, 0x84, 0x1B, 0xFF}}},
	{{{273, -105, 188}, 0, {-260, -529}, {0x6D, 0xC5, 0x1E, 0xFF}}},
	{{{285, -6, 196}, 0, {-260, -529}, {0x76, 0x1B, 0x26, 0xFF}}},
	{{{211, 81, 156}, 0, {-260, -529}, {0x26, 0x71, 0x2C, 0xFF}}},
	{{{228, 1, 228}, 0, {-260, -529}, {0xFC, 0x21, 0x7A, 0xFF}}},
	{{{192, 42, 190}, 0, {-260, -529}, {0xC4, 0x36, 0x62, 0xFF}}},
	{{{160, 65, 148}, 0, {-260, -529}, {0xB0, 0x43, 0x48, 0xFF}}},
	{{{137, -137, 134}, 0, {-260, -529}, {0xA3, 0xC7, 0x41, 0xFF}}},
	{{{73, 11, 60}, 0, {-260, -529}, {0xBC, 0xFA, 0x6B, 0xFF}}},
	{{{65, -53, 55}, 0, {-260, -529}, {0xBB, 0x08, 0x6A, 0xFF}}},
	{{{171, -129, 178}, 0, {-260, -529}, {0xB6, 0xCD, 0x5A, 0xFF}}},
	{{{216, -104, 220}, 0, {-260, -529}, {0xF4, 0xCF, 0x74, 0xFF}}},
	{{{4, -3, -32}, 0, {-260, -529}, {0x49, 0x1F, 0x9D, 0xFF}}},
	{{{-19, 47, -4}, 0, {-260, -529}, {0x2E, 0x74, 0xE9, 0xFF}}},
	{{{-2, 41, 0}, 0, {-260, -529}, {0xDD, 0x73, 0xD7, 0xFF}}},
	{{{-13, 26, 41}, 0, {-260, -529}, {0xC7, 0x35, 0x65, 0xFF}}},
	{{{1, 24, 35}, 0, {-260, -529}, {0xF8, 0x3F, 0x6E, 0xFF}}},
	{{{23, -25, 35}, 0, {-260, -529}, {0x10, 0xC0, 0x6D, 0xFF}}},
	{{{13, -37, 41}, 0, {-260, -529}, {0xFB, 0xB1, 0x63, 0xFF}}},
	{{{-15, -12, 7}, 0, {-260, -529}, {0x8B, 0xCF, 0xF8, 0xFF}}},
	{{{-19, 47, -4}, 0, {-260, -529}, {0x83, 0xF4, 0xED, 0xFF}}},
	{{{4, -3, -32}, 0, {-260, -529}, {0x99, 0xD5, 0xC4, 0xFF}}},
	{{{24, -55, -4}, 0, {-260, -529}, {0xA1, 0xAF, 0xEC, 0xFF}}},
	{{{31, -39, 0}, 0, {-260, -529}, {0x3D, 0x98, 0xD7, 0xFF}}},
	{{{55, -43, -3}, 0, {-260, -529}, {0x07, 0x8C, 0xCD, 0xFF}}},
	{{{35, 9, -36}, 0, {-260, -529}, {0xE6, 0xF5, 0x84, 0xFF}}},
	{{{16, 1, -22}, 0, {-260, -529}, {0x04, 0xFF, 0x81, 0xFF}}},
	{{{24, -55, -4}, 0, {-260, -529}, {0x74, 0xD3, 0xE9, 0xFF}}},
	{{{11, 60, -3}, 0, {-260, -529}, {0xB2, 0x59, 0xD2, 0xFF}}},
	{{{29, 62, 34}, 0, {-260, -529}, {0xCE, 0x59, 0x4B, 0xFF}}},
	{{{29, 7, 48}, 0, {-260, -529}, {0xC0, 0xF9, 0x6E, 0xFF}}},
	{{{75, -32, 65}, 0, {-260, -529}, {0x19, 0xB2, 0x61, 0xFF}}},
	{{{103, -25, 1}, 0, {-260, -529}, {0x65, 0xBF, 0xD6, 0xFF}}},
	{{{85, 30, -32}, 0, {-260, -529}, {0x45, 0x1C, 0x99, 0xFF}}},
	{{{58, 81, 0}, 0, {-260, -529}, {0x18, 0x79, 0xE3, 0xFF}}},
	{{{54, 54, 44}, 0, {-260, -529}, {0x15, 0x51, 0x60, 0xFF}}},
	{{{56, 11, 65}, 0, {-260, -529}, {0xF1, 0x13, 0x7D, 0xFF}}},
	{{{95, -8, 52}, 0, {-260, -529}, {0x67, 0xF9, 0x4A, 0xFF}}},
	{{{96, 39, 24}, 0, {-260, -529}, {0x6C, 0x3D, 0x1C, 0xFF}}},
	{{{85, 15, 52}, 0, {-260, -529}, {0x44, 0x2D, 0x62, 0xFF}}},
};

Gfx monteman_Metal_Mario_Switch_Option_Right_Hand_Wing_Cap_Swtich_Option_Right_Hand_Wing_Cap_mesh_layer_1_tri_0[] = {
	gsSPVertex(monteman_Metal_Mario_Switch_Option_Right_Hand_Wing_Cap_Swtich_Option_Right_Hand_Wing_Cap_mesh_layer_1_vtx_0 + 0, 61, 0),
	gsSP2Triangles(0, 1, 2, 0, 1, 3, 2, 0),
	gsSP2Triangles(1, 4, 3, 0, 5, 6, 7, 0),
	gsSP2Triangles(8, 6, 5, 0, 8, 5, 9, 0),
	gsSP2Triangles(5, 10, 9, 0, 7, 10, 5, 0),
	gsSP2Triangles(10, 7, 11, 0, 12, 11, 7, 0),
	gsSP2Triangles(12, 13, 11, 0, 12, 14, 13, 0),
	gsSP2Triangles(15, 14, 12, 0, 16, 14, 15, 0),
	gsSP2Triangles(16, 15, 17, 0, 18, 17, 15, 0),
	gsSP2Triangles(17, 18, 19, 0, 8, 19, 18, 0),
	gsSP2Triangles(18, 6, 8, 0, 20, 19, 8, 0),
	gsSP2Triangles(19, 20, 21, 0, 20, 22, 21, 0),
	gsSP2Triangles(23, 22, 20, 0, 20, 9, 23, 0),
	gsSP2Triangles(20, 8, 9, 0, 24, 23, 9, 0),
	gsSP2Triangles(25, 23, 24, 0, 25, 24, 26, 0),
	gsSP2Triangles(26, 24, 27, 0, 27, 24, 10, 0),
	gsSP2Triangles(24, 9, 10, 0, 10, 11, 27, 0),
	gsSP2Triangles(27, 11, 28, 0, 11, 29, 28, 0),
	gsSP2Triangles(11, 13, 29, 0, 13, 14, 29, 0),
	gsSP2Triangles(30, 29, 14, 0, 30, 14, 16, 0),
	gsSP2Triangles(30, 16, 17, 0, 30, 17, 28, 0),
	gsSP2Triangles(17, 19, 28, 0, 19, 21, 28, 0),
	gsSP2Triangles(28, 21, 31, 0, 31, 21, 32, 0),
	gsSP2Triangles(21, 22, 32, 0, 32, 22, 25, 0),
	gsSP2Triangles(22, 23, 25, 0, 32, 25, 26, 0),
	gsSP2Triangles(26, 31, 32, 0, 26, 28, 31, 0),
	gsSP2Triangles(26, 27, 28, 0, 29, 30, 28, 0),
	gsSP2Triangles(33, 34, 35, 0, 35, 34, 36, 0),
	gsSP2Triangles(36, 37, 35, 0, 38, 37, 36, 0),
	gsSP2Triangles(36, 39, 38, 0, 36, 40, 39, 0),
	gsSP2Triangles(41, 40, 36, 0, 42, 40, 41, 0),
	gsSP2Triangles(43, 40, 42, 0, 39, 40, 43, 0),
	gsSP2Triangles(44, 38, 39, 0, 38, 44, 45, 0),
	gsSP2Triangles(46, 45, 44, 0, 44, 47, 46, 0),
	gsSP2Triangles(33, 47, 44, 0, 44, 48, 33, 0),
	gsSP2Triangles(39, 48, 44, 0, 35, 47, 33, 0),
	gsSP2Triangles(46, 47, 35, 0, 49, 46, 35, 0),
	gsSP2Triangles(49, 35, 37, 0, 50, 49, 37, 0),
	gsSP2Triangles(37, 51, 50, 0, 51, 37, 38, 0),
	gsSP2Triangles(52, 51, 38, 0, 45, 52, 38, 0),
	gsSP2Triangles(45, 53, 52, 0, 46, 53, 45, 0),
	gsSP2Triangles(46, 54, 53, 0, 55, 54, 46, 0),
	gsSP2Triangles(49, 55, 46, 0, 55, 49, 50, 0),
	gsSP2Triangles(50, 56, 55, 0, 56, 50, 57, 0),
	gsSP2Triangles(50, 51, 57, 0, 52, 57, 51, 0),
	gsSP2Triangles(52, 58, 57, 0, 53, 58, 52, 0),
	gsSP2Triangles(53, 59, 58, 0, 54, 59, 53, 0),
	gsSP2Triangles(55, 59, 54, 0, 56, 59, 55, 0),
	gsSP2Triangles(59, 56, 60, 0, 60, 56, 57, 0),
	gsSP2Triangles(58, 60, 57, 0, 58, 59, 60, 0),
	gsSPEndDisplayList(),
};

Vtx monteman_Metal_Mario_Switch_Option_Right_Hand_Wing_Cap_Swtich_Option_Wings_mesh_layer_4_vtx_0[8] = {
	{{{368, 146, 7}, 0, {974, -16}, {0xBD, 0x65, 0xD9, 0xFF}}},
	{{{166, 37, 68}, 0, {-16, 2032}, {0xBE, 0x65, 0xD9, 0xFF}}},
	{{{212, 96, 143}, 0, {974, 2032}, {0xBD, 0x65, 0xD9, 0xFF}}},
	{{{322, 87, -67}, 0, {-16, -16}, {0xBE, 0x65, 0xD9, 0xFF}}},
	{{{178, -177, 128}, 0, {974, 2032}, {0xA8, 0xB3, 0xCF, 0xFF}}},
	{{{149, -100, 60}, 0, {-16, 2032}, {0xA8, 0xB3, 0xCF, 0xFF}}},
	{{{319, -248, -14}, 0, {974, -16}, {0xA8, 0xB3, 0xCF, 0xFF}}},
	{{{290, -171, -81}, 0, {-16, -16}, {0xA8, 0xB3, 0xCE, 0xFF}}},
};

Gfx monteman_Metal_Mario_Switch_Option_Right_Hand_Wing_Cap_Swtich_Option_Wings_mesh_layer_4_tri_0[] = {
	gsSPVertex(monteman_Metal_Mario_Switch_Option_Right_Hand_Wing_Cap_Swtich_Option_Wings_mesh_layer_4_vtx_0 + 0, 8, 0),
	gsSP2Triangles(0, 1, 2, 0, 0, 3, 1, 0),
	gsSP2Triangles(4, 5, 6, 0, 5, 7, 6, 0),
	gsSPEndDisplayList(),
};

Vtx monteman_Metal_Mario_Switch_Option_Right_Hand_Wing_Cap_Swtich_Option_Wings_mesh_layer_4_vtx_1[8] = {
	{{{178, -177, 128}, 0, {-16, 2032}, {0xA8, 0xB3, 0xCF, 0xFF}}},
	{{{319, -248, -14}, 0, {-16, -16}, {0xA8, 0xB3, 0xCF, 0xFF}}},
	{{{349, -325, 53}, 0, {974, -16}, {0xA8, 0xB3, 0xCF, 0xFF}}},
	{{{207, -253, 195}, 0, {974, 2032}, {0xA8, 0xB3, 0xCF, 0xFF}}},
	{{{414, 206, 82}, 0, {974, -16}, {0xBD, 0x65, 0xD8, 0xFF}}},
	{{{368, 146, 7}, 0, {-16, -16}, {0xBD, 0x65, 0xD9, 0xFF}}},
	{{{212, 96, 143}, 0, {-16, 2032}, {0xBD, 0x65, 0xD9, 0xFF}}},
	{{{258, 156, 218}, 0, {974, 2032}, {0xBD, 0x65, 0xD8, 0xFF}}},
};

Gfx monteman_Metal_Mario_Switch_Option_Right_Hand_Wing_Cap_Swtich_Option_Wings_mesh_layer_4_tri_1[] = {
	gsSPVertex(monteman_Metal_Mario_Switch_Option_Right_Hand_Wing_Cap_Swtich_Option_Wings_mesh_layer_4_vtx_1 + 0, 8, 0),
	gsSP2Triangles(0, 1, 2, 0, 3, 0, 2, 0),
	gsSP2Triangles(4, 5, 6, 0, 4, 6, 7, 0),
	gsSPEndDisplayList(),
};

Vtx monteman_Metal_Mario_Switch_Option_Left_Thigh_Color_mesh_layer_1_vtx_0[108] = {
	{{{46, 17, -28}, 0, {5696, -3607}, {0x1A, 0x58, 0xA9, 0xFF}}},
	{{{47, -33, -33}, 0, {2684, -3561}, {0x0E, 0xC0, 0x93, 0xFF}}},
	{{{19, 34, -12}, 0, {7360, -4803}, {0xD8, 0x77, 0xED, 0xFF}}},
	{{{46, 17, -28}, 0, {5696, -3607}, {0x1A, 0x58, 0xA9, 0xFF}}},
	{{{60, -20, -33}, 0, {3916, -2381}, {0x61, 0xFA, 0xAE, 0xFF}}},
	{{{47, -33, -33}, 0, {2684, -3561}, {0x0E, 0xC0, 0x93, 0xFF}}},
	{{{14, -61, -19}, 0, {1024, -5035}, {0xD5, 0x8E, 0xDC, 0xFF}}},
	{{{19, 34, -12}, 0, {7360, -4803}, {0xD8, 0x77, 0xED, 0xFF}}},
	{{{47, -33, -33}, 0, {2684, -3561}, {0x0E, 0xC0, 0x93, 0xFF}}},
	{{{47, -33, -33}, 0, {2684, -3561}, {0x0E, 0xC0, 0x93, 0xFF}}},
	{{{20, -48, -5}, 0, {1764, -3861}, {0x13, 0x9D, 0x4D, 0xFF}}},
	{{{14, -61, -19}, 0, {1024, -5035}, {0xD5, 0x8E, 0xDC, 0xFF}}},
	{{{20, -48, -5}, 0, {1764, -3861}, {0x13, 0x9D, 0x4D, 0xFF}}},
	{{{47, -33, -33}, 0, {2684, -3561}, {0x0E, 0xC0, 0x93, 0xFF}}},
	{{{60, -38, -3}, 0, {2536, -2393}, {0x66, 0xBC, 0x20, 0xFF}}},
	{{{60, -38, -3}, 0, {2536, -2393}, {0x66, 0xBC, 0x20, 0xFF}}},
	{{{47, -33, -33}, 0, {2684, -3561}, {0x0E, 0xC0, 0x93, 0xFF}}},
	{{{60, -20, -33}, 0, {3916, -2381}, {0x61, 0xFA, 0xAE, 0xFF}}},
	{{{33, 14, -1}, 0, {6644, -3391}, {0x22, 0x66, 0x43, 0xFF}}},
	{{{46, 17, -28}, 0, {5696, -3607}, {0x1A, 0x58, 0xA9, 0xFF}}},
	{{{19, 34, -12}, 0, {7360, -4803}, {0xD8, 0x77, 0xED, 0xFF}}},
	{{{59, 11, 0}, 0, {6356, -2423}, {0x70, 0x35, 0x1C, 0xFF}}},
	{{{46, 17, -28}, 0, {5696, -3607}, {0x1A, 0x58, 0xA9, 0xFF}}},
	{{{33, 14, -1}, 0, {6644, -3391}, {0x22, 0x66, 0x43, 0xFF}}},
	{{{60, -20, -33}, 0, {3916, -2381}, {0x61, 0xFA, 0xAE, 0xFF}}},
	{{{46, 17, -28}, 0, {5696, -3607}, {0x1A, 0x58, 0xA9, 0xFF}}},
	{{{59, -1, -25}, 0, {5424, -2419}, {0x7B, 0x10, 0xE5, 0xFF}}},
	{{{46, 17, -28}, 0, {5696, -3607}, {0x1A, 0x58, 0xA9, 0xFF}}},
	{{{59, 11, 0}, 0, {6356, -2423}, {0x70, 0x35, 0x1C, 0xFF}}},
	{{{59, -1, -25}, 0, {5424, -2419}, {0x7B, 0x10, 0xE5, 0xFF}}},
	{{{4, -7, 28}, 0, {4300, -5489}, {0xA7, 0x0B, 0x59, 0xFF}}},
	{{{19, 34, -12}, 0, {7360, -4803}, {0xD8, 0x77, 0xED, 0xFF}}},
	{{{14, -61, -19}, 0, {1024, -5035}, {0xD4, 0x8E, 0xDC, 0xFF}}},
	{{{20, -48, -5}, 0, {1764, -3861}, {0x13, 0x9D, 0x4D, 0xFF}}},
	{{{4, -7, 28}, 0, {4300, -5489}, {0xA7, 0x0B, 0x5A, 0xFF}}},
	{{{14, -61, -19}, 0, {1024, -5035}, {0xD5, 0x8E, 0xDD, 0xFF}}},
	{{{4, -7, 28}, 0, {4300, -5489}, {0xA7, 0x0B, 0x5A, 0xFF}}},
	{{{20, -48, -5}, 0, {1764, -3861}, {0x13, 0x9D, 0x4D, 0xFF}}},
	{{{60, -38, -3}, 0, {2536, -2393}, {0x66, 0xBC, 0x1F, 0xFF}}},
	{{{4, -7, 28}, 0, {4300, -5489}, {0xA7, 0x0B, 0x5A, 0xFF}}},
	{{{60, -38, -3}, 0, {2536, -2393}, {0x66, 0xBC, 0x20, 0xFF}}},
	{{{60, -8, 32}, 0, {4888, -2399}, {0x54, 0x02, 0x60, 0xFF}}},
	{{{54, -11, 21}, 0, {740, 253}, {0x7D, 0x15, 0xFE, 0xFF}}},
	{{{60, -8, 32}, 0, {4888, -2399}, {0x54, 0x02, 0x60, 0xFF}}},
	{{{60, -38, -3}, 0, {2536, -2393}, {0x66, 0xBC, 0x20, 0xFF}}},
	{{{54, -11, 21}, 0, {740, 253}, {0x7D, 0x15, 0xFE, 0xFF}}},
	{{{60, -38, -3}, 0, {2536, -2393}, {0x66, 0xBC, 0x1F, 0xFF}}},
	{{{55, -30, -4}, 0, {290, 285}, {0x7F, 0x00, 0xFB, 0xFF}}},
	{{{55, -30, -4}, 0, {290, 285}, {0x7F, 0x00, 0xFB, 0xFF}}},
	{{{60, -38, -3}, 0, {2536, -2393}, {0x66, 0xBC, 0x20, 0xFF}}},
	{{{60, -20, -33}, 0, {3916, -2381}, {0x61, 0xFA, 0xAE, 0xFF}}},
	{{{59, -1, -25}, 0, {5424, -2419}, {0x7B, 0x10, 0xE5, 0xFF}}},
	{{{54, -8, -21}, 0, {820, 247}, {0x7E, 0xF8, 0xF5, 0xFF}}},
	{{{60, -20, -33}, 0, {3916, -2381}, {0x61, 0xFA, 0xAE, 0xFF}}},
	{{{55, -30, -4}, 0, {290, 285}, {0x7F, 0x00, 0xFB, 0xFF}}},
	{{{60, -20, -33}, 0, {3916, -2381}, {0x61, 0xFA, 0xAE, 0xFF}}},
	{{{54, -8, -21}, 0, {820, 247}, {0x7E, 0xF7, 0xF6, 0xFF}}},
	{{{4, -7, 28}, 0, {4300, -5489}, {0xA7, 0x0B, 0x5A, 0xFF}}},
	{{{33, 14, -1}, 0, {6644, -3391}, {0x22, 0x66, 0x44, 0xFF}}},
	{{{19, 34, -12}, 0, {7360, -4803}, {0xD8, 0x77, 0xED, 0xFF}}},
	{{{60, -8, 32}, 0, {4888, -2399}, {0x54, 0x02, 0x60, 0xFF}}},
	{{{33, 14, -1}, 0, {6644, -3391}, {0x22, 0x66, 0x44, 0xFF}}},
	{{{4, -7, 28}, 0, {4300, -5489}, {0xA7, 0x0B, 0x5A, 0xFF}}},
	{{{33, 14, -1}, 0, {6644, -3391}, {0x22, 0x66, 0x43, 0xFF}}},
	{{{60, -8, 32}, 0, {4888, -2399}, {0x54, 0x02, 0x60, 0xFF}}},
	{{{59, 11, 0}, 0, {6356, -2423}, {0x70, 0x35, 0x1C, 0xFF}}},
	{{{60, -8, 32}, 0, {4888, -2399}, {0x54, 0x02, 0x60, 0xFF}}},
	{{{54, 7, -2}, 0, {1170, 213}, {0x7F, 0xF7, 0x05, 0xFF}}},
	{{{59, 11, 0}, 0, {6356, -2423}, {0x70, 0x35, 0x1C, 0xFF}}},
	{{{59, -1, -25}, 0, {5424, -2419}, {0x7B, 0x10, 0xE5, 0xFF}}},
	{{{59, 11, 0}, 0, {6356, -2423}, {0x70, 0x35, 0x1C, 0xFF}}},
	{{{54, 7, -2}, 0, {1170, 213}, {0x7F, 0xF6, 0x05, 0xFF}}},
	{{{60, -8, 32}, 0, {4888, -2399}, {0x54, 0x02, 0x5F, 0xFF}}},
	{{{54, -11, 21}, 0, {740, 253}, {0x7D, 0x15, 0xFE, 0xFF}}},
	{{{54, 7, -2}, 0, {1170, 213}, {0x7F, 0xF6, 0x05, 0xFF}}},
	{{{54, -11, 21}, 0, {740, 253}, {0x7D, 0x15, 0xFE, 0xFF}}},
	{{{74, 7, -1}, 0, {1152, -77}, {0x2A, 0x78, 0x03, 0xFF}}},
	{{{54, 7, -2}, 0, {1170, 213}, {0x7F, 0xF7, 0x05, 0xFF}}},
	{{{55, -30, -4}, 0, {290, 285}, {0x7F, 0x00, 0xFB, 0xFF}}},
	{{{84, -9, 18}, 0, {792, -187}, {0x50, 0x0B, 0x62, 0xFF}}},
	{{{54, -11, 21}, 0, {740, 253}, {0x7D, 0x15, 0xFE, 0xFF}}},
	{{{74, 7, -1}, 0, {1152, -77}, {0x2A, 0x78, 0x03, 0xFF}}},
	{{{54, -11, 21}, 0, {740, 253}, {0x7D, 0x15, 0xFE, 0xFF}}},
	{{{84, -9, 18}, 0, {792, -187}, {0x50, 0x0B, 0x62, 0xFF}}},
	{{{74, 7, -1}, 0, {1152, -77}, {0x2A, 0x78, 0x04, 0xFF}}},
	{{{54, -8, -21}, 0, {820, 247}, {0x7E, 0xF7, 0xF6, 0xFF}}},
	{{{54, 7, -2}, 0, {1170, 213}, {0x7F, 0xF6, 0x05, 0xFF}}},
	{{{59, -1, -25}, 0, {5424, -2419}, {0x7B, 0x10, 0xE4, 0xFF}}},
	{{{54, 7, -2}, 0, {1170, 213}, {0x7F, 0xF6, 0x05, 0xFF}}},
	{{{54, -8, -21}, 0, {820, 247}, {0x7E, 0xF7, 0xF6, 0xFF}}},
	{{{54, -8, -21}, 0, {820, 247}, {0x7E, 0xF7, 0xF6, 0xFF}}},
	{{{74, 7, -1}, 0, {1152, -77}, {0x2A, 0x78, 0x04, 0xFF}}},
	{{{84, -9, -20}, 0, {792, -187}, {0x4F, 0x10, 0x9E, 0xFF}}},
	{{{84, -9, -20}, 0, {792, -187}, {0x4F, 0x10, 0x9E, 0xFF}}},
	{{{74, 7, -1}, 0, {1152, -77}, {0x2A, 0x78, 0x03, 0xFF}}},
	{{{84, -9, 18}, 0, {792, -187}, {0x50, 0x0B, 0x62, 0xFF}}},
	{{{84, -9, -20}, 0, {792, -187}, {0x4F, 0x10, 0x9E, 0xFF}}},
	{{{55, -30, -4}, 0, {290, 285}, {0x7F, 0x00, 0xFB, 0xFF}}},
	{{{54, -8, -21}, 0, {820, 247}, {0x7E, 0xF8, 0xF6, 0xFF}}},
	{{{55, -30, -4}, 0, {290, 285}, {0x7F, 0x00, 0xFB, 0xFF}}},
	{{{84, -9, -20}, 0, {792, -187}, {0x4F, 0x10, 0x9E, 0xFF}}},
	{{{85, -25, -3}, 0, {396, -161}, {0x55, 0xA2, 0xFD, 0xFF}}},
	{{{84, -9, -20}, 0, {792, -187}, {0x4F, 0x10, 0x9E, 0xFF}}},
	{{{84, -9, 18}, 0, {792, -187}, {0x50, 0x0B, 0x62, 0xFF}}},
	{{{85, -25, -3}, 0, {396, -161}, {0x55, 0xA2, 0xFD, 0xFF}}},
	{{{84, -9, 18}, 0, {792, -187}, {0x50, 0x0B, 0x62, 0xFF}}},
	{{{55, -30, -4}, 0, {290, 285}, {0x7F, 0x00, 0xFB, 0xFF}}},
	{{{85, -25, -3}, 0, {396, -161}, {0x55, 0xA2, 0xFD, 0xFF}}},
};

Gfx monteman_Metal_Mario_Switch_Option_Left_Thigh_Color_mesh_layer_1_tri_0[] = {
	gsSPVertex(monteman_Metal_Mario_Switch_Option_Left_Thigh_Color_mesh_layer_1_vtx_0 + 0, 63, 0),
	gsSP2Triangles(0, 1, 2, 0, 3, 4, 5, 0),
	gsSP2Triangles(6, 7, 8, 0, 9, 10, 11, 0),
	gsSP2Triangles(12, 13, 14, 0, 15, 16, 17, 0),
	gsSP2Triangles(18, 19, 20, 0, 21, 22, 23, 0),
	gsSP2Triangles(24, 25, 26, 0, 27, 28, 29, 0),
	gsSP2Triangles(30, 31, 32, 0, 33, 34, 35, 0),
	gsSP2Triangles(36, 37, 38, 0, 39, 40, 41, 0),
	gsSP2Triangles(42, 43, 44, 0, 45, 46, 47, 0),
	gsSP2Triangles(48, 49, 50, 0, 51, 52, 53, 0),
	gsSP2Triangles(54, 55, 56, 0, 57, 58, 59, 0),
	gsSP1Triangle(60, 61, 62, 0),
	gsSPVertex(monteman_Metal_Mario_Switch_Option_Left_Thigh_Color_mesh_layer_1_vtx_0 + 63, 45, 0),
	gsSP2Triangles(0, 1, 2, 0, 3, 4, 5, 0),
	gsSP2Triangles(6, 7, 8, 0, 9, 10, 11, 0),
	gsSP2Triangles(12, 13, 14, 0, 15, 16, 17, 0),
	gsSP2Triangles(18, 19, 20, 0, 21, 22, 23, 0),
	gsSP2Triangles(24, 25, 26, 0, 27, 28, 29, 0),
	gsSP2Triangles(30, 31, 32, 0, 33, 34, 35, 0),
	gsSP2Triangles(36, 37, 38, 0, 39, 40, 41, 0),
	gsSP1Triangle(42, 43, 44, 0),
	gsSPEndDisplayList(),
};

Vtx monteman_Metal_Mario_Switch_Option_Left_Leg_mesh_layer_1_vtx_0[84] = {
	{{{43, -6, 15}, 0, {-428, 453}, {0x17, 0xF8, 0x7D, 0xFF}}},
	{{{59, 8, -1}, 0, {1728, -115}, {0x36, 0x72, 0xEF, 0xFF}}},
	{{{44, 6, 0}, 0, {-306, -101}, {0x0E, 0x7E, 0xF8, 0xFF}}},
	{{{43, -6, 15}, 0, {664, 233}, {0x17, 0xF8, 0x7D, 0xFF}}},
	{{{44, 6, 0}, 0, {1006, 261}, {0x0E, 0x7E, 0xF8, 0xFF}}},
	{{{20, 13, 0}, 0, {1198, -695}, {0x08, 0x7F, 0xFB, 0xFF}}},
	{{{44, 6, 0}, 0, {1006, 261}, {0x0E, 0x7E, 0xF9, 0xFF}}},
	{{{44, -6, -11}, 0, {662, 243}, {0x0B, 0xFE, 0x81, 0xFF}}},
	{{{20, 13, 0}, 0, {1198, -695}, {0x08, 0x7F, 0xFC, 0xFF}}},
	{{{44, -6, -11}, 0, {-406, 555}, {0x0B, 0xFE, 0x82, 0xFF}}},
	{{{44, 6, 0}, 0, {-358, -363}, {0x0E, 0x7E, 0xF9, 0xFF}}},
	{{{61, -6, -12}, 0, {1850, 509}, {0x4C, 0xFC, 0x9A, 0xFF}}},
	{{{61, -6, -12}, 0, {1850, 509}, {0x4C, 0xFC, 0x9A, 0xFF}}},
	{{{44, 6, 0}, 0, {-358, -363}, {0x0E, 0x7E, 0xF9, 0xFF}}},
	{{{59, 8, -1}, 0, {1734, -327}, {0x36, 0x72, 0xEF, 0xFF}}},
	{{{44, -15, -1}, 0, {1754, -125}, {0xFD, 0x81, 0xF6, 0xFF}}},
	{{{62, -6, 14}, 0, {-504, 459}, {0x4F, 0xF7, 0x63, 0xFF}}},
	{{{43, -6, 15}, 0, {1856, 437}, {0x17, 0xF8, 0x7D, 0xFF}}},
	{{{43, -6, 15}, 0, {-428, 453}, {0x17, 0xF8, 0x7D, 0xFF}}},
	{{{62, -6, 14}, 0, {1834, 417}, {0x4F, 0xF7, 0x63, 0xFF}}},
	{{{59, 8, -1}, 0, {1728, -115}, {0x36, 0x72, 0xEF, 0xFF}}},
	{{{13, -6, 24}, 0, {632, -1103}, {0xFB, 0xFC, 0x7F, 0xFF}}},
	{{{44, -15, -1}, 0, {374, 247}, {0xFD, 0x81, 0xF6, 0xFF}}},
	{{{43, -6, 15}, 0, {664, 233}, {0x17, 0xF8, 0x7D, 0xFF}}},
	{{{20, 13, 0}, 0, {1198, -695}, {0x08, 0x7F, 0xFB, 0xFF}}},
	{{{13, -6, 24}, 0, {632, -1103}, {0xFB, 0xFC, 0x7F, 0xFF}}},
	{{{43, -6, 15}, 0, {664, 233}, {0x17, 0xF8, 0x7D, 0xFF}}},
	{{{13, -6, 24}, 0, {632, -1103}, {0xFB, 0xFC, 0x7F, 0xFF}}},
	{{{20, 13, 0}, 0, {1198, -695}, {0x08, 0x7F, 0xFC, 0xFF}}},
	{{{-5, -9, 18}, 0, {592, -1711}, {0xB3, 0xEE, 0x64, 0xFF}}},
	{{{-5, -9, 18}, 0, {592, -1711}, {0xB3, 0xEE, 0x64, 0xFF}}},
	{{{20, 13, 0}, 0, {1198, -695}, {0x08, 0x7F, 0xFB, 0xFF}}},
	{{{-15, 7, -1}, 0, {942, -1959}, {0x93, 0x42, 0x01, 0xFF}}},
	{{{-5, -9, -20}, 0, {592, -1711}, {0xBD, 0xF2, 0x95, 0xFF}}},
	{{{20, 13, 0}, 0, {1198, -695}, {0x08, 0x7F, 0xFC, 0xFF}}},
	{{{11, -6, -22}, 0, {630, -1201}, {0x0A, 0xFF, 0x81, 0xFF}}},
	{{{20, 13, 0}, 0, {1198, -695}, {0x08, 0x7F, 0xFC, 0xFF}}},
	{{{-5, -9, -20}, 0, {592, -1711}, {0xBD, 0xF2, 0x95, 0xFF}}},
	{{{-15, 7, -1}, 0, {942, -1959}, {0x93, 0x42, 0x01, 0xFF}}},
	{{{11, -6, -22}, 0, {630, -1201}, {0x0A, 0xFF, 0x81, 0xFF}}},
	{{{20, 13, 0}, 0, {1198, -695}, {0x08, 0x7F, 0xFC, 0xFF}}},
	{{{44, -6, -11}, 0, {662, 243}, {0x0B, 0xFE, 0x81, 0xFF}}},
	{{{61, -6, -12}, 0, {-468, 481}, {0x4C, 0xFC, 0x9A, 0xFF}}},
	{{{57, -19, -1}, 0, {-332, -185}, {0x25, 0x87, 0xFC, 0xFF}}},
	{{{44, -6, -11}, 0, {1826, 519}, {0x0B, 0xFF, 0x82, 0xFF}}},
	{{{6, -21, -2}, 0, {188, -1283}, {0x1D, 0x84, 0xFB, 0xFF}}},
	{{{44, -6, -11}, 0, {662, 243}, {0x0B, 0xFF, 0x81, 0xFF}}},
	{{{44, -15, -1}, 0, {374, 247}, {0xFD, 0x81, 0xF6, 0xFF}}},
	{{{44, -6, -11}, 0, {1826, 519}, {0x0B, 0xFF, 0x82, 0xFF}}},
	{{{57, -19, -1}, 0, {-332, -185}, {0x25, 0x87, 0xFC, 0xFF}}},
	{{{44, -15, -1}, 0, {1754, -135}, {0xFD, 0x81, 0xF6, 0xFF}}},
	{{{44, -6, -11}, 0, {662, 243}, {0x0B, 0xFF, 0x82, 0xFF}}},
	{{{6, -21, -2}, 0, {188, -1283}, {0x1D, 0x84, 0xFB, 0xFF}}},
	{{{11, -6, -22}, 0, {630, -1201}, {0x0A, 0xFF, 0x81, 0xFF}}},
	{{{62, -6, 14}, 0, {1834, 417}, {0x4F, 0xF7, 0x63, 0xFF}}},
	{{{61, -6, -12}, 0, {1850, 509}, {0x4C, 0xFC, 0x9A, 0xFF}}},
	{{{59, 8, -1}, 0, {1728, -115}, {0x36, 0x72, 0xEF, 0xFF}}},
	{{{62, -6, 14}, 0, {1834, 417}, {0x4F, 0xF7, 0x63, 0xFF}}},
	{{{57, -19, -1}, 0, {-332, -185}, {0x25, 0x87, 0xFC, 0xFF}}},
	{{{61, -6, -12}, 0, {1850, 509}, {0x4C, 0xFC, 0x9A, 0xFF}}},
	{{{62, -6, 14}, 0, {-504, 459}, {0x4F, 0xF7, 0x63, 0xFF}}},
	{{{44, -15, -1}, 0, {1754, -125}, {0xFD, 0x81, 0xF6, 0xFF}}},
	{{{57, -19, -1}, 0, {-328, -95}, {0x25, 0x87, 0xFC, 0xFF}}},
	{{{44, -15, -1}, 0, {374, 247}, {0xFD, 0x81, 0xF6, 0xFF}}},
	{{{13, -6, 24}, 0, {632, -1103}, {0xFB, 0xFC, 0x7F, 0xFF}}},
	{{{6, -21, -2}, 0, {188, -1283}, {0x1D, 0x84, 0xFB, 0xFF}}},
	{{{-5, -9, 18}, 0, {592, -1711}, {0xB3, 0xEE, 0x64, 0xFF}}},
	{{{6, -21, -2}, 0, {188, -1283}, {0x1D, 0x84, 0xFB, 0xFF}}},
	{{{13, -6, 24}, 0, {632, -1103}, {0xFB, 0xFC, 0x7F, 0xFF}}},
	{{{6, -21, -2}, 0, {188, -1283}, {0x1D, 0x84, 0xFB, 0xFF}}},
	{{{-5, -9, 18}, 0, {592, -1711}, {0xB3, 0xEE, 0x64, 0xFF}}},
	{{{-4, -25, -3}, 0, {198, -1687}, {0xCD, 0x8C, 0xF8, 0xFF}}},
	{{{6, -21, -2}, 0, {188, -1283}, {0x1D, 0x84, 0xFB, 0xFF}}},
	{{{-5, -9, -20}, 0, {592, -1711}, {0xBD, 0xF2, 0x95, 0xFF}}},
	{{{11, -6, -22}, 0, {630, -1201}, {0x0A, 0xFF, 0x81, 0xFF}}},
	{{{-5, -9, -20}, 0, {592, -1711}, {0xBD, 0xF2, 0x95, 0xFF}}},
	{{{6, -21, -2}, 0, {188, -1283}, {0x1D, 0x84, 0xFB, 0xFF}}},
	{{{-4, -25, -3}, 0, {198, -1687}, {0xCD, 0x8C, 0xF8, 0xFF}}},
	{{{-5, -9, 18}, 0, {592, -1711}, {0xB3, 0xEE, 0x64, 0xFF}}},
	{{{-15, 7, -1}, 0, {942, -1959}, {0x93, 0x42, 0x01, 0xFF}}},
	{{{-5, -9, -20}, 0, {592, -1711}, {0xBD, 0xF2, 0x95, 0xFF}}},
	{{{-5, -9, 18}, 0, {592, -1711}, {0xB3, 0xEE, 0x64, 0xFF}}},
	{{{-5, -9, -20}, 0, {592, -1711}, {0xBD, 0xF2, 0x95, 0xFF}}},
	{{{-4, -25, -3}, 0, {198, -1687}, {0xCC, 0x8C, 0xF8, 0xFF}}},
};

Gfx monteman_Metal_Mario_Switch_Option_Left_Leg_mesh_layer_1_tri_0[] = {
	gsSPVertex(monteman_Metal_Mario_Switch_Option_Left_Leg_mesh_layer_1_vtx_0 + 0, 63, 0),
	gsSP2Triangles(0, 1, 2, 0, 3, 4, 5, 0),
	gsSP2Triangles(6, 7, 8, 0, 9, 10, 11, 0),
	gsSP2Triangles(12, 13, 14, 0, 15, 16, 17, 0),
	gsSP2Triangles(18, 19, 20, 0, 21, 22, 23, 0),
	gsSP2Triangles(24, 25, 26, 0, 27, 28, 29, 0),
	gsSP2Triangles(30, 31, 32, 0, 33, 34, 35, 0),
	gsSP2Triangles(36, 37, 38, 0, 39, 40, 41, 0),
	gsSP2Triangles(42, 43, 44, 0, 45, 46, 47, 0),
	gsSP2Triangles(48, 49, 50, 0, 51, 52, 53, 0),
	gsSP2Triangles(54, 55, 56, 0, 57, 58, 59, 0),
	gsSP1Triangle(60, 61, 62, 0),
	gsSPVertex(monteman_Metal_Mario_Switch_Option_Left_Leg_mesh_layer_1_vtx_0 + 63, 21, 0),
	gsSP2Triangles(0, 1, 2, 0, 3, 4, 5, 0),
	gsSP2Triangles(6, 7, 8, 0, 9, 10, 11, 0),
	gsSP2Triangles(12, 13, 14, 0, 15, 16, 17, 0),
	gsSP1Triangle(18, 19, 20, 0),
	gsSPEndDisplayList(),
};

Vtx monteman_Metal_Mario_Switch_Option_Left_Shoe_mesh_layer_1_vtx_0[23] = {
	{{{-11, 54, 53}, 0, {-260, -529}, {0x2D, 0x77, 0xFE, 0xFF}}},
	{{{-39, 64, -8}, 0, {-260, -529}, {0x2E, 0x76, 0xFE, 0xFF}}},
	{{{-41, 65, 26}, 0, {-260, -529}, {0x2C, 0x77, 0xFF, 0xFF}}},
	{{{-12, 53, -32}, 0, {-260, -529}, {0x2D, 0x77, 0xFE, 0xFF}}},
	{{{78, 21, 61}, 0, {-260, -529}, {0x2C, 0x77, 0xFE, 0xFF}}},
	{{{76, 20, -41}, 0, {-260, -529}, {0x2C, 0x77, 0xFE, 0xFF}}},
	{{{110, 9, 35}, 0, {-260, -529}, {0x2B, 0x77, 0xFE, 0xFF}}},
	{{{110, 8, -20}, 0, {-260, -529}, {0x2B, 0x77, 0xFE, 0xFF}}},
	{{{44, -12, -33}, 0, {-260, -529}, {0xFB, 0xB5, 0x99, 0xFF}}},
	{{{-12, 53, -32}, 0, {-260, -529}, {0xCF, 0xFE, 0x8B, 0xFF}}},
	{{{76, 20, -41}, 0, {-260, -529}, {0x13, 0xD0, 0x8C, 0xFF}}},
	{{{-35, 11, -21}, 0, {-260, -529}, {0xB5, 0xCB, 0xA8, 0xFF}}},
	{{{27, -35, 11}, 0, {-260, -529}, {0xE4, 0x84, 0xFC, 0xFF}}},
	{{{80, -31, 7}, 0, {-260, -529}, {0x36, 0x8D, 0xF9, 0xFF}}},
	{{{110, 8, -20}, 0, {-260, -529}, {0x49, 0xAA, 0xC6, 0xFF}}},
	{{{110, 9, 35}, 0, {-260, -529}, {0x4E, 0xAC, 0x37, 0xFF}}},
	{{{43, -18, 54}, 0, {-260, -529}, {0x00, 0xB0, 0x63, 0xFF}}},
	{{{78, 21, 61}, 0, {-260, -529}, {0x1C, 0xD2, 0x73, 0xFF}}},
	{{{-11, 54, 53}, 0, {-260, -529}, {0xD1, 0x03, 0x76, 0xFF}}},
	{{{-34, 12, 44}, 0, {-260, -529}, {0xB3, 0xCF, 0x58, 0xFF}}},
	{{{-41, 65, 26}, 0, {-260, -529}, {0x8E, 0x1A, 0x31, 0xFF}}},
	{{{-54, 15, 8}, 0, {-260, -529}, {0x89, 0xD3, 0xFC, 0xFF}}},
	{{{-39, 64, -8}, 0, {-260, -529}, {0x91, 0x19, 0xC7, 0xFF}}},
};

Gfx monteman_Metal_Mario_Switch_Option_Left_Shoe_mesh_layer_1_tri_0[] = {
	gsSPVertex(monteman_Metal_Mario_Switch_Option_Left_Shoe_mesh_layer_1_vtx_0 + 0, 23, 0),
	gsSP2Triangles(0, 1, 2, 0, 0, 3, 1, 0),
	gsSP2Triangles(0, 4, 3, 0, 4, 5, 3, 0),
	gsSP2Triangles(4, 6, 5, 0, 6, 7, 5, 0),
	gsSP2Triangles(8, 9, 10, 0, 8, 11, 9, 0),
	gsSP2Triangles(11, 8, 12, 0, 12, 8, 13, 0),
	gsSP2Triangles(14, 13, 8, 0, 8, 10, 14, 0),
	gsSP2Triangles(13, 14, 15, 0, 16, 13, 15, 0),
	gsSP2Triangles(15, 17, 16, 0, 16, 17, 18, 0),
	gsSP2Triangles(19, 16, 18, 0, 19, 18, 20, 0),
	gsSP2Triangles(20, 21, 19, 0, 21, 20, 22, 0),
	gsSP2Triangles(22, 11, 21, 0, 22, 9, 11, 0),
	gsSP2Triangles(21, 11, 12, 0, 12, 19, 21, 0),
	gsSP2Triangles(12, 16, 19, 0, 13, 16, 12, 0),
	gsSPEndDisplayList(),
};

Vtx monteman_Metal_Mario_Switch_Option_Right_Thigh_Color_mesh_layer_1_vtx_0[107] = {
	{{{46, 17, 28}, 0, {5696, -3607}, {0x1A, 0x58, 0x57, 0xFF}}},
	{{{19, 34, 12}, 0, {7360, -4803}, {0xD8, 0x77, 0x13, 0xFF}}},
	{{{47, -33, 33}, 0, {2684, -3561}, {0x0E, 0xC0, 0x6D, 0xFF}}},
	{{{46, 17, 28}, 0, {5696, -3607}, {0x1A, 0x58, 0x57, 0xFF}}},
	{{{47, -33, 33}, 0, {2684, -3561}, {0x0E, 0xC0, 0x6D, 0xFF}}},
	{{{60, -20, 33}, 0, {3916, -2381}, {0x61, 0xFA, 0x52, 0xFF}}},
	{{{14, -61, 19}, 0, {1024, -5035}, {0xD5, 0x8E, 0x24, 0xFF}}},
	{{{47, -33, 33}, 0, {2684, -3561}, {0x0E, 0xC0, 0x6D, 0xFF}}},
	{{{19, 34, 12}, 0, {7360, -4803}, {0xD8, 0x77, 0x13, 0xFF}}},
	{{{47, -33, 33}, 0, {2684, -3561}, {0x0E, 0xC0, 0x6D, 0xFF}}},
	{{{14, -61, 19}, 0, {1024, -5035}, {0xD5, 0x8E, 0x24, 0xFF}}},
	{{{20, -48, 5}, 0, {1764, -3861}, {0x13, 0x9D, 0xB3, 0xFF}}},
	{{{20, -48, 5}, 0, {1764, -3861}, {0x13, 0x9D, 0xB3, 0xFF}}},
	{{{60, -38, 3}, 0, {2536, -2393}, {0x66, 0xBC, 0xE0, 0xFF}}},
	{{{47, -33, 33}, 0, {2684, -3561}, {0x0E, 0xC0, 0x6D, 0xFF}}},
	{{{60, -38, 3}, 0, {2536, -2393}, {0x66, 0xBC, 0xE0, 0xFF}}},
	{{{60, -20, 33}, 0, {3916, -2381}, {0x61, 0xFA, 0x52, 0xFF}}},
	{{{47, -33, 33}, 0, {2684, -3561}, {0x0E, 0xC0, 0x6D, 0xFF}}},
	{{{33, 14, 1}, 0, {6644, -3391}, {0x22, 0x66, 0xBD, 0xFF}}},
	{{{19, 34, 12}, 0, {7360, -4803}, {0xD8, 0x77, 0x13, 0xFF}}},
	{{{46, 17, 28}, 0, {5696, -3607}, {0x1A, 0x58, 0x57, 0xFF}}},
	{{{59, 11, 0}, 0, {6356, -2423}, {0x70, 0x35, 0xE4, 0xFF}}},
	{{{33, 14, 1}, 0, {6644, -3391}, {0x22, 0x66, 0xBD, 0xFF}}},
	{{{46, 17, 28}, 0, {5696, -3607}, {0x1A, 0x58, 0x57, 0xFF}}},
	{{{60, -20, 33}, 0, {3916, -2381}, {0x61, 0xFA, 0x52, 0xFF}}},
	{{{59, -1, 25}, 0, {5424, -2419}, {0x7B, 0x10, 0x1B, 0xFF}}},
	{{{46, 17, 28}, 0, {5696, -3607}, {0x1A, 0x58, 0x57, 0xFF}}},
	{{{46, 17, 28}, 0, {5696, -3607}, {0x1A, 0x58, 0x57, 0xFF}}},
	{{{59, -1, 25}, 0, {5424, -2419}, {0x7B, 0x10, 0x1B, 0xFF}}},
	{{{59, 11, 0}, 0, {6356, -2423}, {0x70, 0x35, 0xE4, 0xFF}}},
	{{{4, -7, -28}, 0, {4300, -5489}, {0xA7, 0x0B, 0xA7, 0xFF}}},
	{{{14, -61, 19}, 0, {1024, -5035}, {0xD4, 0x8E, 0x24, 0xFF}}},
	{{{19, 34, 12}, 0, {7360, -4803}, {0xD8, 0x77, 0x13, 0xFF}}},
	{{{20, -48, 5}, 0, {1764, -3861}, {0x13, 0x9D, 0xB3, 0xFF}}},
	{{{14, -61, 19}, 0, {1024, -5035}, {0xD5, 0x8E, 0x23, 0xFF}}},
	{{{4, -7, -28}, 0, {4300, -5489}, {0xA7, 0x0B, 0xA6, 0xFF}}},
	{{{4, -7, -28}, 0, {4300, -5489}, {0xA7, 0x0B, 0xA6, 0xFF}}},
	{{{60, -38, 3}, 0, {2536, -2393}, {0x66, 0xBC, 0xE0, 0xFF}}},
	{{{20, -48, 5}, 0, {1764, -3861}, {0x13, 0x9D, 0xB3, 0xFF}}},
	{{{4, -7, -28}, 0, {4300, -5489}, {0xA7, 0x0B, 0xA6, 0xFF}}},
	{{{60, -8, -32}, 0, {4888, -2399}, {0x54, 0x02, 0xA0, 0xFF}}},
	{{{60, -38, 3}, 0, {2536, -2393}, {0x66, 0xBC, 0xE1, 0xFF}}},
	{{{54, -11, -21}, 0, {740, 253}, {0x7D, 0x15, 0x02, 0xFF}}},
	{{{60, -38, 3}, 0, {2536, -2393}, {0x66, 0xBC, 0xE0, 0xFF}}},
	{{{60, -8, -32}, 0, {4888, -2399}, {0x54, 0x02, 0xA0, 0xFF}}},
	{{{54, -11, -21}, 0, {740, 253}, {0x7D, 0x15, 0x02, 0xFF}}},
	{{{55, -30, 4}, 0, {290, 285}, {0x7F, 0x00, 0x05, 0xFF}}},
	{{{60, -38, 3}, 0, {2536, -2393}, {0x66, 0xBC, 0xE1, 0xFF}}},
	{{{55, -30, 4}, 0, {290, 285}, {0x7F, 0x00, 0x05, 0xFF}}},
	{{{60, -20, 33}, 0, {3916, -2381}, {0x61, 0xFA, 0x52, 0xFF}}},
	{{{60, -38, 3}, 0, {2536, -2393}, {0x66, 0xBC, 0xE0, 0xFF}}},
	{{{59, -1, 25}, 0, {5424, -2419}, {0x7B, 0x10, 0x1B, 0xFF}}},
	{{{60, -20, 33}, 0, {3916, -2381}, {0x61, 0xFA, 0x52, 0xFF}}},
	{{{54, -8, 21}, 0, {820, 247}, {0x7E, 0xF7, 0x0B, 0xFF}}},
	{{{55, -30, 4}, 0, {290, 285}, {0x7F, 0x00, 0x05, 0xFF}}},
	{{{54, -8, 21}, 0, {820, 247}, {0x7E, 0xF7, 0x0A, 0xFF}}},
	{{{60, -20, 33}, 0, {3916, -2381}, {0x61, 0xFA, 0x52, 0xFF}}},
	{{{4, -7, -28}, 0, {4300, -5489}, {0xA7, 0x0B, 0xA6, 0xFF}}},
	{{{19, 34, 12}, 0, {7360, -4803}, {0xD8, 0x77, 0x13, 0xFF}}},
	{{{33, 14, 1}, 0, {6644, -3391}, {0x22, 0x66, 0xBC, 0xFF}}},
	{{{60, -8, -32}, 0, {4888, -2399}, {0x54, 0x02, 0xA0, 0xFF}}},
	{{{4, -7, -28}, 0, {4300, -5489}, {0xA7, 0x0B, 0xA6, 0xFF}}},
	{{{33, 14, 1}, 0, {6644, -3391}, {0x22, 0x66, 0xBC, 0xFF}}},
	{{{33, 14, 1}, 0, {6644, -3391}, {0x22, 0x66, 0xBD, 0xFF}}},
	{{{59, 11, 0}, 0, {6356, -2423}, {0x70, 0x35, 0xE4, 0xFF}}},
	{{{60, -8, -32}, 0, {4888, -2399}, {0x54, 0x02, 0xA0, 0xFF}}},
	{{{60, -8, -32}, 0, {4888, -2399}, {0x54, 0x02, 0xA0, 0xFF}}},
	{{{59, 11, 0}, 0, {6356, -2423}, {0x70, 0x35, 0xE4, 0xFF}}},
	{{{54, 7, 2}, 0, {1170, 213}, {0x7F, 0xF7, 0xFA, 0xFF}}},
	{{{59, -1, 25}, 0, {5424, -2419}, {0x7B, 0x10, 0x1B, 0xFF}}},
	{{{54, 7, 2}, 0, {1170, 213}, {0x7F, 0xF6, 0xFB, 0xFF}}},
	{{{59, 11, 0}, 0, {6356, -2423}, {0x70, 0x35, 0xE4, 0xFF}}},
	{{{60, -8, -32}, 0, {4888, -2399}, {0x54, 0x02, 0xA1, 0xFF}}},
	{{{54, 7, 2}, 0, {1170, 213}, {0x7F, 0xF6, 0xFB, 0xFF}}},
	{{{54, -11, -21}, 0, {740, 253}, {0x7D, 0x15, 0x02, 0xFF}}},
	{{{54, -11, -21}, 0, {740, 253}, {0x7D, 0x15, 0x02, 0xFF}}},
	{{{54, 7, 2}, 0, {1170, 213}, {0x7F, 0xF6, 0xFB, 0xFF}}},
	{{{74, 7, 1}, 0, {1152, -77}, {0x2A, 0x78, 0xFD, 0xFF}}},
	{{{55, -30, 4}, 0, {290, 285}, {0x7F, 0x00, 0x05, 0xFF}}},
	{{{54, -11, -21}, 0, {740, 253}, {0x7D, 0x15, 0x02, 0xFF}}},
	{{{84, -9, -18}, 0, {792, -187}, {0x50, 0x0B, 0x9E, 0xFF}}},
	{{{74, 7, 1}, 0, {1152, -77}, {0x2A, 0x78, 0xFD, 0xFF}}},
	{{{84, -9, -18}, 0, {792, -187}, {0x50, 0x0B, 0x9E, 0xFF}}},
	{{{54, -11, -21}, 0, {740, 253}, {0x7D, 0x15, 0x02, 0xFF}}},
	{{{74, 7, 1}, 0, {1152, -77}, {0x2A, 0x78, 0xFC, 0xFF}}},
	{{{54, 7, 2}, 0, {1170, 213}, {0x7F, 0xF6, 0xFB, 0xFF}}},
	{{{54, -8, 21}, 0, {820, 247}, {0x7E, 0xF7, 0x0A, 0xFF}}},
	{{{59, -1, 25}, 0, {5424, -2419}, {0x7B, 0x10, 0x1C, 0xFF}}},
	{{{54, -8, 21}, 0, {820, 247}, {0x7E, 0xF7, 0x0A, 0xFF}}},
	{{{54, 7, 2}, 0, {1170, 213}, {0x7F, 0xF6, 0xFB, 0xFF}}},
	{{{54, -8, 21}, 0, {820, 247}, {0x7E, 0xF7, 0x0A, 0xFF}}},
	{{{84, -9, 20}, 0, {792, -187}, {0x4F, 0x10, 0x62, 0xFF}}},
	{{{74, 7, 1}, 0, {1152, -77}, {0x2A, 0x78, 0xFC, 0xFF}}},
	{{{84, -9, 20}, 0, {792, -187}, {0x4F, 0x10, 0x62, 0xFF}}},
	{{{84, -9, -18}, 0, {792, -187}, {0x50, 0x0B, 0x9E, 0xFF}}},
	{{{74, 7, 1}, 0, {1152, -77}, {0x2A, 0x78, 0xFD, 0xFF}}},
	{{{54, -8, 21}, 0, {820, 247}, {0x7E, 0xF8, 0x0A, 0xFF}}},
	{{{55, -30, 4}, 0, {290, 285}, {0x7F, 0x00, 0x05, 0xFF}}},
	{{{55, -30, 4}, 0, {290, 285}, {0x7F, 0x00, 0x05, 0xFF}}},
	{{{85, -25, 3}, 0, {396, -161}, {0x55, 0xA2, 0x03, 0xFF}}},
	{{{84, -9, 20}, 0, {792, -187}, {0x4F, 0x10, 0x62, 0xFF}}},
	{{{84, -9, 20}, 0, {792, -187}, {0x4F, 0x10, 0x62, 0xFF}}},
	{{{85, -25, 3}, 0, {396, -161}, {0x55, 0xA2, 0x03, 0xFF}}},
	{{{84, -9, -18}, 0, {792, -187}, {0x50, 0x0B, 0x9E, 0xFF}}},
	{{{84, -9, -18}, 0, {792, -187}, {0x50, 0x0B, 0x9E, 0xFF}}},
	{{{85, -25, 3}, 0, {396, -161}, {0x55, 0xA2, 0x03, 0xFF}}},
	{{{55, -30, 4}, 0, {290, 285}, {0x7F, 0x00, 0x05, 0xFF}}},
};

Gfx monteman_Metal_Mario_Switch_Option_Right_Thigh_Color_mesh_layer_1_tri_0[] = {
	gsSPVertex(monteman_Metal_Mario_Switch_Option_Right_Thigh_Color_mesh_layer_1_vtx_0 + 0, 63, 0),
	gsSP2Triangles(0, 1, 2, 0, 3, 4, 5, 0),
	gsSP2Triangles(6, 7, 8, 0, 9, 10, 11, 0),
	gsSP2Triangles(12, 13, 14, 0, 15, 16, 17, 0),
	gsSP2Triangles(18, 19, 20, 0, 21, 22, 23, 0),
	gsSP2Triangles(24, 25, 26, 0, 27, 28, 29, 0),
	gsSP2Triangles(30, 31, 32, 0, 33, 34, 35, 0),
	gsSP2Triangles(36, 37, 38, 0, 39, 40, 41, 0),
	gsSP2Triangles(42, 43, 44, 0, 45, 46, 47, 0),
	gsSP2Triangles(48, 49, 50, 0, 51, 52, 53, 0),
	gsSP2Triangles(54, 55, 56, 0, 57, 58, 59, 0),
	gsSP1Triangle(60, 61, 62, 0),
	gsSPVertex(monteman_Metal_Mario_Switch_Option_Right_Thigh_Color_mesh_layer_1_vtx_0 + 63, 44, 0),
	gsSP2Triangles(0, 1, 2, 0, 3, 4, 5, 0),
	gsSP2Triangles(6, 7, 8, 0, 9, 10, 11, 0),
	gsSP2Triangles(12, 13, 14, 0, 15, 16, 17, 0),
	gsSP2Triangles(18, 19, 20, 0, 21, 22, 23, 0),
	gsSP2Triangles(24, 25, 26, 0, 27, 28, 29, 0),
	gsSP2Triangles(30, 31, 32, 0, 30, 33, 34, 0),
	gsSP2Triangles(35, 36, 37, 0, 38, 39, 40, 0),
	gsSP1Triangle(41, 42, 43, 0),
	gsSPEndDisplayList(),
};

Vtx monteman_Metal_Mario_Switch_Option_Right_Leg_mesh_layer_1_vtx_0[84] = {
	{{{43, -6, -15}, 0, {-428, 453}, {0x17, 0xF8, 0x83, 0xFF}}},
	{{{44, 6, 0}, 0, {-306, -101}, {0x0E, 0x7E, 0x08, 0xFF}}},
	{{{59, 8, 1}, 0, {1728, -115}, {0x36, 0x72, 0x11, 0xFF}}},
	{{{43, -6, -15}, 0, {664, 233}, {0x17, 0xF8, 0x83, 0xFF}}},
	{{{20, 13, 0}, 0, {1198, -695}, {0x08, 0x7F, 0x05, 0xFF}}},
	{{{44, 6, 0}, 0, {1006, 261}, {0x0E, 0x7E, 0x08, 0xFF}}},
	{{{44, 6, 0}, 0, {1006, 261}, {0x0E, 0x7E, 0x07, 0xFF}}},
	{{{20, 13, 0}, 0, {1198, -695}, {0x08, 0x7F, 0x04, 0xFF}}},
	{{{44, -6, 11}, 0, {662, 243}, {0x0B, 0xFE, 0x7F, 0xFF}}},
	{{{44, -6, 11}, 0, {-406, 555}, {0x0B, 0xFE, 0x7E, 0xFF}}},
	{{{61, -6, 12}, 0, {1850, 509}, {0x4C, 0xFC, 0x66, 0xFF}}},
	{{{44, 6, 0}, 0, {-358, -363}, {0x0E, 0x7E, 0x07, 0xFF}}},
	{{{61, -6, 12}, 0, {1850, 509}, {0x4C, 0xFC, 0x66, 0xFF}}},
	{{{59, 8, 1}, 0, {1734, -327}, {0x36, 0x72, 0x11, 0xFF}}},
	{{{44, 6, 0}, 0, {-358, -363}, {0x0E, 0x7E, 0x07, 0xFF}}},
	{{{44, -15, 1}, 0, {1754, -125}, {0xFD, 0x81, 0x0A, 0xFF}}},
	{{{43, -6, -15}, 0, {1856, 437}, {0x17, 0xF8, 0x83, 0xFF}}},
	{{{62, -6, -14}, 0, {-504, 459}, {0x4F, 0xF7, 0x9D, 0xFF}}},
	{{{43, -6, -15}, 0, {-428, 453}, {0x17, 0xF8, 0x83, 0xFF}}},
	{{{59, 8, 1}, 0, {1728, -115}, {0x36, 0x72, 0x11, 0xFF}}},
	{{{62, -6, -14}, 0, {1834, 417}, {0x4F, 0xF7, 0x9D, 0xFF}}},
	{{{13, -6, -24}, 0, {632, -1103}, {0xFB, 0xFC, 0x81, 0xFF}}},
	{{{43, -6, -15}, 0, {664, 233}, {0x17, 0xF8, 0x83, 0xFF}}},
	{{{44, -15, 1}, 0, {374, 247}, {0xFD, 0x81, 0x0A, 0xFF}}},
	{{{20, 13, 0}, 0, {1198, -695}, {0x08, 0x7F, 0x05, 0xFF}}},
	{{{43, -6, -15}, 0, {664, 233}, {0x17, 0xF8, 0x83, 0xFF}}},
	{{{13, -6, -24}, 0, {632, -1103}, {0xFB, 0xFC, 0x81, 0xFF}}},
	{{{13, -6, -24}, 0, {632, -1103}, {0xFB, 0xFC, 0x81, 0xFF}}},
	{{{-5, -9, -18}, 0, {592, -1711}, {0xB3, 0xEE, 0x9C, 0xFF}}},
	{{{20, 13, 0}, 0, {1198, -695}, {0x08, 0x7F, 0x04, 0xFF}}},
	{{{-5, -9, -18}, 0, {592, -1711}, {0xB3, 0xEE, 0x9C, 0xFF}}},
	{{{-15, 7, 1}, 0, {942, -1959}, {0x93, 0x42, 0xFF, 0xFF}}},
	{{{20, 13, 0}, 0, {1198, -695}, {0x08, 0x7F, 0x05, 0xFF}}},
	{{{-5, -9, 20}, 0, {592, -1711}, {0xBD, 0xF2, 0x6B, 0xFF}}},
	{{{11, -6, 22}, 0, {630, -1201}, {0x0A, 0xFF, 0x7F, 0xFF}}},
	{{{20, 13, 0}, 0, {1198, -695}, {0x08, 0x7F, 0x04, 0xFF}}},
	{{{20, 13, 0}, 0, {1198, -695}, {0x08, 0x7F, 0x04, 0xFF}}},
	{{{-15, 7, 1}, 0, {942, -1959}, {0x93, 0x42, 0xFF, 0xFF}}},
	{{{-5, -9, 20}, 0, {592, -1711}, {0xBD, 0xF2, 0x6B, 0xFF}}},
	{{{11, -6, 22}, 0, {630, -1201}, {0x0A, 0xFF, 0x7F, 0xFF}}},
	{{{44, -6, 11}, 0, {662, 243}, {0x0B, 0xFE, 0x7F, 0xFF}}},
	{{{20, 13, 0}, 0, {1198, -695}, {0x08, 0x7F, 0x04, 0xFF}}},
	{{{61, -6, 12}, 0, {-468, 481}, {0x4C, 0xFC, 0x66, 0xFF}}},
	{{{44, -6, 11}, 0, {1826, 519}, {0x0B, 0xFF, 0x7E, 0xFF}}},
	{{{57, -19, 1}, 0, {-332, -185}, {0x25, 0x87, 0x04, 0xFF}}},
	{{{6, -21, 2}, 0, {188, -1283}, {0x1D, 0x84, 0x05, 0xFF}}},
	{{{44, -15, 1}, 0, {374, 247}, {0xFD, 0x81, 0x0A, 0xFF}}},
	{{{44, -6, 11}, 0, {662, 243}, {0x0B, 0xFF, 0x7F, 0xFF}}},
	{{{44, -6, 11}, 0, {1826, 519}, {0x0B, 0xFF, 0x7E, 0xFF}}},
	{{{44, -15, 1}, 0, {1754, -135}, {0xFD, 0x81, 0x0A, 0xFF}}},
	{{{57, -19, 1}, 0, {-332, -185}, {0x25, 0x87, 0x04, 0xFF}}},
	{{{44, -6, 11}, 0, {662, 243}, {0x0B, 0xFE, 0x7F, 0xFF}}},
	{{{11, -6, 22}, 0, {630, -1201}, {0x0A, 0xFF, 0x7F, 0xFF}}},
	{{{6, -21, 2}, 0, {188, -1283}, {0x1D, 0x84, 0x05, 0xFF}}},
	{{{62, -6, -14}, 0, {1834, 417}, {0x4F, 0xF7, 0x9D, 0xFF}}},
	{{{59, 8, 1}, 0, {1728, -115}, {0x36, 0x72, 0x11, 0xFF}}},
	{{{61, -6, 12}, 0, {1850, 509}, {0x4C, 0xFC, 0x66, 0xFF}}},
	{{{62, -6, -14}, 0, {1834, 417}, {0x4F, 0xF7, 0x9D, 0xFF}}},
	{{{61, -6, 12}, 0, {1850, 509}, {0x4C, 0xFC, 0x66, 0xFF}}},
	{{{57, -19, 1}, 0, {-332, -185}, {0x25, 0x87, 0x04, 0xFF}}},
	{{{62, -6, -14}, 0, {-504, 459}, {0x4F, 0xF7, 0x9D, 0xFF}}},
	{{{57, -19, 1}, 0, {-328, -95}, {0x25, 0x87, 0x04, 0xFF}}},
	{{{44, -15, 1}, 0, {1754, -125}, {0xFD, 0x81, 0x0A, 0xFF}}},
	{{{44, -15, 1}, 0, {374, 247}, {0xFD, 0x81, 0x0A, 0xFF}}},
	{{{6, -21, 2}, 0, {188, -1283}, {0x1D, 0x84, 0x05, 0xFF}}},
	{{{13, -6, -24}, 0, {632, -1103}, {0xFB, 0xFC, 0x81, 0xFF}}},
	{{{-5, -9, -18}, 0, {592, -1711}, {0xB3, 0xEE, 0x9C, 0xFF}}},
	{{{13, -6, -24}, 0, {632, -1103}, {0xFB, 0xFC, 0x81, 0xFF}}},
	{{{6, -21, 2}, 0, {188, -1283}, {0x1D, 0x84, 0x05, 0xFF}}},
	{{{6, -21, 2}, 0, {188, -1283}, {0x1D, 0x84, 0x05, 0xFF}}},
	{{{-4, -25, 3}, 0, {198, -1687}, {0xCD, 0x8C, 0x08, 0xFF}}},
	{{{-5, -9, -18}, 0, {592, -1711}, {0xB3, 0xEE, 0x9C, 0xFF}}},
	{{{6, -21, 2}, 0, {188, -1283}, {0x1D, 0x84, 0x05, 0xFF}}},
	{{{11, -6, 22}, 0, {630, -1201}, {0x0A, 0xFF, 0x7F, 0xFF}}},
	{{{-5, -9, 20}, 0, {592, -1711}, {0xBD, 0xF2, 0x6B, 0xFF}}},
	{{{-5, -9, 20}, 0, {592, -1711}, {0xBD, 0xF2, 0x6B, 0xFF}}},
	{{{-4, -25, 3}, 0, {198, -1687}, {0xCD, 0x8C, 0x08, 0xFF}}},
	{{{6, -21, 2}, 0, {188, -1283}, {0x1D, 0x84, 0x05, 0xFF}}},
	{{{-5, -9, -18}, 0, {592, -1711}, {0xB3, 0xEE, 0x9C, 0xFF}}},
	{{{-5, -9, 20}, 0, {592, -1711}, {0xBD, 0xF2, 0x6B, 0xFF}}},
	{{{-15, 7, 1}, 0, {942, -1959}, {0x93, 0x42, 0xFF, 0xFF}}},
	{{{-5, -9, -18}, 0, {592, -1711}, {0xB3, 0xEE, 0x9C, 0xFF}}},
	{{{-4, -25, 3}, 0, {198, -1687}, {0xCC, 0x8C, 0x08, 0xFF}}},
	{{{-5, -9, 20}, 0, {592, -1711}, {0xBD, 0xF2, 0x6B, 0xFF}}},
};

Gfx monteman_Metal_Mario_Switch_Option_Right_Leg_mesh_layer_1_tri_0[] = {
	gsSPVertex(monteman_Metal_Mario_Switch_Option_Right_Leg_mesh_layer_1_vtx_0 + 0, 63, 0),
	gsSP2Triangles(0, 1, 2, 0, 3, 4, 5, 0),
	gsSP2Triangles(6, 7, 8, 0, 9, 10, 11, 0),
	gsSP2Triangles(12, 13, 14, 0, 15, 16, 17, 0),
	gsSP2Triangles(18, 19, 20, 0, 21, 22, 23, 0),
	gsSP2Triangles(24, 25, 26, 0, 27, 28, 29, 0),
	gsSP2Triangles(30, 31, 32, 0, 33, 34, 35, 0),
	gsSP2Triangles(36, 37, 38, 0, 39, 40, 41, 0),
	gsSP2Triangles(42, 43, 44, 0, 45, 46, 47, 0),
	gsSP2Triangles(48, 49, 50, 0, 51, 52, 53, 0),
	gsSP2Triangles(54, 55, 56, 0, 57, 58, 59, 0),
	gsSP1Triangle(60, 61, 62, 0),
	gsSPVertex(monteman_Metal_Mario_Switch_Option_Right_Leg_mesh_layer_1_vtx_0 + 63, 21, 0),
	gsSP2Triangles(0, 1, 2, 0, 3, 4, 5, 0),
	gsSP2Triangles(6, 7, 8, 0, 9, 10, 11, 0),
	gsSP2Triangles(12, 13, 14, 0, 15, 16, 17, 0),
	gsSP1Triangle(18, 19, 20, 0),
	gsSPEndDisplayList(),
};

Vtx monteman_Metal_Mario_Switch_Option_Right_Shoe_DL_mesh_layer_1_vtx_0[23] = {
	{{{75, 23, 40}, 0, {-260, -529}, {0x2A, 0x78, 0x00, 0xFF}}},
	{{{109, 11, 20}, 0, {-260, -529}, {0x2B, 0x78, 0x01, 0xFF}}},
	{{{110, 11, -36}, 0, {-260, -529}, {0x2A, 0x78, 0x00, 0xFF}}},
	{{{78, 22, -61}, 0, {-260, -529}, {0x2A, 0x78, 0x00, 0xFF}}},
	{{{-14, 54, 29}, 0, {-260, -529}, {0x2A, 0x78, 0x00, 0xFF}}},
	{{{-11, 53, -56}, 0, {-260, -529}, {0x2A, 0x78, 0x00, 0xFF}}},
	{{{-40, 63, 5}, 0, {-260, -529}, {0x2A, 0x78, 0x00, 0xFF}}},
	{{{-42, 64, -29}, 0, {-260, -529}, {0x2B, 0x77, 0x01, 0xFF}}},
	{{{109, 11, 20}, 0, {-260, -529}, {0x4A, 0xAD, 0x3D, 0xFF}}},
	{{{75, 23, 40}, 0, {-260, -529}, {0x12, 0xD4, 0x76, 0xFF}}},
	{{{44, -11, 32}, 0, {-260, -529}, {0xFD, 0xB7, 0x68, 0xFF}}},
	{{{-14, 54, 29}, 0, {-260, -529}, {0xCD, 0x00, 0x74, 0xFF}}},
	{{{-36, 11, 19}, 0, {-260, -529}, {0xB4, 0xCD, 0x58, 0xFF}}},
	{{{-40, 63, 5}, 0, {-260, -529}, {0x91, 0x19, 0x38, 0xFF}}},
	{{{-54, 14, -10}, 0, {-260, -529}, {0x8A, 0xD2, 0x04, 0xFF}}},
	{{{-42, 64, -29}, 0, {-260, -529}, {0x8D, 0x17, 0xCE, 0xFF}}},
	{{{-34, 11, -46}, 0, {-260, -529}, {0xB4, 0xCD, 0xA9, 0xFF}}},
	{{{-11, 53, -56}, 0, {-260, -529}, {0xD2, 0x00, 0x8A, 0xFF}}},
	{{{43, -18, -55}, 0, {-260, -529}, {0x02, 0xAF, 0x9E, 0xFF}}},
	{{{78, 22, -61}, 0, {-260, -529}, {0x1E, 0xD4, 0x8D, 0xFF}}},
	{{{110, 11, -36}, 0, {-260, -529}, {0x50, 0xAD, 0xCB, 0xFF}}},
	{{{80, -29, -7}, 0, {-260, -529}, {0x38, 0x8F, 0x09, 0xFF}}},
	{{{27, -35, -11}, 0, {-260, -529}, {0xE6, 0x84, 0x06, 0xFF}}},
};

Gfx monteman_Metal_Mario_Switch_Option_Right_Shoe_DL_mesh_layer_1_tri_0[] = {
	gsSPVertex(monteman_Metal_Mario_Switch_Option_Right_Shoe_DL_mesh_layer_1_vtx_0 + 0, 23, 0),
	gsSP2Triangles(0, 1, 2, 0, 0, 2, 3, 0),
	gsSP2Triangles(4, 0, 3, 0, 4, 3, 5, 0),
	gsSP2Triangles(6, 4, 5, 0, 7, 6, 5, 0),
	gsSP2Triangles(8, 9, 10, 0, 9, 11, 10, 0),
	gsSP2Triangles(11, 12, 10, 0, 12, 11, 13, 0),
	gsSP2Triangles(14, 12, 13, 0, 13, 15, 14, 0),
	gsSP2Triangles(16, 14, 15, 0, 15, 17, 16, 0),
	gsSP2Triangles(17, 18, 16, 0, 17, 19, 18, 0),
	gsSP2Triangles(18, 19, 20, 0, 20, 21, 18, 0),
	gsSP2Triangles(20, 8, 21, 0, 10, 21, 8, 0),
	gsSP2Triangles(21, 10, 22, 0, 22, 10, 12, 0),
	gsSP2Triangles(22, 12, 14, 0, 14, 16, 22, 0),
	gsSP2Triangles(16, 18, 22, 0, 22, 18, 21, 0),
	gsSPEndDisplayList(),
};


Gfx mat_monteman_Pants[] = {
	gsSPSetGeometryMode(G_FOG),
	gsSPCopyLightsPlayerPart(PANTS),
	gsDPPipeSync(),
	gsDPSetCombineLERP(0, 0, 0, SHADE, 0, 0, 0, ENVIRONMENT, 0, 0, 0, SHADE, 0, 0, 0, ENVIRONMENT),
	gsDPSetAlphaDither(G_AD_NOISE),
	gsSPTexture(65535, 65535, 0, 0, 1),
	gsSPEndDisplayList(),
};

Gfx mat_revert_monteman_Pants[] = {
	gsSPClearGeometryMode(G_FOG),
	gsDPPipeSync(),
	gsDPSetAlphaDither(G_AD_DISABLE),
	gsSPEndDisplayList(),
};

Gfx mat_monteman_Skin[] = {
	gsSPSetGeometryMode(G_FOG | G_TEXTURE_GEN),
	gsSPCopyLightsPlayerPart(SKIN),
	gsDPPipeSync(),
	gsDPSetCombineLERP(0, 0, 0, SHADE, 0, 0, 0, ENVIRONMENT, 0, 0, 0, SHADE, 0, 0, 0, ENVIRONMENT),
	gsDPSetAlphaDither(G_AD_NOISE),
	gsSPTexture(65535, 65535, 0, 0, 1),
	gsSPEndDisplayList(),
};

Gfx mat_revert_monteman_Skin[] = {
	gsSPClearGeometryMode(G_FOG | G_TEXTURE_GEN),
	gsDPPipeSync(),
	gsDPSetAlphaDither(G_AD_DISABLE),
	gsSPEndDisplayList(),
};

Gfx mat_monteman_Shirt[] = {
	gsSPSetGeometryMode(G_FOG),
	gsSPCopyLightsPlayerPart(SHIRT),
	gsDPPipeSync(),
	gsDPSetCombineLERP(0, 0, 0, SHADE, 0, 0, 0, SHADE, 0, 0, 0, SHADE, 0, 0, 0, SHADE),
	gsDPSetAlphaDither(G_AD_NOISE),
	gsSPTexture(65535, 65535, 0, 0, 1),
	gsSPEndDisplayList(),
};

Gfx mat_revert_monteman_Shirt[] = {
	gsSPClearGeometryMode(G_FOG),
	gsDPPipeSync(),
	gsDPSetAlphaDither(G_AD_DISABLE),
	gsSPEndDisplayList(),
};

Gfx mat_monteman_Hairtest_layer1[] = {
	gsSPSetGeometryMode(G_FOG),
	gsSPCopyLightsPlayerPart(HAIR),
	gsDPPipeSync(),
	gsDPSetCombineLERP(TEXEL0, 0, SHADE, 0, TEXEL0, 0, ENVIRONMENT, 0, 0, 0, 0, COMBINED, 0, 0, 0, COMBINED),
	gsDPSetAlphaDither(G_AD_NOISE),
	gsDPSetTextureLUT(G_TT_RGBA16),
	gsDPSetCycleType(G_CYC_2CYCLE),
	gsDPSetRenderMode(G_RM_NOOP, G_RM_AA_ZB_OPA_SURF2),
	gsSPTexture(65535, 65535, 0, 0, 1),
	gsDPSetTextureImage(G_IM_FMT_RGBA, G_IM_SIZ_16b, 1, monteman_object_mm_000970_Tex_ci8_tlut_gRunningManTLUT_pal_rgba16),
	gsDPSetTile(0, 0, 0, 256, 5, 0, G_TX_WRAP | G_TX_NOMIRROR, 0, 0, G_TX_WRAP | G_TX_NOMIRROR, 0, 0),
	gsDPLoadTLUTCmd(5, 2),
	gsDPSetTextureImage(G_IM_FMT_CI, G_IM_SIZ_8b, 4, monteman_object_mm_000970_Tex_ci8_tlut_gRunningManTLUT_ci4),
	gsDPSetTile(G_IM_FMT_CI, G_IM_SIZ_8b, 1, 0, 7, 0, G_TX_WRAP | G_TX_NOMIRROR, 0, 0, G_TX_WRAP | G_TX_NOMIRROR, 0, 0),
	gsDPLoadTile(7, 0, 0, 14, 28),
	gsDPSetTile(G_IM_FMT_CI, G_IM_SIZ_4b, 1, 0, 0, 0, G_TX_WRAP | G_TX_NOMIRROR, 3, 0, G_TX_WRAP | G_TX_NOMIRROR, 3, 0),
	gsDPSetTileSize(0, 0, 0, 28, 28),
	gsSPEndDisplayList(),
};

Gfx mat_revert_monteman_Hairtest_layer1[] = {
	gsSPClearGeometryMode(G_FOG),
	gsDPPipeSync(),
	gsDPSetAlphaDither(G_AD_DISABLE),
	gsDPSetTextureLUT(G_TT_NONE),
	gsDPSetCycleType(G_CYC_1CYCLE),
	gsDPSetRenderMode(G_RM_AA_ZB_OPA_SURF, G_RM_AA_ZB_OPA_SURF2),
	gsSPEndDisplayList(),
};

Gfx mat_monteman_Leafs[] = {
	gsSPGeometryMode(G_CULL_BACK, G_FOG | G_TEXTURE_GEN),
	gsSPCopyLightsPlayerPart(EMBLEM),
	gsDPPipeSync(),
	gsDPSetCombineLERP(0, 0, 0, SHADE, 0, 0, 0, ENVIRONMENT, 0, 0, 0, SHADE, 0, 0, 0, ENVIRONMENT),
	gsDPSetAlphaDither(G_AD_NOISE),
	gsSPTexture(4032, 4032, 0, 0, 1),
	gsSPEndDisplayList(),
};

Gfx mat_revert_monteman_Leafs[] = {
	gsSPGeometryMode(G_FOG | G_TEXTURE_GEN, G_CULL_BACK),
	gsDPPipeSync(),
	gsDPSetAlphaDither(G_AD_DISABLE),
	gsSPEndDisplayList(),
};

Gfx mat_monteman_Trunk[] = {
	gsSPSetLights1(monteman_Trunk_lights),
	gsDPPipeSync(),
	gsDPSetCombineLERP(TEXEL0, 0, SHADE, 0, 0, 0, 0, ENVIRONMENT, TEXEL0, 0, SHADE, 0, 0, 0, 0, ENVIRONMENT),
	gsDPSetAlphaDither(G_AD_NOISE),
	gsDPSetTextureLUT(G_TT_RGBA16),
	gsSPTexture(65535, 65535, 0, 0, 1),
	gsDPSetTextureImage(G_IM_FMT_RGBA, G_IM_SIZ_16b, 1, monteman_palm_pal_rgba16),
	gsDPSetTile(0, 0, 0, 256, 5, 0, G_TX_WRAP | G_TX_NOMIRROR, 0, 0, G_TX_WRAP | G_TX_NOMIRROR, 0, 0),
	gsDPLoadTLUTCmd(5, 1),
	gsDPSetTextureImage(G_IM_FMT_CI, G_IM_SIZ_8b, 2, monteman_palm_ci4),
	gsDPSetTile(G_IM_FMT_CI, G_IM_SIZ_8b, 1, 0, 7, 0, G_TX_WRAP | G_TX_NOMIRROR, 0, 0, G_TX_WRAP | G_TX_NOMIRROR, 0, 0),
	gsDPLoadTile(7, 0, 0, 6, 12),
	gsDPSetTile(G_IM_FMT_CI, G_IM_SIZ_4b, 1, 0, 0, 0, G_TX_WRAP | G_TX_NOMIRROR, 2, 0, G_TX_WRAP | G_TX_NOMIRROR, 2, 0),
	gsDPSetTileSize(0, 0, 0, 12, 12),
	gsSPEndDisplayList(),
};

Gfx mat_revert_monteman_Trunk[] = {
	gsDPPipeSync(),
	gsDPSetAlphaDither(G_AD_DISABLE),
	gsDPSetTextureLUT(G_TT_NONE),
	gsSPEndDisplayList(),
};

Gfx mat_monteman_Mask[] = {
	gsSPSetGeometryMode(G_FOG),
	gsSPCopyLightsPlayerPart(CAP),
	gsDPPipeSync(),
	gsDPSetCombineLERP(0, 0, 0, SHADE, 0, 0, 0, ENVIRONMENT, 0, 0, 0, SHADE, 0, 0, 0, ENVIRONMENT),
	gsDPSetAlphaDither(G_AD_NOISE),
	gsSPTexture(65535, 65535, 0, 0, 1),
	gsSPEndDisplayList(),
};

Gfx mat_revert_monteman_Mask[] = {
	gsSPClearGeometryMode(G_FOG),
	gsDPPipeSync(),
	gsDPSetAlphaDither(G_AD_DISABLE),
	gsSPEndDisplayList(),
};

Gfx mat_monteman_Ear_layer2[] = {
	gsDPPipeSync(),
	gsDPSetCombineLERP(TEXEL0, 0, SHADE, 0, 0, 0, 0, TEXEL0, PRIMITIVE, 0, COMBINED, 0, 0, 0, 0, COMBINED),
	gsDPSetAlphaDither(G_AD_NOISE),
	gsDPSetCycleType(G_CYC_2CYCLE),
	gsDPSetRenderMode(G_RM_NOOP, G_RM_AA_ZB_XLU_DECAL2),
	gsSPTexture(65535, 65535, 0, 0, 1),
	gsDPSetTextureImage(G_IM_FMT_IA, G_IM_SIZ_8b_LOAD_BLOCK, 1, monteman_object_mm_0009B0_Tex_ci8_tlut_gRunningManTLUT_ia8),
	gsDPSetTile(G_IM_FMT_IA, G_IM_SIZ_8b_LOAD_BLOCK, 0, 0, 7, 0, G_TX_WRAP | G_TX_NOMIRROR, 0, 0, G_TX_WRAP | G_TX_NOMIRROR, 0, 0),
	gsDPLoadBlock(7, 0, 0, 31, 2048),
	gsDPSetTile(G_IM_FMT_IA, G_IM_SIZ_8b, 1, 0, 0, 0, G_TX_CLAMP | G_TX_NOMIRROR, 3, 0, G_TX_CLAMP | G_TX_NOMIRROR, 3, 0),
	gsDPSetTileSize(0, 0, 0, 28, 28),
	gsSPEndDisplayList(),
};

Gfx mat_revert_monteman_Ear_layer2[] = {
	gsDPPipeSync(),
	gsDPSetAlphaDither(G_AD_DISABLE),
	gsDPSetCycleType(G_CYC_1CYCLE),
	gsDPSetRenderMode(G_RM_AA_ZB_OPA_DECAL, G_RM_AA_ZB_OPA_DECAL2),
	gsSPEndDisplayList(),
};

Gfx mat_monteman_Eyes_layer2[] = {
	gsSPSetLights1(monteman_Eyes_layer2_lights),
	gsDPPipeSync(),
	gsDPSetCombineLERP(TEXEL0, 0, SHADE, 0, TEXEL0, 0, ENVIRONMENT, 0, 0, 0, 0, COMBINED, 0, 0, 0, COMBINED),
	gsDPSetAlphaDither(G_AD_NOISE),
	gsDPSetCycleType(G_CYC_2CYCLE),
	gsDPSetRenderMode(G_RM_NOOP, G_RM_AA_ZB_XLU_DECAL2),
	gsSPTexture(65535, 65535, 0, 0, 1),
	gsDPSetTextureImage(G_IM_FMT_IA, G_IM_SIZ_8b_LOAD_BLOCK, 1, monteman_object_mm_000A30_Tex_ci8_tlut_gRunningManTLUT_ia8),
	gsDPSetTile(G_IM_FMT_IA, G_IM_SIZ_8b_LOAD_BLOCK, 0, 0, 7, 0, G_TX_WRAP | G_TX_NOMIRROR, 0, 0, G_TX_WRAP | G_TX_NOMIRROR, 0, 0),
	gsDPLoadBlock(7, 0, 0, 127, 1024),
	gsDPSetTile(G_IM_FMT_IA, G_IM_SIZ_8b, 2, 0, 0, 0, G_TX_CLAMP | G_TX_NOMIRROR, 4, 0, G_TX_CLAMP | G_TX_NOMIRROR, 4, 0),
	gsDPSetTileSize(0, 0, 0, 60, 60),
	gsSPEndDisplayList(),
};

Gfx mat_revert_monteman_Eyes_layer2[] = {
	gsDPPipeSync(),
	gsDPSetAlphaDither(G_AD_DISABLE),
	gsDPSetCycleType(G_CYC_1CYCLE),
	gsDPSetRenderMode(G_RM_AA_ZB_OPA_DECAL, G_RM_AA_ZB_OPA_DECAL2),
	gsSPEndDisplayList(),
};

Gfx mat_monteman_Mouth_layer2[] = {
	gsSPSetGeometryMode(G_FOG),
	gsSPCopyLightsPlayerPart(SKIN),
	gsDPPipeSync(),
	gsDPSetCombineLERP(TEXEL0, 0, SHADE, 0, TEXEL0, 0, ENVIRONMENT, 0, 0, 0, 0, COMBINED, COMBINED, 0, 0, COMBINED),
	gsDPSetAlphaDither(G_AD_NOISE),
	gsDPSetCycleType(G_CYC_2CYCLE),
	gsDPSetRenderMode(G_RM_NOOP, G_RM_AA_ZB_XLU_DECAL2),
	gsSPTexture(65535, 65535, 0, 0, 1),
	gsDPSetTextureImage(G_IM_FMT_RGBA, G_IM_SIZ_32b_LOAD_BLOCK, 1, monteman_gRunningManMouthClosedTex_ci8_tlut_gRunningManTLUT_rgba32),
	gsDPSetTile(G_IM_FMT_RGBA, G_IM_SIZ_32b_LOAD_BLOCK, 0, 0, 7, 0, G_TX_WRAP | G_TX_NOMIRROR, 0, 0, G_TX_WRAP | G_TX_NOMIRROR, 0, 0),
	gsDPLoadBlock(7, 0, 0, 511, 128),
	gsDPSetTile(G_IM_FMT_RGBA, G_IM_SIZ_32b, 8, 0, 0, 0, G_TX_CLAMP | G_TX_NOMIRROR, 4, 0, G_TX_CLAMP | G_TX_NOMIRROR, 5, 0),
	gsDPSetTileSize(0, 0, 0, 124, 60),
	gsSPEndDisplayList(),
};

Gfx mat_revert_monteman_Mouth_layer2[] = {
	gsSPClearGeometryMode(G_FOG),
	gsDPPipeSync(),
	gsDPSetAlphaDither(G_AD_DISABLE),
	gsDPSetCycleType(G_CYC_1CYCLE),
	gsDPSetRenderMode(G_RM_AA_ZB_OPA_DECAL, G_RM_AA_ZB_OPA_DECAL2),
	gsSPEndDisplayList(),
};

Gfx mat_monteman_Hair_Tuff_layer2[] = {
	gsSPCopyLightsPlayerPart(HAIR),
	gsDPPipeSync(),
	gsDPSetCombineLERP(TEXEL0, 0, SHADE, 0, TEXEL0, 0, ENVIRONMENT, 0, 0, 0, 0, COMBINED, 0, 0, 0, COMBINED),
	gsDPSetAlphaDither(G_AD_NOISE),
	gsDPSetCycleType(G_CYC_2CYCLE),
	gsDPSetRenderMode(G_RM_NOOP, G_RM_AA_ZB_XLU_DECAL2),
	gsSPTexture(65535, 65535, 0, 0, 1),
	gsDPSetTextureImage(G_IM_FMT_IA, G_IM_SIZ_8b_LOAD_BLOCK, 1, monteman_object_mm_0009F0_Tex_ci8_tlut_gRunningManTLUT_ia8),
	gsDPSetTile(G_IM_FMT_IA, G_IM_SIZ_8b_LOAD_BLOCK, 0, 0, 7, 0, G_TX_WRAP | G_TX_NOMIRROR, 0, 0, G_TX_WRAP | G_TX_NOMIRROR, 0, 0),
	gsDPLoadBlock(7, 0, 0, 31, 2048),
	gsDPSetTile(G_IM_FMT_IA, G_IM_SIZ_8b, 1, 0, 0, 0, G_TX_CLAMP | G_TX_NOMIRROR, 3, 0, G_TX_WRAP | G_TX_NOMIRROR, 3, 0),
	gsDPSetTileSize(0, 0, 0, 28, 28),
	gsSPEndDisplayList(),
};

Gfx mat_revert_monteman_Hair_Tuff_layer2[] = {
	gsDPPipeSync(),
	gsDPSetAlphaDither(G_AD_DISABLE),
	gsDPSetCycleType(G_CYC_1CYCLE),
	gsDPSetRenderMode(G_RM_AA_ZB_OPA_DECAL, G_RM_AA_ZB_OPA_DECAL2),
	gsSPEndDisplayList(),
};

Gfx mat_monteman_Eyebrow_layer2[] = {
	gsSPCopyLightsPlayerPart(HAIR),
	gsDPPipeSync(),
	gsDPSetCombineLERP(TEXEL0, 0, SHADE, 0, TEXEL0, 0, ENVIRONMENT, 0, 0, 0, 0, COMBINED, 0, 0, 0, COMBINED),
	gsDPSetAlphaDither(G_AD_NOISE),
	gsDPSetCycleType(G_CYC_2CYCLE),
	gsDPSetRenderMode(G_RM_NOOP, G_RM_AA_ZB_XLU_DECAL2),
	gsSPTexture(65535, 65535, 0, 0, 1),
	gsDPSetTextureImage(G_IM_FMT_IA, G_IM_SIZ_16b, 1, monteman_object_mm_000B30_Tex_ci8_tlut_gRunningManTLUT_ia4),
	gsDPSetTile(G_IM_FMT_IA, G_IM_SIZ_16b, 0, 0, 7, 0, G_TX_WRAP | G_TX_NOMIRROR, 0, 0, G_TX_WRAP | G_TX_NOMIRROR, 0, 0),
	gsDPLoadBlock(7, 0, 0, 63, 2048),
	gsDPSetTile(G_IM_FMT_IA, G_IM_SIZ_4b, 1, 0, 0, 0, G_TX_CLAMP | G_TX_NOMIRROR, 4, 0, G_TX_CLAMP | G_TX_NOMIRROR, 4, 0),
	gsDPSetTileSize(0, 0, 0, 60, 60),
	gsSPEndDisplayList(),
};

Gfx mat_revert_monteman_Eyebrow_layer2[] = {
	gsDPPipeSync(),
	gsDPSetAlphaDither(G_AD_DISABLE),
	gsDPSetCycleType(G_CYC_1CYCLE),
	gsDPSetRenderMode(G_RM_AA_ZB_OPA_DECAL, G_RM_AA_ZB_OPA_DECAL2),
	gsSPEndDisplayList(),
};

Gfx mat_monteman_Mask_Eye_Mask[] = {
	gsSPClearGeometryMode(G_CULL_BACK),
	gsSPCopyLightsPlayerPart(CAP),
	gsDPPipeSync(),
	gsDPSetCombineLERP(TEXEL0, 0, SHADE, 0, TEXEL0, 0, ENVIRONMENT, 0, TEXEL0, 0, SHADE, 0, TEXEL0, 0, ENVIRONMENT, 0),
	gsDPSetAlphaDither(G_AD_NOISE),
	gsDPSetTextureFilter(G_TF_POINT),
	gsSPTexture(65535, 65535, 0, 0, 1),
	gsDPSetTextureImage(G_IM_FMT_RGBA, G_IM_SIZ_16b_LOAD_BLOCK, 1, monteman_eye_rgba16),
	gsDPSetTile(G_IM_FMT_RGBA, G_IM_SIZ_16b_LOAD_BLOCK, 0, 0, 7, 0, G_TX_WRAP | G_TX_NOMIRROR, 0, 0, G_TX_WRAP | G_TX_NOMIRROR, 0, 0),
	gsDPLoadBlock(7, 0, 0, 255, 512),
	gsDPSetTile(G_IM_FMT_RGBA, G_IM_SIZ_16b, 4, 0, 0, 0, G_TX_CLAMP | G_TX_NOMIRROR, 4, 0, G_TX_CLAMP | G_TX_NOMIRROR, 4, 0),
	gsDPSetTileSize(0, 0, 0, 60, 60),
	gsSPEndDisplayList(),
};

Gfx mat_revert_monteman_Mask_Eye_Mask[] = {
	gsSPSetGeometryMode(G_CULL_BACK),
	gsDPPipeSync(),
	gsDPSetAlphaDither(G_AD_DISABLE),
	gsDPSetTextureFilter(G_TF_BILERP),
	gsSPEndDisplayList(),
};

Gfx mat_monteman_BunnyHood[] = {
	gsSPSetLights1(monteman_BunnyHood_lights),
	gsDPPipeSync(),
	gsDPSetCombineLERP(TEXEL0, 0, SHADE, 0, 0, 0, 0, ENVIRONMENT, TEXEL0, 0, SHADE, 0, 0, 0, 0, ENVIRONMENT),
	gsDPSetAlphaDither(G_AD_NOISE),
	gsSPTexture(65535, 65535, 0, 0, 1),
	gsDPSetTextureImage(G_IM_FMT_RGBA, G_IM_SIZ_16b_LOAD_BLOCK, 1, monteman_rb_cap_00_0_rgba16),
	gsDPSetTile(G_IM_FMT_RGBA, G_IM_SIZ_16b_LOAD_BLOCK, 0, 0, 7, 0, G_TX_WRAP | G_TX_NOMIRROR, 0, 0, G_TX_WRAP | G_TX_NOMIRROR, 0, 0),
	gsDPLoadBlock(7, 0, 0, 2047, 256),
	gsDPSetTile(G_IM_FMT_RGBA, G_IM_SIZ_16b, 8, 0, 0, 0, G_TX_WRAP | G_TX_NOMIRROR, 6, 0, G_TX_WRAP | G_TX_NOMIRROR, 5, 0),
	gsDPSetTileSize(0, 0, 0, 124, 252),
	gsSPEndDisplayList(),
};

Gfx mat_revert_monteman_BunnyHood[] = {
	gsDPPipeSync(),
	gsDPSetAlphaDither(G_AD_DISABLE),
	gsSPEndDisplayList(),
};

Gfx mat_monteman_Gloves[] = {
	gsSPCopyLightsPlayerPart(GLOVES),
	gsDPPipeSync(),
	gsDPSetCombineLERP(0, 0, 0, SHADE, 0, 0, 0, ENVIRONMENT, 0, 0, 0, SHADE, 0, 0, 0, ENVIRONMENT),
	gsDPSetAlphaDither(G_AD_NOISE),
	gsSPTexture(65535, 65535, 0, 0, 1),
	gsSPEndDisplayList(),
};

Gfx mat_revert_monteman_Gloves[] = {
	gsDPPipeSync(),
	gsDPSetAlphaDither(G_AD_DISABLE),
	gsSPEndDisplayList(),
};

Gfx mat_monteman_Shadow[] = {
	gsSPCopyLightsPlayerPart(PANTS),
	gsDPPipeSync(),
	gsDPSetCombineLERP(SHADE, 0, PRIMITIVE, 0, 0, 0, 0, 0, SHADE, 0, PRIMITIVE, 0, 0, 0, 0, 0),
	gsDPSetAlphaDither(G_AD_NOISE),
	gsSPTexture(65535, 65535, 0, 0, 1),
	gsDPSetPrimColor(0, 0, 115, 115, 115, 255),
	gsSPEndDisplayList(),
};

Gfx mat_revert_monteman_Shadow[] = {
	gsDPPipeSync(),
	gsDPSetAlphaDither(G_AD_DISABLE),
	gsSPEndDisplayList(),
};

Gfx mat_monteman_Shoes[] = {
	gsSPCopyLightsPlayerPart(SHOES),
	gsDPPipeSync(),
	gsDPSetCombineLERP(0, 0, 0, SHADE, 0, 0, 0, ENVIRONMENT, 0, 0, 0, SHADE, 0, 0, 0, ENVIRONMENT),
	gsDPSetAlphaDither(G_AD_NOISE),
	gsSPTexture(65535, 65535, 0, 0, 1),
	gsSPEndDisplayList(),
};

Gfx mat_revert_monteman_Shoes[] = {
	gsDPPipeSync(),
	gsDPSetAlphaDither(G_AD_DISABLE),
	gsSPEndDisplayList(),
};

Gfx mat_monteman_Monte_Metal[] = {
	gsSPGeometryMode(G_CULL_BACK, G_TEXTURE_GEN),
	gsSPCopyLightsPlayerPart(CAP),
	gsDPPipeSync(),
	gsDPSetCombineLERP(TEXEL0, 0, SHADE, 0, 0, 0, 0, ENVIRONMENT, TEXEL0, 0, SHADE, 0, 0, 0, 0, ENVIRONMENT),
	gsDPSetAlphaDither(G_AD_NOISE),
	gsSPTexture(4032, 1984, 0, 0, 1),
	gsDPSetTextureImage(G_IM_FMT_I, G_IM_SIZ_8b_LOAD_BLOCK, 1, monteman_tex1_64x64_a313190745fdbefc_4_i8),
	gsDPSetTile(G_IM_FMT_I, G_IM_SIZ_8b_LOAD_BLOCK, 0, 0, 7, 0, G_TX_WRAP | G_TX_NOMIRROR, 0, 0, G_TX_WRAP | G_TX_NOMIRROR, 0, 0),
	gsDPLoadBlock(7, 0, 0, 1023, 256),
	gsDPSetTile(G_IM_FMT_I, G_IM_SIZ_8b, 8, 0, 0, 0, G_TX_WRAP | G_TX_NOMIRROR, 5, 0, G_TX_WRAP | G_TX_NOMIRROR, 6, 0),
	gsDPSetTileSize(0, 0, 0, 252, 124),
	gsSPEndDisplayList(),
};

Gfx mat_revert_monteman_Monte_Metal[] = {
	gsSPGeometryMode(G_TEXTURE_GEN, G_CULL_BACK),
	gsDPPipeSync(),
	gsDPSetAlphaDither(G_AD_DISABLE),
	gsSPEndDisplayList(),
};

Gfx mat_monteman_Metal_Wing_Base__METAL_[] = {
	gsSPClearGeometryMode(G_CULL_BACK),
	gsSPSetLights1(monteman_Metal_Wing_Base__METAL__lights),
	gsDPPipeSync(),
	gsDPSetCombineLERP(TEXEL0, 0, SHADE, TEXEL1, TEXEL0, 0, ENVIRONMENT, 0, TEXEL0, 0, SHADE, TEXEL1, TEXEL0, 0, ENVIRONMENT, 0),
	gsDPSetAlphaDither(G_AD_NOISE),
	gsSPTexture(65535, 65535, 0, 0, 1),
	gsDPSetTextureImage(G_IM_FMT_I, G_IM_SIZ_16b, 1, monteman_custom_mario_metal_wing_shade_i4),
	gsDPSetTile(G_IM_FMT_I, G_IM_SIZ_16b, 0, 0, 7, 0, G_TX_WRAP | G_TX_NOMIRROR, 0, 0, G_TX_WRAP | G_TX_NOMIRROR, 0, 0),
	gsDPLoadBlock(7, 0, 0, 511, 1024),
	gsDPSetTile(G_IM_FMT_I, G_IM_SIZ_4b, 2, 0, 0, 0, G_TX_CLAMP | G_TX_NOMIRROR, 6, 0, G_TX_CLAMP | G_TX_NOMIRROR, 5, 0),
	gsDPSetTileSize(0, 0, 0, 124, 252),
	gsDPSetTextureImage(G_IM_FMT_I, G_IM_SIZ_16b, 1, monteman_custom_mario_metal_wing_light_i4),
	gsDPSetTile(G_IM_FMT_I, G_IM_SIZ_16b, 0, 128, 6, 0, G_TX_WRAP | G_TX_NOMIRROR, 0, 0, G_TX_WRAP | G_TX_NOMIRROR, 0, 0),
	gsDPLoadBlock(6, 0, 0, 511, 1024),
	gsDPSetTile(G_IM_FMT_I, G_IM_SIZ_4b, 2, 128, 1, 0, G_TX_CLAMP | G_TX_NOMIRROR, 6, 0, G_TX_CLAMP | G_TX_NOMIRROR, 5, 0),
	gsDPSetTileSize(1, 0, 0, 124, 252),
	gsSPEndDisplayList(),
};

Gfx mat_revert_monteman_Metal_Wing_Base__METAL_[] = {
	gsSPSetGeometryMode(G_CULL_BACK),
	gsDPPipeSync(),
	gsDPSetAlphaDither(G_AD_DISABLE),
	gsSPEndDisplayList(),
};

Gfx mat_monteman_Metal_Wing_Tip__METAL_[] = {
	gsSPClearGeometryMode(G_CULL_BACK),
	gsSPSetLights1(monteman_Metal_Wing_Tip__METAL__lights),
	gsDPPipeSync(),
	gsDPSetCombineLERP(TEXEL0, 0, SHADE, TEXEL1, TEXEL0, 0, ENVIRONMENT, 0, TEXEL0, 0, SHADE, TEXEL1, TEXEL0, 0, ENVIRONMENT, 0),
	gsDPSetAlphaDither(G_AD_NOISE),
	gsSPTexture(65535, 65535, 0, 0, 1),
	gsDPSetTextureImage(G_IM_FMT_I, G_IM_SIZ_16b, 1, monteman_custom_mario_metal_wing_tip_shade_i4),
	gsDPSetTile(G_IM_FMT_I, G_IM_SIZ_16b, 0, 0, 7, 0, G_TX_WRAP | G_TX_NOMIRROR, 0, 0, G_TX_WRAP | G_TX_NOMIRROR, 0, 0),
	gsDPLoadBlock(7, 0, 0, 511, 1024),
	gsDPSetTile(G_IM_FMT_I, G_IM_SIZ_4b, 2, 0, 0, 0, G_TX_CLAMP | G_TX_NOMIRROR, 6, 0, G_TX_CLAMP | G_TX_NOMIRROR, 5, 0),
	gsDPSetTileSize(0, 0, 0, 124, 252),
	gsDPSetTextureImage(G_IM_FMT_I, G_IM_SIZ_16b, 1, monteman_custom_mario_metal_wing_tip_light_i4),
	gsDPSetTile(G_IM_FMT_I, G_IM_SIZ_16b, 0, 128, 6, 0, G_TX_WRAP | G_TX_NOMIRROR, 0, 0, G_TX_WRAP | G_TX_NOMIRROR, 0, 0),
	gsDPLoadBlock(6, 0, 0, 511, 1024),
	gsDPSetTile(G_IM_FMT_I, G_IM_SIZ_4b, 2, 128, 1, 0, G_TX_CLAMP | G_TX_NOMIRROR, 6, 0, G_TX_CLAMP | G_TX_NOMIRROR, 5, 0),
	gsDPSetTileSize(1, 0, 0, 124, 252),
	gsSPEndDisplayList(),
};

Gfx mat_revert_monteman_Metal_Wing_Tip__METAL_[] = {
	gsSPSetGeometryMode(G_CULL_BACK),
	gsDPPipeSync(),
	gsDPSetAlphaDither(G_AD_DISABLE),
	gsSPEndDisplayList(),
};

Gfx mat_monteman_Mouth_Open_layer1[] = {
	gsSPSetGeometryMode(G_FOG),
	gsSPSetLights1(monteman_Mouth_Open_layer1_lights),
	gsDPPipeSync(),
	gsDPSetCombineLERP(TEXEL0, 0, SHADE, 0, TEXEL0, 0, ENVIRONMENT, 0, 0, 0, 0, COMBINED, 0, 0, 0, COMBINED),
	gsDPSetAlphaDither(G_AD_NOISE),
	gsDPSetCycleType(G_CYC_2CYCLE),
	gsDPSetRenderMode(G_RM_NOOP, G_RM_AA_ZB_XLU_DECAL2),
	gsSPTexture(65535, 65535, 0, 0, 1),
	gsDPSetTextureImage(G_IM_FMT_RGBA, G_IM_SIZ_16b_LOAD_BLOCK, 1, monteman_object_mm_0009B0_Tex_ci8_tlut_gRunningManTLU1T_rgba16),
	gsDPSetTile(G_IM_FMT_RGBA, G_IM_SIZ_16b_LOAD_BLOCK, 0, 0, 7, 0, G_TX_WRAP | G_TX_NOMIRROR, 0, 0, G_TX_WRAP | G_TX_NOMIRROR, 0, 0),
	gsDPLoadBlock(7, 0, 0, 511, 256),
	gsDPSetTile(G_IM_FMT_RGBA, G_IM_SIZ_16b, 8, 0, 0, 0, G_TX_CLAMP | G_TX_NOMIRROR, 4, 0, G_TX_CLAMP | G_TX_NOMIRROR, 5, 0),
	gsDPSetTileSize(0, 0, 0, 124, 60),
	gsSPEndDisplayList(),
};

Gfx mat_revert_monteman_Mouth_Open_layer1[] = {
	gsSPClearGeometryMode(G_FOG),
	gsDPPipeSync(),
	gsDPSetAlphaDither(G_AD_DISABLE),
	gsDPSetCycleType(G_CYC_1CYCLE),
	gsDPSetRenderMode(G_RM_AA_ZB_OPA_SURF, G_RM_AA_ZB_OPA_SURF2),
	gsSPEndDisplayList(),
};

Gfx mat_monteman_Mouth_Open_layer2[] = {
	gsSPSetGeometryMode(G_FOG),
	gsSPSetLights1(monteman_Mouth_Open_layer2_lights),
	gsDPPipeSync(),
	gsDPSetCombineLERP(TEXEL0, 0, SHADE, 0, TEXEL0, 0, ENVIRONMENT, 0, 0, 0, 0, COMBINED, 0, 0, 0, COMBINED),
	gsDPSetAlphaDither(G_AD_NOISE),
	gsDPSetCycleType(G_CYC_2CYCLE),
	gsDPSetRenderMode(G_RM_NOOP, G_RM_AA_ZB_XLU_DECAL2),
	gsSPTexture(65535, 65535, 0, 0, 1),
	gsDPSetTextureImage(G_IM_FMT_RGBA, G_IM_SIZ_16b_LOAD_BLOCK, 1, monteman_object_mm_0009B0_Tex_ci8_tlut_gRunningManTLU1T_rgba16),
	gsDPSetTile(G_IM_FMT_RGBA, G_IM_SIZ_16b_LOAD_BLOCK, 0, 0, 7, 0, G_TX_WRAP | G_TX_NOMIRROR, 0, 0, G_TX_WRAP | G_TX_NOMIRROR, 0, 0),
	gsDPLoadBlock(7, 0, 0, 511, 256),
	gsDPSetTile(G_IM_FMT_RGBA, G_IM_SIZ_16b, 8, 0, 0, 0, G_TX_CLAMP | G_TX_NOMIRROR, 4, 0, G_TX_CLAMP | G_TX_NOMIRROR, 5, 0),
	gsDPSetTileSize(0, 0, 0, 124, 60),
	gsSPEndDisplayList(),
};

Gfx mat_revert_monteman_Mouth_Open_layer2[] = {
	gsSPClearGeometryMode(G_FOG),
	gsDPPipeSync(),
	gsDPSetAlphaDither(G_AD_DISABLE),
	gsDPSetCycleType(G_CYC_1CYCLE),
	gsDPSetRenderMode(G_RM_AA_ZB_OPA_DECAL, G_RM_AA_ZB_OPA_DECAL2),
	gsSPEndDisplayList(),
};

Gfx mat_monteman_Mouth_Open_layer4[] = {
	gsSPSetGeometryMode(G_FOG),
	gsSPSetLights1(monteman_Mouth_Open_layer4_lights),
	gsDPPipeSync(),
	gsDPSetCombineLERP(TEXEL0, 0, SHADE, 0, TEXEL0, 0, ENVIRONMENT, 0, 0, 0, 0, COMBINED, 0, 0, 0, COMBINED),
	gsDPSetAlphaDither(G_AD_NOISE),
	gsDPSetCycleType(G_CYC_2CYCLE),
	gsDPSetRenderMode(G_RM_NOOP, G_RM_AA_ZB_XLU_DECAL2),
	gsSPTexture(65535, 65535, 0, 0, 1),
	gsDPSetTextureImage(G_IM_FMT_RGBA, G_IM_SIZ_16b_LOAD_BLOCK, 1, monteman_object_mm_0009B0_Tex_ci8_tlut_gRunningManTLU1T_rgba16),
	gsDPSetTile(G_IM_FMT_RGBA, G_IM_SIZ_16b_LOAD_BLOCK, 0, 0, 7, 0, G_TX_WRAP | G_TX_NOMIRROR, 0, 0, G_TX_WRAP | G_TX_NOMIRROR, 0, 0),
	gsDPLoadBlock(7, 0, 0, 511, 256),
	gsDPSetTile(G_IM_FMT_RGBA, G_IM_SIZ_16b, 8, 0, 0, 0, G_TX_CLAMP | G_TX_NOMIRROR, 4, 0, G_TX_CLAMP | G_TX_NOMIRROR, 5, 0),
	gsDPSetTileSize(0, 0, 0, 124, 60),
	gsSPEndDisplayList(),
};

Gfx mat_revert_monteman_Mouth_Open_layer4[] = {
	gsSPClearGeometryMode(G_FOG),
	gsDPPipeSync(),
	gsDPSetAlphaDither(G_AD_DISABLE),
	gsDPSetCycleType(G_CYC_1CYCLE),
	gsDPSetRenderMode(G_RM_AA_ZB_TEX_EDGE, G_RM_AA_ZB_TEX_EDGE2),
	gsSPEndDisplayList(),
};

Gfx mat_monteman_Left_Eyes__SKIN_[] = {
	gsSPSetLights1(monteman_Left_Eyes__SKIN__lights),
	gsDPPipeSync(),
	gsDPSetCombineLERP(TEXEL0, SHADE, TEXEL0_ALPHA, SHADE, 0, 0, 0, ENVIRONMENT, TEXEL0, SHADE, TEXEL0_ALPHA, SHADE, 0, 0, 0, ENVIRONMENT),
	gsDPSetAlphaDither(G_AD_NOISE),
	gsSPTexture(65535, 65535, 0, 0, 1),
	gsDPSetTextureImage(G_IM_FMT_RGBA, G_IM_SIZ_16b_LOAD_BLOCK, 1, monteman_mario_eyes_left_unused_rgba16_rgba16),
	gsDPSetTile(G_IM_FMT_RGBA, G_IM_SIZ_16b_LOAD_BLOCK, 0, 0, 7, 0, G_TX_WRAP | G_TX_NOMIRROR, 0, 0, G_TX_WRAP | G_TX_NOMIRROR, 0, 0),
	gsDPLoadBlock(7, 0, 0, 1023, 256),
	gsDPSetTile(G_IM_FMT_RGBA, G_IM_SIZ_16b, 8, 0, 0, 0, G_TX_CLAMP | G_TX_NOMIRROR, 5, 0, G_TX_CLAMP | G_TX_NOMIRROR, 5, 0),
	gsDPSetTileSize(0, 0, 0, 124, 124),
	gsSPEndDisplayList(),
};

Gfx mat_revert_monteman_Left_Eyes__SKIN_[] = {
	gsDPPipeSync(),
	gsDPSetAlphaDither(G_AD_DISABLE),
	gsSPEndDisplayList(),
};

Gfx mat_monteman_Right_Eyes__SKIN_[] = {
	gsSPSetLights1(monteman_Right_Eyes__SKIN__lights),
	gsDPPipeSync(),
	gsDPSetCombineLERP(TEXEL0, SHADE, TEXEL0_ALPHA, SHADE, 0, 0, 0, ENVIRONMENT, TEXEL0, SHADE, TEXEL0_ALPHA, SHADE, 0, 0, 0, ENVIRONMENT),
	gsDPSetAlphaDither(G_AD_NOISE),
	gsSPTexture(65535, 65535, 0, 0, 1),
	gsDPSetTextureImage(G_IM_FMT_RGBA, G_IM_SIZ_16b_LOAD_BLOCK, 1, monteman_mario_eyes_right_unused_rgba16_rgba16),
	gsDPSetTile(G_IM_FMT_RGBA, G_IM_SIZ_16b_LOAD_BLOCK, 0, 0, 7, 0, G_TX_WRAP | G_TX_NOMIRROR, 0, 0, G_TX_WRAP | G_TX_NOMIRROR, 0, 0),
	gsDPLoadBlock(7, 0, 0, 1023, 256),
	gsDPSetTile(G_IM_FMT_RGBA, G_IM_SIZ_16b, 8, 0, 0, 0, G_TX_CLAMP | G_TX_NOMIRROR, 5, 0, G_TX_CLAMP | G_TX_NOMIRROR, 5, 0),
	gsDPSetTileSize(0, 0, 0, 124, 124),
	gsSPEndDisplayList(),
};

Gfx mat_revert_monteman_Right_Eyes__SKIN_[] = {
	gsDPPipeSync(),
	gsDPSetAlphaDither(G_AD_DISABLE),
	gsSPEndDisplayList(),
};

Gfx mat_monteman_Up_Eyes__SKIN_[] = {
	gsSPSetLights1(monteman_Up_Eyes__SKIN__lights),
	gsDPPipeSync(),
	gsDPSetCombineLERP(TEXEL0, SHADE, TEXEL0_ALPHA, SHADE, 0, 0, 0, ENVIRONMENT, TEXEL0, SHADE, TEXEL0_ALPHA, SHADE, 0, 0, 0, ENVIRONMENT),
	gsDPSetAlphaDither(G_AD_NOISE),
	gsSPTexture(65535, 65535, 0, 0, 1),
	gsDPSetTextureImage(G_IM_FMT_RGBA, G_IM_SIZ_16b_LOAD_BLOCK, 1, monteman_mario_eyes_up_unused_rgba16_rgba16),
	gsDPSetTile(G_IM_FMT_RGBA, G_IM_SIZ_16b_LOAD_BLOCK, 0, 0, 7, 0, G_TX_WRAP | G_TX_NOMIRROR, 0, 0, G_TX_WRAP | G_TX_NOMIRROR, 0, 0),
	gsDPLoadBlock(7, 0, 0, 1023, 256),
	gsDPSetTile(G_IM_FMT_RGBA, G_IM_SIZ_16b, 8, 0, 0, 0, G_TX_CLAMP | G_TX_NOMIRROR, 5, 0, G_TX_CLAMP | G_TX_NOMIRROR, 5, 0),
	gsDPSetTileSize(0, 0, 0, 124, 124),
	gsSPEndDisplayList(),
};

Gfx mat_revert_monteman_Up_Eyes__SKIN_[] = {
	gsDPPipeSync(),
	gsDPSetAlphaDither(G_AD_DISABLE),
	gsSPEndDisplayList(),
};

Gfx mat_monteman_Down_Eyes__SKIN_[] = {
	gsSPSetLights1(monteman_Down_Eyes__SKIN__lights),
	gsDPPipeSync(),
	gsDPSetCombineLERP(TEXEL0, SHADE, TEXEL0_ALPHA, SHADE, 0, 0, 0, ENVIRONMENT, TEXEL0, SHADE, TEXEL0_ALPHA, SHADE, 0, 0, 0, ENVIRONMENT),
	gsDPSetAlphaDither(G_AD_NOISE),
	gsSPTexture(65535, 65535, 0, 0, 1),
	gsDPSetTextureImage(G_IM_FMT_RGBA, G_IM_SIZ_16b_LOAD_BLOCK, 1, monteman_mario_eyes_down_unused_rgba16_rgba16),
	gsDPSetTile(G_IM_FMT_RGBA, G_IM_SIZ_16b_LOAD_BLOCK, 0, 0, 7, 0, G_TX_WRAP | G_TX_NOMIRROR, 0, 0, G_TX_WRAP | G_TX_NOMIRROR, 0, 0),
	gsDPLoadBlock(7, 0, 0, 1023, 256),
	gsDPSetTile(G_IM_FMT_RGBA, G_IM_SIZ_16b, 8, 0, 0, 0, G_TX_CLAMP | G_TX_NOMIRROR, 5, 0, G_TX_CLAMP | G_TX_NOMIRROR, 5, 0),
	gsDPSetTileSize(0, 0, 0, 124, 124),
	gsSPEndDisplayList(),
};

Gfx mat_revert_monteman_Down_Eyes__SKIN_[] = {
	gsDPPipeSync(),
	gsDPSetAlphaDither(G_AD_DISABLE),
	gsSPEndDisplayList(),
};

Gfx mat_monteman_f3dlite_material_003_layer1[] = {
	gsSPSetLights1(monteman_f3dlite_material_003_layer1_lights),
	gsDPPipeSync(),
	gsDPSetCombineLERP(TEXEL0_ALPHA, 0, SHADE, 0, 0, 0, 0, TEXEL0, TEXEL0, 0, COMBINED, 0, 0, 0, 0, COMBINED),
	gsDPSetAlphaDither(G_AD_NOISE),
	gsDPSetCycleType(G_CYC_2CYCLE),
	gsDPSetRenderMode(G_RM_NOOP, G_RM_AA_ZB_XLU_DECAL2),
	gsSPTexture(65535, 65535, 0, 0, 1),
	gsDPSetTextureImage(G_IM_FMT_IA, G_IM_SIZ_8b_LOAD_BLOCK, 1, monteman_mario_eyes_dead_rgba16_ia8),
	gsDPSetTile(G_IM_FMT_IA, G_IM_SIZ_8b_LOAD_BLOCK, 0, 0, 7, 0, G_TX_WRAP | G_TX_NOMIRROR, 0, 0, G_TX_WRAP | G_TX_NOMIRROR, 0, 0),
	gsDPLoadBlock(7, 0, 0, 127, 1024),
	gsDPSetTile(G_IM_FMT_IA, G_IM_SIZ_8b, 2, 0, 0, 0, G_TX_CLAMP | G_TX_NOMIRROR, 4, 0, G_TX_CLAMP | G_TX_NOMIRROR, 4, 0),
	gsDPSetTileSize(0, 0, 0, 60, 60),
	gsSPEndDisplayList(),
};

Gfx mat_revert_monteman_f3dlite_material_003_layer1[] = {
	gsDPPipeSync(),
	gsDPSetAlphaDither(G_AD_DISABLE),
	gsDPSetCycleType(G_CYC_1CYCLE),
	gsDPSetRenderMode(G_RM_AA_ZB_OPA_SURF, G_RM_AA_ZB_OPA_SURF2),
	gsSPEndDisplayList(),
};

Gfx mat_monteman_f3dlite_material_003_layer2[] = {
	gsSPSetLights1(monteman_f3dlite_material_003_layer2_lights),
	gsDPPipeSync(),
	gsDPSetCombineLERP(TEXEL0_ALPHA, 0, SHADE, 0, 0, 0, 0, TEXEL0, TEXEL0, 0, COMBINED, 0, 0, 0, 0, COMBINED),
	gsDPSetAlphaDither(G_AD_NOISE),
	gsDPSetCycleType(G_CYC_2CYCLE),
	gsDPSetRenderMode(G_RM_NOOP, G_RM_AA_ZB_XLU_DECAL2),
	gsSPTexture(65535, 65535, 0, 0, 1),
	gsDPSetTextureImage(G_IM_FMT_IA, G_IM_SIZ_8b_LOAD_BLOCK, 1, monteman_mario_eyes_dead_rgba16_ia8),
	gsDPSetTile(G_IM_FMT_IA, G_IM_SIZ_8b_LOAD_BLOCK, 0, 0, 7, 0, G_TX_WRAP | G_TX_NOMIRROR, 0, 0, G_TX_WRAP | G_TX_NOMIRROR, 0, 0),
	gsDPLoadBlock(7, 0, 0, 127, 1024),
	gsDPSetTile(G_IM_FMT_IA, G_IM_SIZ_8b, 2, 0, 0, 0, G_TX_CLAMP | G_TX_NOMIRROR, 4, 0, G_TX_CLAMP | G_TX_NOMIRROR, 4, 0),
	gsDPSetTileSize(0, 0, 0, 60, 60),
	gsSPEndDisplayList(),
};

Gfx mat_revert_monteman_f3dlite_material_003_layer2[] = {
	gsDPPipeSync(),
	gsDPSetAlphaDither(G_AD_DISABLE),
	gsDPSetCycleType(G_CYC_1CYCLE),
	gsDPSetRenderMode(G_RM_AA_ZB_OPA_DECAL, G_RM_AA_ZB_OPA_DECAL2),
	gsSPEndDisplayList(),
};

Gfx mat_monteman_f3dlite_material_003_layer4[] = {
	gsSPSetLights1(monteman_f3dlite_material_003_layer4_lights),
	gsDPPipeSync(),
	gsDPSetCombineLERP(TEXEL0_ALPHA, 0, SHADE, 0, 0, 0, 0, TEXEL0, TEXEL0, 0, COMBINED, 0, 0, 0, 0, COMBINED),
	gsDPSetAlphaDither(G_AD_NOISE),
	gsDPSetCycleType(G_CYC_2CYCLE),
	gsDPSetRenderMode(G_RM_NOOP, G_RM_AA_ZB_XLU_DECAL2),
	gsSPTexture(65535, 65535, 0, 0, 1),
	gsDPSetTextureImage(G_IM_FMT_IA, G_IM_SIZ_8b_LOAD_BLOCK, 1, monteman_mario_eyes_dead_rgba16_ia8),
	gsDPSetTile(G_IM_FMT_IA, G_IM_SIZ_8b_LOAD_BLOCK, 0, 0, 7, 0, G_TX_WRAP | G_TX_NOMIRROR, 0, 0, G_TX_WRAP | G_TX_NOMIRROR, 0, 0),
	gsDPLoadBlock(7, 0, 0, 127, 1024),
	gsDPSetTile(G_IM_FMT_IA, G_IM_SIZ_8b, 2, 0, 0, 0, G_TX_CLAMP | G_TX_NOMIRROR, 4, 0, G_TX_CLAMP | G_TX_NOMIRROR, 4, 0),
	gsDPSetTileSize(0, 0, 0, 60, 60),
	gsSPEndDisplayList(),
};

Gfx mat_revert_monteman_f3dlite_material_003_layer4[] = {
	gsDPPipeSync(),
	gsDPSetAlphaDither(G_AD_DISABLE),
	gsDPSetCycleType(G_CYC_1CYCLE),
	gsDPSetRenderMode(G_RM_AA_ZB_TEX_EDGE, G_RM_AA_ZB_TEX_EDGE2),
	gsSPEndDisplayList(),
};

Gfx mat_monteman_Half_Closed_Eyes__SKIN_[] = {
	gsSPSetLights1(monteman_Half_Closed_Eyes__SKIN__lights),
	gsDPPipeSync(),
	gsDPSetCombineLERP(TEXEL0, SHADE, TEXEL0_ALPHA, SHADE, 0, 0, 0, ENVIRONMENT, TEXEL0, SHADE, TEXEL0_ALPHA, SHADE, 0, 0, 0, ENVIRONMENT),
	gsDPSetAlphaDither(G_AD_NOISE),
	gsSPTexture(65535, 65535, 0, 0, 1),
	gsDPSetTextureImage(G_IM_FMT_RGBA, G_IM_SIZ_16b_LOAD_BLOCK, 1, monteman_mario_eyes_half_closed_rgba16_rgba16),
	gsDPSetTile(G_IM_FMT_RGBA, G_IM_SIZ_16b_LOAD_BLOCK, 0, 0, 7, 0, G_TX_WRAP | G_TX_NOMIRROR, 0, 0, G_TX_WRAP | G_TX_NOMIRROR, 0, 0),
	gsDPLoadBlock(7, 0, 0, 1023, 256),
	gsDPSetTile(G_IM_FMT_RGBA, G_IM_SIZ_16b, 8, 0, 0, 0, G_TX_CLAMP | G_TX_NOMIRROR, 5, 0, G_TX_CLAMP | G_TX_NOMIRROR, 5, 0),
	gsDPSetTileSize(0, 0, 0, 124, 124),
	gsSPEndDisplayList(),
};

Gfx mat_revert_monteman_Half_Closed_Eyes__SKIN_[] = {
	gsDPPipeSync(),
	gsDPSetAlphaDither(G_AD_DISABLE),
	gsSPEndDisplayList(),
};

Gfx mat_monteman_Closed_Eyes__SKIN_[] = {
	gsSPSetLights1(monteman_Closed_Eyes__SKIN__lights),
	gsDPPipeSync(),
	gsDPSetCombineLERP(TEXEL0, SHADE, TEXEL0_ALPHA, SHADE, 0, 0, 0, ENVIRONMENT, TEXEL0, SHADE, TEXEL0_ALPHA, SHADE, 0, 0, 0, ENVIRONMENT),
	gsDPSetAlphaDither(G_AD_NOISE),
	gsSPTexture(65535, 65535, 0, 0, 1),
	gsDPSetTextureImage(G_IM_FMT_RGBA, G_IM_SIZ_16b_LOAD_BLOCK, 1, monteman_mario_eyes_closed_rgba16_rgba16),
	gsDPSetTile(G_IM_FMT_RGBA, G_IM_SIZ_16b_LOAD_BLOCK, 0, 0, 7, 0, G_TX_WRAP | G_TX_NOMIRROR, 0, 0, G_TX_WRAP | G_TX_NOMIRROR, 0, 0),
	gsDPLoadBlock(7, 0, 0, 1023, 256),
	gsDPSetTile(G_IM_FMT_RGBA, G_IM_SIZ_16b, 8, 0, 0, 0, G_TX_CLAMP | G_TX_NOMIRROR, 5, 0, G_TX_CLAMP | G_TX_NOMIRROR, 5, 0),
	gsDPSetTileSize(0, 0, 0, 124, 124),
	gsSPEndDisplayList(),
};

Gfx mat_revert_monteman_Closed_Eyes__SKIN_[] = {
	gsDPPipeSync(),
	gsDPSetAlphaDither(G_AD_DISABLE),
	gsSPEndDisplayList(),
};

Gfx mat_monteman_Dead_Eyes__SKIN_[] = {
	gsSPSetLights1(monteman_Dead_Eyes__SKIN__lights),
	gsDPPipeSync(),
	gsDPSetCombineLERP(TEXEL0, SHADE, TEXEL0_ALPHA, SHADE, 0, 0, 0, ENVIRONMENT, TEXEL0, SHADE, TEXEL0_ALPHA, SHADE, 0, 0, 0, ENVIRONMENT),
	gsDPSetAlphaDither(G_AD_NOISE),
	gsSPTexture(65535, 65535, 0, 0, 1),
	gsDPSetTextureImage(G_IM_FMT_RGBA, G_IM_SIZ_16b_LOAD_BLOCK, 1, monteman_mario_eyes_dead_rgba16_rgba16),
	gsDPSetTile(G_IM_FMT_RGBA, G_IM_SIZ_16b_LOAD_BLOCK, 0, 0, 7, 0, G_TX_WRAP | G_TX_NOMIRROR, 0, 0, G_TX_WRAP | G_TX_NOMIRROR, 0, 0),
	gsDPLoadBlock(7, 0, 0, 1023, 256),
	gsDPSetTile(G_IM_FMT_RGBA, G_IM_SIZ_16b, 8, 0, 0, 0, G_TX_CLAMP | G_TX_NOMIRROR, 5, 0, G_TX_CLAMP | G_TX_NOMIRROR, 5, 0),
	gsDPSetTileSize(0, 0, 0, 124, 124),
	gsSPEndDisplayList(),
};

Gfx mat_revert_monteman_Dead_Eyes__SKIN_[] = {
	gsDPPipeSync(),
	gsDPSetAlphaDither(G_AD_DISABLE),
	gsSPEndDisplayList(),
};

Gfx mat_revert_monteman_Hairtest_layer5[] = {
	gsSPClearGeometryMode(G_FOG),
	gsDPPipeSync(),
	gsDPSetAlphaDither(G_AD_DISABLE),
	gsDPSetTextureLUT(G_TT_NONE),
	gsDPSetCycleType(G_CYC_1CYCLE),
	gsDPSetRenderMode(G_RM_AA_ZB_XLU_SURF, G_RM_AA_ZB_XLU_SURF2),
	gsSPEndDisplayList(),
};

Gfx mat_revert_monteman_Ear_layer5[] = {
	gsDPPipeSync(),
	gsDPSetAlphaDither(G_AD_DISABLE),
	gsDPSetCycleType(G_CYC_1CYCLE),
	gsDPSetRenderMode(G_RM_AA_ZB_XLU_SURF, G_RM_AA_ZB_XLU_SURF2),
	gsSPEndDisplayList(),
};

Gfx mat_revert_monteman_Eyes_layer5[] = {
	gsDPPipeSync(),
	gsDPSetAlphaDither(G_AD_DISABLE),
	gsDPSetCycleType(G_CYC_1CYCLE),
	gsDPSetRenderMode(G_RM_AA_ZB_XLU_SURF, G_RM_AA_ZB_XLU_SURF2),
	gsSPEndDisplayList(),
};

Gfx mat_revert_monteman_Mouth_layer5[] = {
	gsSPClearGeometryMode(G_FOG),
	gsDPPipeSync(),
	gsDPSetAlphaDither(G_AD_DISABLE),
	gsDPSetCycleType(G_CYC_1CYCLE),
	gsDPSetRenderMode(G_RM_AA_ZB_XLU_SURF, G_RM_AA_ZB_XLU_SURF2),
	gsSPEndDisplayList(),
};

Gfx mat_revert_monteman_Hair_Tuff_layer5[] = {
	gsDPPipeSync(),
	gsDPSetAlphaDither(G_AD_DISABLE),
	gsDPSetCycleType(G_CYC_1CYCLE),
	gsDPSetRenderMode(G_RM_AA_ZB_XLU_SURF, G_RM_AA_ZB_XLU_SURF2),
	gsSPEndDisplayList(),
};

Gfx mat_revert_monteman_Eyebrow_layer5[] = {
	gsDPPipeSync(),
	gsDPSetAlphaDither(G_AD_DISABLE),
	gsDPSetCycleType(G_CYC_1CYCLE),
	gsDPSetRenderMode(G_RM_AA_ZB_XLU_SURF, G_RM_AA_ZB_XLU_SURF2),
	gsSPEndDisplayList(),
};

Gfx mat_monteman_Mouth_Open_layer5[] = {
	gsSPSetGeometryMode(G_FOG),
	gsSPSetLights1(monteman_Mouth_Open_layer5_lights),
	gsDPPipeSync(),
	gsDPSetCombineLERP(TEXEL0, 0, SHADE, 0, TEXEL0, 0, ENVIRONMENT, 0, 0, 0, 0, COMBINED, 0, 0, 0, COMBINED),
	gsDPSetAlphaDither(G_AD_NOISE),
	gsDPSetCycleType(G_CYC_2CYCLE),
	gsDPSetRenderMode(G_RM_NOOP, G_RM_AA_ZB_XLU_DECAL2),
	gsSPTexture(65535, 65535, 0, 0, 1),
	gsDPSetTextureImage(G_IM_FMT_RGBA, G_IM_SIZ_16b_LOAD_BLOCK, 1, monteman_object_mm_0009B0_Tex_ci8_tlut_gRunningManTLU1T_rgba16),
	gsDPSetTile(G_IM_FMT_RGBA, G_IM_SIZ_16b_LOAD_BLOCK, 0, 0, 7, 0, G_TX_WRAP | G_TX_NOMIRROR, 0, 0, G_TX_WRAP | G_TX_NOMIRROR, 0, 0),
	gsDPLoadBlock(7, 0, 0, 511, 256),
	gsDPSetTile(G_IM_FMT_RGBA, G_IM_SIZ_16b, 8, 0, 0, 0, G_TX_CLAMP | G_TX_NOMIRROR, 4, 0, G_TX_CLAMP | G_TX_NOMIRROR, 5, 0),
	gsDPSetTileSize(0, 0, 0, 124, 60),
	gsSPEndDisplayList(),
};

Gfx mat_revert_monteman_Mouth_Open_layer5[] = {
	gsSPClearGeometryMode(G_FOG),
	gsDPPipeSync(),
	gsDPSetAlphaDither(G_AD_DISABLE),
	gsDPSetCycleType(G_CYC_1CYCLE),
	gsDPSetRenderMode(G_RM_AA_ZB_XLU_SURF, G_RM_AA_ZB_XLU_SURF2),
	gsSPEndDisplayList(),
};

Gfx mat_monteman_f3dlite_material_003_layer5[] = {
	gsSPSetLights1(monteman_f3dlite_material_003_layer5_lights),
	gsDPPipeSync(),
	gsDPSetCombineLERP(TEXEL0_ALPHA, 0, SHADE, 0, 0, 0, 0, TEXEL0, TEXEL0, 0, COMBINED, 0, 0, 0, 0, COMBINED),
	gsDPSetAlphaDither(G_AD_NOISE),
	gsDPSetCycleType(G_CYC_2CYCLE),
	gsDPSetRenderMode(G_RM_NOOP, G_RM_AA_ZB_XLU_DECAL2),
	gsSPTexture(65535, 65535, 0, 0, 1),
	gsDPSetTextureImage(G_IM_FMT_IA, G_IM_SIZ_8b_LOAD_BLOCK, 1, monteman_mario_eyes_dead_rgba16_ia8),
	gsDPSetTile(G_IM_FMT_IA, G_IM_SIZ_8b_LOAD_BLOCK, 0, 0, 7, 0, G_TX_WRAP | G_TX_NOMIRROR, 0, 0, G_TX_WRAP | G_TX_NOMIRROR, 0, 0),
	gsDPLoadBlock(7, 0, 0, 127, 1024),
	gsDPSetTile(G_IM_FMT_IA, G_IM_SIZ_8b, 2, 0, 0, 0, G_TX_CLAMP | G_TX_NOMIRROR, 4, 0, G_TX_CLAMP | G_TX_NOMIRROR, 4, 0),
	gsDPSetTileSize(0, 0, 0, 60, 60),
	gsSPEndDisplayList(),
};

Gfx mat_revert_monteman_f3dlite_material_003_layer5[] = {
	gsDPPipeSync(),
	gsDPSetAlphaDither(G_AD_DISABLE),
	gsDPSetCycleType(G_CYC_1CYCLE),
	gsDPSetRenderMode(G_RM_AA_ZB_XLU_SURF, G_RM_AA_ZB_XLU_SURF2),
	gsSPEndDisplayList(),
};

Gfx monteman_Butt_mesh_layer_1[] = {
	gsSPDisplayList(mat_monteman_Pants),
	gsSPDisplayList(monteman_Butt_mesh_layer_1_tri_0),
	gsSPDisplayList(mat_revert_monteman_Pants),
	gsSPEndDisplayList(),
};

Gfx monteman_Torso_mesh_layer_1[] = {
	gsSPDisplayList(mat_monteman_Skin),
	gsSPDisplayList(monteman_Torso_mesh_layer_1_tri_0),
	gsSPDisplayList(mat_revert_monteman_Skin),
	gsSPDisplayList(mat_monteman_Shirt),
	gsSPDisplayList(monteman_Torso_mesh_layer_1_tri_1),
	gsSPDisplayList(mat_revert_monteman_Shirt),
	gsSPEndDisplayList(),
};

Gfx monteman_Head_DL_mesh_layer_1[] = {
	gsSPDisplayList(mat_monteman_Hairtest_layer1),
	gsSPDisplayList(monteman_Head_DL_mesh_layer_1_tri_0),
	gsSPDisplayList(mat_revert_monteman_Hairtest_layer1),
	gsSPDisplayList(mat_monteman_Skin),
	gsSPDisplayList(monteman_Head_DL_mesh_layer_1_tri_1),
	gsSPDisplayList(mat_revert_monteman_Skin),
	gsSPDisplayList(mat_monteman_Leafs),
	gsSPDisplayList(monteman_Head_DL_mesh_layer_1_tri_2),
	gsSPDisplayList(mat_revert_monteman_Leafs),
	gsSPDisplayList(mat_monteman_Trunk),
	gsSPDisplayList(monteman_Head_DL_mesh_layer_1_tri_3),
	gsSPDisplayList(mat_revert_monteman_Trunk),
	gsSPDisplayList(mat_monteman_Mask),
	gsSPDisplayList(monteman_Head_DL_mesh_layer_1_tri_4),
	gsSPDisplayList(mat_revert_monteman_Mask),
	gsSPEndDisplayList(),
};

Gfx monteman_Head_DL_mesh_layer_1_opt_1[] = {
	gsSPDisplayList(mat_monteman_Hairtest_layer1),
	gsSPDisplayList(monteman_Head_DL_mesh_layer_1_tri_0),
	gsSPDisplayList(mat_revert_monteman_Hairtest_layer5),
	gsSPDisplayList(mat_monteman_Skin),
	gsSPDisplayList(monteman_Head_DL_mesh_layer_1_tri_1),
	gsSPDisplayList(mat_revert_monteman_Skin),
	gsSPDisplayList(mat_monteman_Leafs),
	gsSPDisplayList(monteman_Head_DL_mesh_layer_1_tri_2),
	gsSPDisplayList(mat_revert_monteman_Leafs),
	gsSPDisplayList(mat_monteman_Trunk),
	gsSPDisplayList(monteman_Head_DL_mesh_layer_1_tri_3),
	gsSPDisplayList(mat_revert_monteman_Trunk),
	gsSPDisplayList(mat_monteman_Mask),
	gsSPDisplayList(monteman_Head_DL_mesh_layer_1_tri_4),
	gsSPDisplayList(mat_revert_monteman_Mask),
	gsSPEndDisplayList(),
};

Gfx monteman_Head_DL_mesh_layer_2_opt_1_0[] = {
	gsSPDisplayList(mat_monteman_Ear_layer2),
	gsSPDisplayList(monteman_Head_DL_mesh_layer_2_tri_0),
	gsSPDisplayList(mat_revert_monteman_Ear_layer5),
	gsSPDisplayList(mat_monteman_Eyes_layer2),
	gsSPDisplayList(monteman_Head_DL_mesh_layer_2_tri_1),
	gsSPDisplayList(mat_revert_monteman_Eyes_layer5),
	gsSPDisplayList(mat_monteman_Mouth_layer2),
	gsSPDisplayList(monteman_Head_DL_mesh_layer_2_tri_2),
	gsSPDisplayList(mat_revert_monteman_Mouth_layer5),
	gsSPDisplayList(mat_monteman_Hair_Tuff_layer2),
	gsSPDisplayList(monteman_Head_DL_mesh_layer_2_tri_3),
	gsSPDisplayList(mat_revert_monteman_Hair_Tuff_layer5),
	gsSPDisplayList(mat_monteman_Eyebrow_layer2),
	gsSPDisplayList(monteman_Head_DL_mesh_layer_2_tri_4),
	gsSPDisplayList(mat_revert_monteman_Eyebrow_layer5),
	gsSPEndDisplayList(),
};

Gfx monteman_Head_DL_mesh_layer_2_opt_1_opt_1[] = {
	gsSPDisplayList(mat_monteman_Ear_layer2),
	gsSPDisplayList(monteman_Head_DL_mesh_layer_2_tri_0),
	gsSPDisplayList(mat_revert_monteman_Ear_layer5),
	gsSPDisplayList(mat_monteman_Eyes_layer2),
	gsSPDisplayList(monteman_Head_DL_mesh_layer_2_tri_1),
	gsSPDisplayList(mat_revert_monteman_Eyes_layer5),
	gsSPDisplayList(mat_monteman_Mouth_Open_layer5),
	gsSPDisplayList(monteman_Head_DL_mesh_layer_2_tri_2),
	gsSPDisplayList(mat_revert_monteman_Mouth_Open_layer5),
	gsSPDisplayList(mat_monteman_Hair_Tuff_layer2),
	gsSPDisplayList(monteman_Head_DL_mesh_layer_2_tri_3),
	gsSPDisplayList(mat_revert_monteman_Hair_Tuff_layer5),
	gsSPDisplayList(mat_monteman_Eyebrow_layer2),
	gsSPDisplayList(monteman_Head_DL_mesh_layer_2_tri_4),
	gsSPDisplayList(mat_revert_monteman_Eyebrow_layer5),
	gsSPEndDisplayList(),
};

Gfx monteman_Head_DL_mesh_layer_2_opt_1_opt_7[] = {
	gsSPDisplayList(mat_monteman_Ear_layer2),
	gsSPDisplayList(monteman_Head_DL_mesh_layer_2_tri_0),
	gsSPDisplayList(mat_revert_monteman_Ear_layer5),
	gsSPDisplayList(mat_monteman_f3dlite_material_003_layer5),
	gsSPDisplayList(monteman_Head_DL_mesh_layer_2_tri_1),
	gsSPDisplayList(mat_revert_monteman_f3dlite_material_003_layer5),
	gsSPDisplayList(mat_monteman_Mouth_layer2),
	gsSPDisplayList(monteman_Head_DL_mesh_layer_2_tri_2),
	gsSPDisplayList(mat_revert_monteman_Mouth_layer5),
	gsSPDisplayList(mat_monteman_Hair_Tuff_layer2),
	gsSPDisplayList(monteman_Head_DL_mesh_layer_2_tri_3),
	gsSPDisplayList(mat_revert_monteman_Hair_Tuff_layer5),
	gsSPDisplayList(mat_monteman_Eyebrow_layer2),
	gsSPDisplayList(monteman_Head_DL_mesh_layer_2_tri_4),
	gsSPDisplayList(mat_revert_monteman_Eyebrow_layer5),
	gsSPEndDisplayList(),
};

Gfx monteman_Head_DL_mesh_layer_2_with_layer_2_revert[] = {
	gsSPDisplayList(mat_monteman_Ear_layer2),
	gsSPDisplayList(monteman_Head_DL_mesh_layer_2_tri_0),
	gsSPDisplayList(mat_revert_monteman_Ear_layer2),
	gsSPDisplayList(mat_monteman_Eyes_layer2),
	gsSPDisplayList(monteman_Head_DL_mesh_layer_2_tri_1),
	gsSPDisplayList(mat_revert_monteman_Eyes_layer2),
	gsSPDisplayList(mat_monteman_Mouth_layer2),
	gsSPDisplayList(monteman_Head_DL_mesh_layer_2_tri_2),
	gsSPDisplayList(mat_revert_monteman_Mouth_layer2),
	gsSPDisplayList(mat_monteman_Hair_Tuff_layer2),
	gsSPDisplayList(monteman_Head_DL_mesh_layer_2_tri_3),
	gsSPDisplayList(mat_revert_monteman_Hair_Tuff_layer2),
	gsSPDisplayList(mat_monteman_Eyebrow_layer2),
	gsSPDisplayList(monteman_Head_DL_mesh_layer_2_tri_4),
	gsSPDisplayList(mat_revert_monteman_Eyebrow_layer2),
	gsDPPipeSync(),
	gsSPSetGeometryMode(G_LIGHTING),
	gsSPClearGeometryMode(G_TEXTURE_GEN),
	gsDPSetCombineLERP(0, 0, 0, SHADE, 0, 0, 0, ENVIRONMENT, 0, 0, 0, SHADE, 0, 0, 0, ENVIRONMENT),
	gsSPTexture(65535, 65535, 0, 0, 0),
	gsDPSetEnvColor(255, 255, 255, 255),
	gsDPSetAlphaCompare(G_AC_NONE),
	gsSPEndDisplayList(),
};

Gfx monteman_Head_DL_mesh_layer_2_opt_1_with_layer_2_revert[] = {
	gsSPDisplayList(mat_monteman_Ear_layer2),
	gsSPDisplayList(monteman_Head_DL_mesh_layer_2_tri_0),
	gsSPDisplayList(mat_revert_monteman_Ear_layer2),
	gsSPDisplayList(mat_monteman_Eyes_layer2),
	gsSPDisplayList(monteman_Head_DL_mesh_layer_2_tri_1),
	gsSPDisplayList(mat_revert_monteman_Eyes_layer2),
	gsSPDisplayList(mat_monteman_Mouth_Open_layer2),
	gsSPDisplayList(monteman_Head_DL_mesh_layer_2_tri_2),
	gsSPDisplayList(mat_revert_monteman_Mouth_Open_layer2),
	gsSPDisplayList(mat_monteman_Hair_Tuff_layer2),
	gsSPDisplayList(monteman_Head_DL_mesh_layer_2_tri_3),
	gsSPDisplayList(mat_revert_monteman_Hair_Tuff_layer2),
	gsSPDisplayList(mat_monteman_Eyebrow_layer2),
	gsSPDisplayList(monteman_Head_DL_mesh_layer_2_tri_4),
	gsSPDisplayList(mat_revert_monteman_Eyebrow_layer2),
	gsDPPipeSync(),
	gsSPSetGeometryMode(G_LIGHTING),
	gsSPClearGeometryMode(G_TEXTURE_GEN),
	gsDPSetCombineLERP(0, 0, 0, SHADE, 0, 0, 0, ENVIRONMENT, 0, 0, 0, SHADE, 0, 0, 0, ENVIRONMENT),
	gsSPTexture(65535, 65535, 0, 0, 0),
	gsDPSetEnvColor(255, 255, 255, 255),
	gsDPSetAlphaCompare(G_AC_NONE),
	gsSPEndDisplayList(),
};

Gfx monteman_Head_DL_mesh_layer_2_opt_7_with_layer_2_revert[] = {
	gsSPDisplayList(mat_monteman_Ear_layer2),
	gsSPDisplayList(monteman_Head_DL_mesh_layer_2_tri_0),
	gsSPDisplayList(mat_revert_monteman_Ear_layer2),
	gsSPDisplayList(mat_monteman_f3dlite_material_003_layer2),
	gsSPDisplayList(monteman_Head_DL_mesh_layer_2_tri_1),
	gsSPDisplayList(mat_revert_monteman_f3dlite_material_003_layer2),
	gsSPDisplayList(mat_monteman_Mouth_layer2),
	gsSPDisplayList(monteman_Head_DL_mesh_layer_2_tri_2),
	gsSPDisplayList(mat_revert_monteman_Mouth_layer2),
	gsSPDisplayList(mat_monteman_Hair_Tuff_layer2),
	gsSPDisplayList(monteman_Head_DL_mesh_layer_2_tri_3),
	gsSPDisplayList(mat_revert_monteman_Hair_Tuff_layer2),
	gsSPDisplayList(mat_monteman_Eyebrow_layer2),
	gsSPDisplayList(monteman_Head_DL_mesh_layer_2_tri_4),
	gsSPDisplayList(mat_revert_monteman_Eyebrow_layer2),
	gsDPPipeSync(),
	gsSPSetGeometryMode(G_LIGHTING),
	gsSPClearGeometryMode(G_TEXTURE_GEN),
	gsDPSetCombineLERP(0, 0, 0, SHADE, 0, 0, 0, ENVIRONMENT, 0, 0, 0, SHADE, 0, 0, 0, ENVIRONMENT),
	gsSPTexture(65535, 65535, 0, 0, 0),
	gsDPSetEnvColor(255, 255, 255, 255),
	gsDPSetAlphaCompare(G_AC_NONE),
	gsSPEndDisplayList(),
};

Gfx monteman_Head_DL_mesh_layer_4[] = {
	gsSPDisplayList(mat_monteman_Mask_Eye_Mask),
	gsSPDisplayList(monteman_Head_DL_mesh_layer_4_tri_0),
	gsSPDisplayList(mat_revert_monteman_Mask_Eye_Mask),
	gsSPEndDisplayList(),
};

Gfx monteman_Capless_Head_Switch_Option_Capless_Head_mesh_layer_1[] = {
	gsSPDisplayList(mat_monteman_Hairtest_layer1),
	gsSPDisplayList(monteman_Capless_Head_Switch_Option_Capless_Head_mesh_layer_1_tri_0),
	gsSPDisplayList(mat_revert_monteman_Hairtest_layer1),
	gsSPDisplayList(mat_monteman_Skin),
	gsSPDisplayList(monteman_Capless_Head_Switch_Option_Capless_Head_mesh_layer_1_tri_1),
	gsSPDisplayList(mat_revert_monteman_Skin),
	gsSPEndDisplayList(),
};

Gfx monteman_Capless_Head_Switch_Option_Capless_Head_mesh_layer_1_opt_1[] = {
	gsSPDisplayList(mat_monteman_Hairtest_layer1),
	gsSPDisplayList(monteman_Capless_Head_Switch_Option_Capless_Head_mesh_layer_1_tri_0),
	gsSPDisplayList(mat_revert_monteman_Hairtest_layer5),
	gsSPDisplayList(mat_monteman_Skin),
	gsSPDisplayList(monteman_Capless_Head_Switch_Option_Capless_Head_mesh_layer_1_tri_1),
	gsSPDisplayList(mat_revert_monteman_Skin),
	gsSPEndDisplayList(),
};

Gfx monteman_Capless_Head_Switch_Option_Capless_Head_mesh_layer_2[] = {
	gsSPDisplayList(mat_monteman_Ear_layer2),
	gsSPDisplayList(monteman_Capless_Head_Switch_Option_Capless_Head_mesh_layer_2_tri_0),
	gsSPDisplayList(mat_revert_monteman_Ear_layer2),
	gsSPDisplayList(mat_monteman_Eyes_layer2),
	gsSPDisplayList(monteman_Capless_Head_Switch_Option_Capless_Head_mesh_layer_2_tri_1),
	gsSPDisplayList(mat_revert_monteman_Eyes_layer2),
	gsSPDisplayList(mat_monteman_Mouth_layer2),
	gsSPDisplayList(monteman_Capless_Head_Switch_Option_Capless_Head_mesh_layer_2_tri_2),
	gsSPDisplayList(mat_revert_monteman_Mouth_layer2),
	gsSPDisplayList(mat_monteman_Hair_Tuff_layer2),
	gsSPDisplayList(monteman_Capless_Head_Switch_Option_Capless_Head_mesh_layer_2_tri_3),
	gsSPDisplayList(mat_revert_monteman_Hair_Tuff_layer2),
	gsSPDisplayList(mat_monteman_Eyebrow_layer2),
	gsSPDisplayList(monteman_Capless_Head_Switch_Option_Capless_Head_mesh_layer_2_tri_4),
	gsSPDisplayList(mat_revert_monteman_Eyebrow_layer2),
	gsSPEndDisplayList(),
};

Gfx monteman_Capless_Head_Switch_Option_Capless_Head_mesh_layer_2_opt_1[] = {
	gsSPDisplayList(mat_monteman_Ear_layer2),
	gsSPDisplayList(monteman_Capless_Head_Switch_Option_Capless_Head_mesh_layer_2_tri_0),
	gsSPDisplayList(mat_revert_monteman_Ear_layer5),
	gsSPDisplayList(mat_monteman_Eyes_layer2),
	gsSPDisplayList(monteman_Capless_Head_Switch_Option_Capless_Head_mesh_layer_2_tri_1),
	gsSPDisplayList(mat_revert_monteman_Eyes_layer5),
	gsSPDisplayList(mat_monteman_Mouth_layer2),
	gsSPDisplayList(monteman_Capless_Head_Switch_Option_Capless_Head_mesh_layer_2_tri_2),
	gsSPDisplayList(mat_revert_monteman_Mouth_layer5),
	gsSPDisplayList(mat_monteman_Hair_Tuff_layer2),
	gsSPDisplayList(monteman_Capless_Head_Switch_Option_Capless_Head_mesh_layer_2_tri_3),
	gsSPDisplayList(mat_revert_monteman_Hair_Tuff_layer5),
	gsSPDisplayList(mat_monteman_Eyebrow_layer2),
	gsSPDisplayList(monteman_Capless_Head_Switch_Option_Capless_Head_mesh_layer_2_tri_4),
	gsSPDisplayList(mat_revert_monteman_Eyebrow_layer5),
	gsSPEndDisplayList(),
};

Gfx monteman_Capless_Head_Switch_Option_Capless_Head_mesh_layer_2_with_layer_2_revert[] = {
	gsSPDisplayList(mat_monteman_Ear_layer2),
	gsSPDisplayList(monteman_Capless_Head_Switch_Option_Capless_Head_mesh_layer_2_tri_0),
	gsSPDisplayList(mat_revert_monteman_Ear_layer2),
	gsSPDisplayList(mat_monteman_Eyes_layer2),
	gsSPDisplayList(monteman_Capless_Head_Switch_Option_Capless_Head_mesh_layer_2_tri_1),
	gsSPDisplayList(mat_revert_monteman_Eyes_layer2),
	gsSPDisplayList(mat_monteman_Mouth_layer2),
	gsSPDisplayList(monteman_Capless_Head_Switch_Option_Capless_Head_mesh_layer_2_tri_2),
	gsSPDisplayList(mat_revert_monteman_Mouth_layer2),
	gsSPDisplayList(mat_monteman_Hair_Tuff_layer2),
	gsSPDisplayList(monteman_Capless_Head_Switch_Option_Capless_Head_mesh_layer_2_tri_3),
	gsSPDisplayList(mat_revert_monteman_Hair_Tuff_layer2),
	gsSPDisplayList(mat_monteman_Eyebrow_layer2),
	gsSPDisplayList(monteman_Capless_Head_Switch_Option_Capless_Head_mesh_layer_2_tri_4),
	gsSPDisplayList(mat_revert_monteman_Eyebrow_layer2),
	gsDPPipeSync(),
	gsSPSetGeometryMode(G_LIGHTING),
	gsSPClearGeometryMode(G_TEXTURE_GEN),
	gsDPSetCombineLERP(0, 0, 0, SHADE, 0, 0, 0, ENVIRONMENT, 0, 0, 0, SHADE, 0, 0, 0, ENVIRONMENT),
	gsSPTexture(65535, 65535, 0, 0, 0),
	gsDPSetEnvColor(255, 255, 255, 255),
	gsDPSetAlphaCompare(G_AC_NONE),
	gsSPEndDisplayList(),
};

Gfx monteman_Left_Wing_DL_mesh_layer_1[] = {
	gsSPDisplayList(mat_monteman_BunnyHood),
	gsSPDisplayList(monteman_Left_Wing_DL_mesh_layer_1_tri_0),
	gsSPDisplayList(mat_revert_monteman_BunnyHood),
	gsSPEndDisplayList(),
};

Gfx monteman_Test_DL_mesh_layer_1[] = {
	gsSPDisplayList(mat_monteman_BunnyHood),
	gsSPDisplayList(monteman_Test_DL_mesh_layer_1_tri_0),
	gsSPDisplayList(mat_revert_monteman_BunnyHood),
	gsSPEndDisplayList(),
};

Gfx monteman_Right_Wing_DL_mesh_layer_1[] = {
	gsSPDisplayList(mat_monteman_BunnyHood),
	gsSPDisplayList(monteman_Right_Wing_DL_mesh_layer_1_tri_0),
	gsSPDisplayList(mat_revert_monteman_BunnyHood),
	gsSPEndDisplayList(),
};

Gfx monteman_Left_Arm_Color_mesh_layer_1[] = {
	gsSPDisplayList(mat_monteman_Skin),
	gsSPDisplayList(monteman_Left_Arm_Color_mesh_layer_1_tri_0),
	gsSPDisplayList(mat_revert_monteman_Skin),
	gsSPEndDisplayList(),
};

Gfx monteman_Left_Forearm_mesh_layer_1[] = {
	gsSPDisplayList(mat_monteman_Skin),
	gsSPDisplayList(monteman_Left_Forearm_mesh_layer_1_tri_0),
	gsSPDisplayList(mat_revert_monteman_Skin),
	gsSPEndDisplayList(),
};

Gfx monteman_Left_Hand_DL_mesh_layer_1[] = {
	gsSPDisplayList(mat_monteman_Gloves),
	gsSPDisplayList(monteman_Left_Hand_DL_mesh_layer_1_tri_0),
	gsSPDisplayList(mat_revert_monteman_Gloves),
	gsSPEndDisplayList(),
};

Gfx monteman_Left_Hand_Open_Switch_Option_Left_Hand_Open_mesh_layer_1[] = {
	gsSPDisplayList(mat_monteman_Gloves),
	gsSPDisplayList(monteman_Left_Hand_Open_Switch_Option_Left_Hand_Open_mesh_layer_1_tri_0),
	gsSPDisplayList(mat_revert_monteman_Gloves),
	gsSPEndDisplayList(),
};

Gfx monteman_Right_Arm_Color_mesh_layer_1[] = {
	gsSPDisplayList(mat_monteman_Skin),
	gsSPDisplayList(monteman_Right_Arm_Color_mesh_layer_1_tri_0),
	gsSPDisplayList(mat_revert_monteman_Skin),
	gsSPEndDisplayList(),
};

Gfx monteman_Right_Forearm_mesh_layer_1[] = {
	gsSPDisplayList(mat_monteman_Skin),
	gsSPDisplayList(monteman_Right_Forearm_mesh_layer_1_tri_0),
	gsSPDisplayList(mat_revert_monteman_Skin),
	gsSPEndDisplayList(),
};

Gfx monteman_Right_Hand_DL_mesh_layer_1[] = {
	gsSPDisplayList(mat_monteman_Gloves),
	gsSPDisplayList(monteman_Right_Hand_DL_mesh_layer_1_tri_0),
	gsSPDisplayList(mat_revert_monteman_Gloves),
	gsSPEndDisplayList(),
};

Gfx monteman_Right_Hand_Open_Switch_Option_Right_Hand_Open_mesh_layer_1[] = {
	gsSPDisplayList(mat_monteman_Gloves),
	gsSPDisplayList(monteman_Right_Hand_Open_Switch_Option_Right_Hand_Open_mesh_layer_1_tri_0),
	gsSPDisplayList(mat_revert_monteman_Gloves),
	gsSPEndDisplayList(),
};

Gfx monteman_Right_Hand_Peace_Switch_Option_Right_Hand_Peace_mesh_layer_1[] = {
	gsSPDisplayList(mat_monteman_Gloves),
	gsSPDisplayList(monteman_Right_Hand_Peace_Switch_Option_Right_Hand_Peace_mesh_layer_1_tri_0),
	gsSPDisplayList(mat_revert_monteman_Gloves),
	gsSPEndDisplayList(),
};

Gfx monteman_Right_Hand_Cap_Switch_Option_Right_Hand_Cap_mesh_layer_1[] = {
	gsSPDisplayList(mat_monteman_Gloves),
	gsSPDisplayList(monteman_Right_Hand_Cap_Switch_Option_Right_Hand_Cap_mesh_layer_1_tri_0),
	gsSPDisplayList(mat_revert_monteman_Gloves),
	gsSPDisplayList(mat_monteman_Leafs),
	gsSPDisplayList(monteman_Right_Hand_Cap_Switch_Option_Right_Hand_Cap_mesh_layer_1_tri_1),
	gsSPDisplayList(mat_revert_monteman_Leafs),
	gsSPDisplayList(mat_monteman_Mask),
	gsSPDisplayList(monteman_Right_Hand_Cap_Switch_Option_Right_Hand_Cap_mesh_layer_1_tri_2),
	gsSPDisplayList(mat_revert_monteman_Mask),
	gsSPDisplayList(mat_monteman_Trunk),
	gsSPDisplayList(monteman_Right_Hand_Cap_Switch_Option_Right_Hand_Cap_mesh_layer_1_tri_3),
	gsSPDisplayList(mat_revert_monteman_Trunk),
	gsSPEndDisplayList(),
};

Gfx monteman_Right_Hand_Cap_Switch_Option_Right_Hand_Cap_mesh_layer_4[] = {
	gsSPDisplayList(mat_monteman_Mask_Eye_Mask),
	gsSPDisplayList(monteman_Right_Hand_Cap_Switch_Option_Right_Hand_Cap_mesh_layer_4_tri_0),
	gsSPDisplayList(mat_revert_monteman_Mask_Eye_Mask),
	gsSPEndDisplayList(),
};

Gfx monteman_Right_Hand_Wing_Cap_Swtich_Option_Right_Hand_Wing_Cap_mesh_layer_1[] = {
	gsSPDisplayList(mat_monteman_Gloves),
	gsSPDisplayList(monteman_Right_Hand_Wing_Cap_Swtich_Option_Right_Hand_Wing_Cap_mesh_layer_1_tri_0),
	gsSPDisplayList(mat_revert_monteman_Gloves),
	gsSPDisplayList(mat_monteman_Leafs),
	gsSPDisplayList(monteman_Right_Hand_Wing_Cap_Swtich_Option_Right_Hand_Wing_Cap_mesh_layer_1_tri_1),
	gsSPDisplayList(mat_revert_monteman_Leafs),
	gsSPDisplayList(mat_monteman_Mask),
	gsSPDisplayList(monteman_Right_Hand_Wing_Cap_Swtich_Option_Right_Hand_Wing_Cap_mesh_layer_1_tri_2),
	gsSPDisplayList(mat_revert_monteman_Mask),
	gsSPDisplayList(mat_monteman_Trunk),
	gsSPDisplayList(monteman_Right_Hand_Wing_Cap_Swtich_Option_Right_Hand_Wing_Cap_mesh_layer_1_tri_3),
	gsSPDisplayList(mat_revert_monteman_Trunk),
	gsSPDisplayList(mat_monteman_BunnyHood),
	gsSPDisplayList(monteman_Right_Hand_Wing_Cap_Swtich_Option_Right_Hand_Wing_Cap_mesh_layer_1_tri_4),
	gsSPDisplayList(mat_revert_monteman_BunnyHood),
	gsSPEndDisplayList(),
};

Gfx monteman_Right_Hand_Wing_Cap_Swtich_Option_Right_Hand_Wing_Cap_mesh_layer_4[] = {
	gsSPDisplayList(mat_monteman_Mask_Eye_Mask),
	gsSPDisplayList(monteman_Right_Hand_Wing_Cap_Swtich_Option_Right_Hand_Wing_Cap_mesh_layer_4_tri_0),
	gsSPDisplayList(mat_revert_monteman_Mask_Eye_Mask),
	gsSPEndDisplayList(),
};

Gfx monteman_Right_Hand_Wing_Cap_Swtich_Option_Right_Hand_Wing_Cap_mesh_layer_4_with_layer_4_revert[] = {
	gsSPDisplayList(mat_monteman_Mask_Eye_Mask),
	gsSPDisplayList(monteman_Right_Hand_Wing_Cap_Swtich_Option_Right_Hand_Wing_Cap_mesh_layer_4_tri_0),
	gsSPDisplayList(mat_revert_monteman_Mask_Eye_Mask),
	gsDPPipeSync(),
	gsSPSetGeometryMode(G_LIGHTING),
	gsSPClearGeometryMode(G_TEXTURE_GEN),
	gsDPSetCombineLERP(0, 0, 0, SHADE, 0, 0, 0, ENVIRONMENT, 0, 0, 0, SHADE, 0, 0, 0, ENVIRONMENT),
	gsSPTexture(65535, 65535, 0, 0, 0),
	gsDPSetEnvColor(255, 255, 255, 255),
	gsDPSetAlphaCompare(G_AC_NONE),
	gsSPEndDisplayList(),
};

Gfx monteman_Right_Hand_Wing_Cap_Swtich_Option_Wings_skinned_mesh_layer_1[] = {
	gsSPDisplayList(mat_monteman_Gloves),
	gsSPDisplayList(monteman_Right_Hand_Wing_Cap_Swtich_Option_Wings_skinned_mesh_layer_1_tri_0),
	gsSPDisplayList(mat_revert_monteman_Gloves),
	gsSPEndDisplayList(),
};

Gfx monteman_Right_Hand_Wing_Cap_Swtich_Option_Wings_mesh_layer_1[] = {
	gsSPDisplayList(mat_monteman_Gloves),
	gsSPDisplayList(monteman_Right_Hand_Wing_Cap_Swtich_Option_Wings_mesh_layer_1_tri_0),
	gsSPDisplayList(mat_revert_monteman_Gloves),
	gsSPDisplayList(mat_monteman_BunnyHood),
	gsSPDisplayList(monteman_Right_Hand_Wing_Cap_Swtich_Option_Wings_mesh_layer_1_tri_1),
	gsSPDisplayList(mat_revert_monteman_BunnyHood),
	gsSPEndDisplayList(),
};

Gfx monteman_Left_Thigh_Color_mesh_layer_1[] = {
	gsSPDisplayList(mat_monteman_Skin),
	gsSPDisplayList(monteman_Left_Thigh_Color_mesh_layer_1_tri_0),
	gsSPDisplayList(mat_revert_monteman_Skin),
	gsSPDisplayList(mat_monteman_Pants),
	gsSPDisplayList(monteman_Left_Thigh_Color_mesh_layer_1_tri_1),
	gsSPDisplayList(mat_revert_monteman_Pants),
	gsSPDisplayList(mat_monteman_Shadow),
	gsSPDisplayList(monteman_Left_Thigh_Color_mesh_layer_1_tri_2),
	gsSPDisplayList(mat_revert_monteman_Shadow),
	gsSPEndDisplayList(),
};

Gfx monteman_Left_Leg_mesh_layer_1[] = {
	gsSPDisplayList(mat_monteman_Skin),
	gsSPDisplayList(monteman_Left_Leg_mesh_layer_1_tri_0),
	gsSPDisplayList(mat_revert_monteman_Skin),
	gsSPEndDisplayList(),
};

Gfx monteman_Left_Shoe_mesh_layer_1[] = {
	gsSPDisplayList(mat_monteman_Shoes),
	gsSPDisplayList(monteman_Left_Shoe_mesh_layer_1_tri_0),
	gsSPDisplayList(mat_revert_monteman_Shoes),
	gsSPEndDisplayList(),
};

Gfx monteman_Right_Thigh_Color_mesh_layer_1[] = {
	gsSPDisplayList(mat_monteman_Skin),
	gsSPDisplayList(monteman_Right_Thigh_Color_mesh_layer_1_tri_0),
	gsSPDisplayList(mat_revert_monteman_Skin),
	gsSPDisplayList(mat_monteman_Pants),
	gsSPDisplayList(monteman_Right_Thigh_Color_mesh_layer_1_tri_1),
	gsSPDisplayList(mat_revert_monteman_Pants),
	gsSPDisplayList(mat_monteman_Shadow),
	gsSPDisplayList(monteman_Right_Thigh_Color_mesh_layer_1_tri_2),
	gsSPDisplayList(mat_revert_monteman_Shadow),
	gsSPEndDisplayList(),
};

Gfx monteman_Right_Leg_mesh_layer_1[] = {
	gsSPDisplayList(mat_monteman_Skin),
	gsSPDisplayList(monteman_Right_Leg_mesh_layer_1_tri_0),
	gsSPDisplayList(mat_revert_monteman_Skin),
	gsSPEndDisplayList(),
};

Gfx monteman_Right_Shoe_DL_mesh_layer_1_with_layer_1_revert[] = {
	gsSPDisplayList(mat_monteman_Shoes),
	gsSPDisplayList(monteman_Right_Shoe_DL_mesh_layer_1_tri_0),
	gsSPDisplayList(mat_revert_monteman_Shoes),
	gsDPPipeSync(),
	gsSPSetGeometryMode(G_LIGHTING),
	gsSPClearGeometryMode(G_TEXTURE_GEN),
	gsDPSetCombineLERP(0, 0, 0, SHADE, 0, 0, 0, ENVIRONMENT, 0, 0, 0, SHADE, 0, 0, 0, ENVIRONMENT),
	gsSPTexture(65535, 65535, 0, 0, 0),
	gsDPSetEnvColor(255, 255, 255, 255),
	gsDPSetAlphaCompare(G_AC_NONE),
	gsSPEndDisplayList(),
};

Gfx monteman_Right_Shoe_DL_mesh_layer_1_with_layer_5_revert[] = {
	gsSPDisplayList(mat_monteman_Shoes),
	gsSPDisplayList(monteman_Right_Shoe_DL_mesh_layer_1_tri_0),
	gsSPDisplayList(mat_revert_monteman_Shoes),
	gsDPPipeSync(),
	gsSPSetGeometryMode(G_LIGHTING),
	gsSPClearGeometryMode(G_TEXTURE_GEN),
	gsDPSetCombineLERP(0, 0, 0, SHADE, 0, 0, 0, ENVIRONMENT, 0, 0, 0, SHADE, 0, 0, 0, ENVIRONMENT),
	gsSPTexture(65535, 65535, 0, 0, 0),
	gsDPSetEnvColor(255, 255, 255, 255),
	gsDPSetAlphaCompare(G_AC_NONE),
	gsSPEndDisplayList(),
};

Gfx monteman_Metal_Mario_Switch_Option_Butt_mesh_layer_1[] = {
	gsSPDisplayList(mat_monteman_Monte_Metal),
	gsSPDisplayList(monteman_Metal_Mario_Switch_Option_Butt_mesh_layer_1_tri_0),
	gsSPDisplayList(mat_revert_monteman_Monte_Metal),
	gsSPEndDisplayList(),
};

Gfx monteman_Metal_Mario_Switch_Option_Torso_mesh_layer_1[] = {
	gsSPDisplayList(mat_monteman_Monte_Metal),
	gsSPDisplayList(monteman_Metal_Mario_Switch_Option_Torso_mesh_layer_1_tri_0),
	gsSPDisplayList(mat_revert_monteman_Monte_Metal),
	gsSPEndDisplayList(),
};

Gfx monteman_Metal_Mario_Switch_Option_Head_DL_mesh_layer_1[] = {
	gsSPDisplayList(mat_monteman_Monte_Metal),
	gsSPDisplayList(monteman_Metal_Mario_Switch_Option_Head_DL_mesh_layer_1_tri_0),
	gsSPDisplayList(mat_revert_monteman_Monte_Metal),
	gsSPEndDisplayList(),
};

Gfx monteman_Metal_Mario_Switch_Option_Capless_Head_Switch_Option_Capless_Head_mesh_layer_1[] = {
	gsSPDisplayList(mat_monteman_Monte_Metal),
	gsSPDisplayList(monteman_Metal_Mario_Switch_Option_Capless_Head_Switch_Option_Capless_Head_mesh_layer_1_tri_0),
	gsSPDisplayList(mat_revert_monteman_Monte_Metal),
	gsSPEndDisplayList(),
};

Gfx monteman_Metal_Mario_Switch_Option_Left_Wing_DL_mesh_layer_1[] = {
	gsSPDisplayList(mat_monteman_Monte_Metal),
	gsSPDisplayList(monteman_Metal_Mario_Switch_Option_Left_Wing_DL_mesh_layer_1_tri_0),
	gsSPDisplayList(mat_revert_monteman_Monte_Metal),
	gsSPEndDisplayList(),
};

Gfx monteman_Metal_Mario_Switch_Option_Test_DL_mesh_layer_1[] = {
	gsSPDisplayList(mat_monteman_Monte_Metal),
	gsSPDisplayList(monteman_Metal_Mario_Switch_Option_Test_DL_mesh_layer_1_tri_0),
	gsSPDisplayList(mat_revert_monteman_Monte_Metal),
	gsSPEndDisplayList(),
};

Gfx monteman_Metal_Mario_Switch_Option_Right_Wing_DL_mesh_layer_1[] = {
	gsSPDisplayList(mat_monteman_Monte_Metal),
	gsSPDisplayList(monteman_Metal_Mario_Switch_Option_Right_Wing_DL_mesh_layer_1_tri_0),
	gsSPDisplayList(mat_revert_monteman_Monte_Metal),
	gsSPEndDisplayList(),
};

Gfx monteman_Metal_Mario_Switch_Option_Left_Arm_Color_mesh_layer_1[] = {
	gsSPDisplayList(mat_monteman_Monte_Metal),
	gsSPDisplayList(monteman_Metal_Mario_Switch_Option_Left_Arm_Color_mesh_layer_1_tri_0),
	gsSPDisplayList(mat_revert_monteman_Monte_Metal),
	gsSPEndDisplayList(),
};

Gfx monteman_Metal_Mario_Switch_Option_Left_Forearm_mesh_layer_1[] = {
	gsSPDisplayList(mat_monteman_Monte_Metal),
	gsSPDisplayList(monteman_Metal_Mario_Switch_Option_Left_Forearm_mesh_layer_1_tri_0),
	gsSPDisplayList(mat_revert_monteman_Monte_Metal),
	gsSPEndDisplayList(),
};

Gfx monteman_Metal_Mario_Switch_Option_Left_Hand_DL_mesh_layer_1[] = {
	gsSPDisplayList(mat_monteman_Monte_Metal),
	gsSPDisplayList(monteman_Metal_Mario_Switch_Option_Left_Hand_DL_mesh_layer_1_tri_0),
	gsSPDisplayList(mat_revert_monteman_Monte_Metal),
	gsSPEndDisplayList(),
};

Gfx monteman_Metal_Mario_Switch_Option_Left_Hand_Open_Switch_Option_Left_Hand_Open_mesh_layer_1[] = {
	gsSPDisplayList(mat_monteman_Monte_Metal),
	gsSPDisplayList(monteman_Metal_Mario_Switch_Option_Left_Hand_Open_Switch_Option_Left_Hand_Open_mesh_layer_1_tri_0),
	gsSPDisplayList(mat_revert_monteman_Monte_Metal),
	gsSPEndDisplayList(),
};

Gfx monteman_Metal_Mario_Switch_Option_Right_Arm_Color_mesh_layer_1[] = {
	gsSPDisplayList(mat_monteman_Monte_Metal),
	gsSPDisplayList(monteman_Metal_Mario_Switch_Option_Right_Arm_Color_mesh_layer_1_tri_0),
	gsSPDisplayList(mat_revert_monteman_Monte_Metal),
	gsSPEndDisplayList(),
};

Gfx monteman_Metal_Mario_Switch_Option_Right_Forearm_mesh_layer_1[] = {
	gsSPDisplayList(mat_monteman_Monte_Metal),
	gsSPDisplayList(monteman_Metal_Mario_Switch_Option_Right_Forearm_mesh_layer_1_tri_0),
	gsSPDisplayList(mat_revert_monteman_Monte_Metal),
	gsSPEndDisplayList(),
};

Gfx monteman_Metal_Mario_Switch_Option_Right_Hand_DL_mesh_layer_1[] = {
	gsSPDisplayList(mat_monteman_Monte_Metal),
	gsSPDisplayList(monteman_Metal_Mario_Switch_Option_Right_Hand_DL_mesh_layer_1_tri_0),
	gsSPDisplayList(mat_revert_monteman_Monte_Metal),
	gsSPEndDisplayList(),
};

Gfx monteman_Metal_Mario_Switch_Option_Right_Hand_Open_Switch_Option_Right_Hand_Open_mesh_layer_1[] = {
	gsSPDisplayList(mat_monteman_Monte_Metal),
	gsSPDisplayList(monteman_Metal_Mario_Switch_Option_Right_Hand_Open_Switch_Option_Right_Hand_Open_mesh_layer_1_tri_0),
	gsSPDisplayList(mat_revert_monteman_Monte_Metal),
	gsSPEndDisplayList(),
};

Gfx monteman_Metal_Mario_Switch_Option_Right_Hand_Peace_Switch_Option_Right_Hand_Peace_mesh_layer_1[] = {
	gsSPDisplayList(mat_monteman_Monte_Metal),
	gsSPDisplayList(monteman_Metal_Mario_Switch_Option_Right_Hand_Peace_Switch_Option_Right_Hand_Peace_mesh_layer_1_tri_0),
	gsSPDisplayList(mat_revert_monteman_Monte_Metal),
	gsSPEndDisplayList(),
};

Gfx monteman_Metal_Mario_Switch_Option_Right_Hand_Cap_Switch_Option_Right_Hand_Cap_mesh_layer_1[] = {
	gsSPDisplayList(mat_monteman_Monte_Metal),
	gsSPDisplayList(monteman_Metal_Mario_Switch_Option_Right_Hand_Cap_Switch_Option_Right_Hand_Cap_mesh_layer_1_tri_0),
	gsSPDisplayList(mat_revert_monteman_Monte_Metal),
	gsSPEndDisplayList(),
};

Gfx monteman_Metal_Mario_Switch_Option_Right_Hand_Wing_Cap_Swtich_Option_Right_Hand_Wing_Cap_mesh_layer_1[] = {
	gsSPDisplayList(mat_monteman_Monte_Metal),
	gsSPDisplayList(monteman_Metal_Mario_Switch_Option_Right_Hand_Wing_Cap_Swtich_Option_Right_Hand_Wing_Cap_mesh_layer_1_tri_0),
	gsSPDisplayList(mat_revert_monteman_Monte_Metal),
	gsSPEndDisplayList(),
};

Gfx monteman_Metal_Mario_Switch_Option_Right_Hand_Wing_Cap_Swtich_Option_Wings_mesh_layer_4[] = {
	gsSPDisplayList(mat_monteman_Metal_Wing_Base__METAL_),
	gsSPDisplayList(monteman_Metal_Mario_Switch_Option_Right_Hand_Wing_Cap_Swtich_Option_Wings_mesh_layer_4_tri_0),
	gsSPDisplayList(mat_revert_monteman_Metal_Wing_Base__METAL_),
	gsSPDisplayList(mat_monteman_Metal_Wing_Tip__METAL_),
	gsSPDisplayList(monteman_Metal_Mario_Switch_Option_Right_Hand_Wing_Cap_Swtich_Option_Wings_mesh_layer_4_tri_1),
	gsSPDisplayList(mat_revert_monteman_Metal_Wing_Tip__METAL_),
	gsSPEndDisplayList(),
};

Gfx monteman_Metal_Mario_Switch_Option_Right_Hand_Wing_Cap_Swtich_Option_Wings_mesh_layer_4_with_layer_4_revert_with_layer_4_revert[] = {
	gsSPDisplayList(mat_monteman_Metal_Wing_Base__METAL_),
	gsSPDisplayList(monteman_Metal_Mario_Switch_Option_Right_Hand_Wing_Cap_Swtich_Option_Wings_mesh_layer_4_tri_0),
	gsSPDisplayList(mat_revert_monteman_Metal_Wing_Base__METAL_),
	gsSPDisplayList(mat_monteman_Metal_Wing_Tip__METAL_),
	gsSPDisplayList(monteman_Metal_Mario_Switch_Option_Right_Hand_Wing_Cap_Swtich_Option_Wings_mesh_layer_4_tri_1),
	gsSPDisplayList(mat_revert_monteman_Metal_Wing_Tip__METAL_),
	gsDPPipeSync(),
	gsSPSetGeometryMode(G_LIGHTING),
	gsSPClearGeometryMode(G_TEXTURE_GEN),
	gsDPSetCombineLERP(0, 0, 0, SHADE, 0, 0, 0, ENVIRONMENT, 0, 0, 0, SHADE, 0, 0, 0, ENVIRONMENT),
	gsSPTexture(65535, 65535, 0, 0, 0),
	gsDPSetEnvColor(255, 255, 255, 255),
	gsDPSetAlphaCompare(G_AC_NONE),
	gsDPPipeSync(),
	gsSPSetGeometryMode(G_LIGHTING),
	gsSPClearGeometryMode(G_TEXTURE_GEN),
	gsDPSetCombineLERP(0, 0, 0, SHADE, 0, 0, 0, ENVIRONMENT, 0, 0, 0, SHADE, 0, 0, 0, ENVIRONMENT),
	gsSPTexture(65535, 65535, 0, 0, 0),
	gsDPSetEnvColor(255, 255, 255, 255),
	gsDPSetAlphaCompare(G_AC_NONE),
	gsSPEndDisplayList(),
};

Gfx monteman_Metal_Mario_Switch_Option_Left_Thigh_Color_mesh_layer_1[] = {
	gsSPDisplayList(mat_monteman_Monte_Metal),
	gsSPDisplayList(monteman_Metal_Mario_Switch_Option_Left_Thigh_Color_mesh_layer_1_tri_0),
	gsSPDisplayList(mat_revert_monteman_Monte_Metal),
	gsSPEndDisplayList(),
};

Gfx monteman_Metal_Mario_Switch_Option_Left_Leg_mesh_layer_1[] = {
	gsSPDisplayList(mat_monteman_Monte_Metal),
	gsSPDisplayList(monteman_Metal_Mario_Switch_Option_Left_Leg_mesh_layer_1_tri_0),
	gsSPDisplayList(mat_revert_monteman_Monte_Metal),
	gsSPEndDisplayList(),
};

Gfx monteman_Metal_Mario_Switch_Option_Left_Shoe_mesh_layer_1[] = {
	gsSPDisplayList(mat_monteman_Monte_Metal),
	gsSPDisplayList(monteman_Metal_Mario_Switch_Option_Left_Shoe_mesh_layer_1_tri_0),
	gsSPDisplayList(mat_revert_monteman_Monte_Metal),
	gsSPEndDisplayList(),
};

Gfx monteman_Metal_Mario_Switch_Option_Right_Thigh_Color_mesh_layer_1[] = {
	gsSPDisplayList(mat_monteman_Monte_Metal),
	gsSPDisplayList(monteman_Metal_Mario_Switch_Option_Right_Thigh_Color_mesh_layer_1_tri_0),
	gsSPDisplayList(mat_revert_monteman_Monte_Metal),
	gsSPEndDisplayList(),
};

Gfx monteman_Metal_Mario_Switch_Option_Right_Leg_mesh_layer_1[] = {
	gsSPDisplayList(mat_monteman_Monte_Metal),
	gsSPDisplayList(monteman_Metal_Mario_Switch_Option_Right_Leg_mesh_layer_1_tri_0),
	gsSPDisplayList(mat_revert_monteman_Monte_Metal),
	gsSPEndDisplayList(),
};

Gfx monteman_Metal_Mario_Switch_Option_Right_Shoe_DL_mesh_layer_1[] = {
	gsSPDisplayList(mat_monteman_Monte_Metal),
	gsSPDisplayList(monteman_Metal_Mario_Switch_Option_Right_Shoe_DL_mesh_layer_1_tri_0),
	gsSPDisplayList(mat_revert_monteman_Monte_Metal),
	gsSPEndDisplayList(),
};

Gfx monteman_Metal_Mario_Switch_Option_Right_Shoe_DL_mesh_layer_1_with_layer_1_revert_with_layer_1_revert[] = {
	gsSPDisplayList(mat_monteman_Monte_Metal),
	gsSPDisplayList(monteman_Metal_Mario_Switch_Option_Right_Shoe_DL_mesh_layer_1_tri_0),
	gsSPDisplayList(mat_revert_monteman_Monte_Metal),
	gsDPPipeSync(),
	gsSPSetGeometryMode(G_LIGHTING),
	gsSPClearGeometryMode(G_TEXTURE_GEN),
	gsDPSetCombineLERP(0, 0, 0, SHADE, 0, 0, 0, ENVIRONMENT, 0, 0, 0, SHADE, 0, 0, 0, ENVIRONMENT),
	gsSPTexture(65535, 65535, 0, 0, 0),
	gsDPSetEnvColor(255, 255, 255, 255),
	gsDPSetAlphaCompare(G_AC_NONE),
	gsDPPipeSync(),
	gsSPSetGeometryMode(G_LIGHTING),
	gsSPClearGeometryMode(G_TEXTURE_GEN),
	gsDPSetCombineLERP(0, 0, 0, SHADE, 0, 0, 0, ENVIRONMENT, 0, 0, 0, SHADE, 0, 0, 0, ENVIRONMENT),
	gsSPTexture(65535, 65535, 0, 0, 0),
	gsDPSetEnvColor(255, 255, 255, 255),
	gsDPSetAlphaCompare(G_AC_NONE),
	gsSPEndDisplayList(),
};

Gfx monteman_Metal_Mario_Switch_Option_Right_Shoe_DL_mesh_layer_1_with_layer_5_revert_with_layer_5_revert[] = {
	gsSPDisplayList(mat_monteman_Monte_Metal),
	gsSPDisplayList(monteman_Metal_Mario_Switch_Option_Right_Shoe_DL_mesh_layer_1_tri_0),
	gsSPDisplayList(mat_revert_monteman_Monte_Metal),
	gsDPPipeSync(),
	gsSPSetGeometryMode(G_LIGHTING),
	gsSPClearGeometryMode(G_TEXTURE_GEN),
	gsDPSetCombineLERP(0, 0, 0, SHADE, 0, 0, 0, ENVIRONMENT, 0, 0, 0, SHADE, 0, 0, 0, ENVIRONMENT),
	gsSPTexture(65535, 65535, 0, 0, 0),
	gsDPSetEnvColor(255, 255, 255, 255),
	gsDPSetAlphaCompare(G_AC_NONE),
	gsDPPipeSync(),
	gsSPSetGeometryMode(G_LIGHTING),
	gsSPClearGeometryMode(G_TEXTURE_GEN),
	gsDPSetCombineLERP(0, 0, 0, SHADE, 0, 0, 0, ENVIRONMENT, 0, 0, 0, SHADE, 0, 0, 0, ENVIRONMENT),
	gsSPTexture(65535, 65535, 0, 0, 0),
	gsDPSetEnvColor(255, 255, 255, 255),
	gsDPSetAlphaCompare(G_AC_NONE),
	gsSPEndDisplayList(),
};

